{"id":"1480345541510","version":"1.0.3","workspace":true,"artboards":[{"x":0,"height":1080,"width":1080,"y":0,"fillColor":0,"items":[{"characterSpacing":0,"type":"Image","name":"0761b5c53873ca6e223337ba8fe0d910.jpeg","fontColor":0,"radiusTopLeft":0,"radiusTopRight":0,"fontSize":12,"radiusBottomLeft":0,"radiusBottomRight":0,"width":1620,"height":1080,"fillGradientOpacities":[1,1],"fillColor":0,"lineSpacing":0,"fillGradientColors":[0,0],"fillGradientRatios":[0,255],"borderColor":5855577,"borderOpacity":0,"fontOption":"Regular","borderThickness":1,"borderPosition":"Inside","textVerticalAlign":"top","x":-270,"y":0,"scaleX":1,"scaleY":1,"rotation":0,"fillOpacity":0,"blending":"Normal","opacity":100,"fillBlending":"Normal","textAlign":"Left","font":"Noto Sans","borderBlending":"Normal"},{"characterSpacing":0,"type":"Text","name":"Title","fontColor":10050350,"radiusTopLeft":0,"radiusTopRight":0,"fontSize":120,"radiusBottomLeft":0,"radiusBottomRight":0,"width":900,"height":160,"fillGradientOpacities":[1,1],"fillColor":16738816,"lineSpacing":0,"fillGradientColors":[0,0],"fillGradientRatios":[0,255],"borderColor":0,"borderOpacity":100,"fontOption":"Regular","borderThickness":1,"borderPosition":"Inside","textVerticalAlign":"top","x":90,"y":100,"scaleX":1,"scaleY":1,"rotation":0,"fillOpacity":100,"blending":"Normal","opacity":100,"fillBlending":"Normal","textAlign":"Center","font":"Nanum Barun Pen","borderBlending":"Normal"},{"characterSpacing":0,"type":"Text","name":"Description","fontColor":11760711,"radiusTopLeft":0,"radiusTopRight":0,"fontSize":72,"radiusBottomLeft":0,"radiusBottomRight":0,"width":900,"height":120,"fillGradientOpacities":[1,1],"fillColor":16738816,"lineSpacing":0,"fillGradientColors":[0,0],"fillGradientRatios":[0,255],"borderColor":0,"borderOpacity":100,"fontOption":"Regular","borderThickness":1,"borderPosition":"Inside","textVerticalAlign":"top","x":90,"y":300,"scaleX":1,"scaleY":1,"rotation":0,"fillOpacity":100,"blending":"Normal","opacity":100,"fillBlending":"Normal","textAlign":"Center","font":"Nanum Barun Pen","borderBlending":"Normal"},{"characterSpacing":0,"type":"Shape","name":"Rectangle","fontColor":0,"radiusTopLeft":0,"radiusTopRight":0,"fontSize":12,"radiusBottomLeft":0,"radiusBottomRight":0,"width":900,"height":3,"fillGradientOpacities":[1,1],"fillColor":11760711,"lineSpacing":0,"fillGradientColors":[0,0],"fillGradientRatios":[0,255],"borderColor":0,"borderOpacity":0,"fontOption":"Regular","borderThickness":1,"borderPosition":"Inside","textVerticalAlign":"top","x":90,"y":260,"scaleX":1,"scaleY":1,"rotation":0,"fillOpacity":100,"blending":"Normal","opacity":100,"fillBlending":"Normal","textAlign":"Left","font":"Noto Sans","borderBlending":"Normal"}],"name":"Tiny island","fillOpacity":100}],"description":"","name":"Tiny island"}