{
    "description": ""
    , "id": "1482061512563"
    , "version": "1.0.4"
    , "workspace": true
    , "artboards": [{
        "x": 0
        , "width": 1200
        , "height": 600
        , "y": 0
        , "name": "Flowers in hands"
        , "fillColor": 0
        , "items": [{
            "fillGradientOpacities": [1, 1]
            , "fillGradientColors": [0, 0]
            , "fillGradientRatios": [0, 255]
            , "borderColor": 5855577
            , "lineSpacing": 0
            , "fillColor": 16777215
            , "type": "Image"
            , "fontSize": 12
            , "fontColor": 0
            , "name": "31c5d017968af1e9b84a5aab6baa7974.jpeg"
            , "width": 1200
            , "characterSpacing": 0
            , "radiusTopLeft": 0
            , "radiusTopRight": 0
            , "height": 799
            , "radiusBottomLeft": 0
            , "radiusBottomRight": 0
            , "fillBlending": "Normal"
            , "textVerticalAlign": "Top"
            , "textAlign": "Left"
            , "x": 0
            , "borderBlending": "Normal"
            , "borderOpacity": 0
            , "y": -100
            , "borderThickness": 1
            , "scaleX": 1
            , "fontOption": "Regular"
            , "scaleY": 1
            , "fillOpacity": 0
            , "rotation": 0
            , "blending": "Normal"
            , "opacity": 50
            , "borderPosition": "Inside"
            , "font": "Noto Sans"
        }, {
            "fillGradientOpacities": [1, 1]
            , "fillGradientColors": [0, 0]
            , "fillGradientRatios": [0, 255]
            , "borderColor": 16777215
            , "lineSpacing": 0
            , "fillColor": 0
            , "type": "Shape"
            , "fontSize": 12
            , "fontColor": 0
            , "name": "Rectangle"
            , "width": 1200
            , "characterSpacing": 0
            , "radiusTopLeft": 0
            , "radiusTopRight": 0
            , "height": 600
            , "radiusBottomLeft": 0
            , "radiusBottomRight": 0
            , "fillBlending": "Normal"
            , "textVerticalAlign": "Top"
            , "textAlign": "Left"
            , "x": 0
            , "borderBlending": "Normal"
            , "borderOpacity": 100
            , "y": 0
            , "borderThickness": 10
            , "scaleX": 1
            , "fontOption": "Regular"
            , "scaleY": 1
            , "fillOpacity": 20
            , "rotation": 0
            , "blending": "Normal"
            , "opacity": 100
            , "borderPosition": "Inside"
            , "font": "Noto Sans"
        }, {
            "fillGradientOpacities": [1, 1]
            , "fillGradientColors": [0, 0]
            , "fillGradientRatios": [0, 255]
            , "borderColor": 0
            , "lineSpacing": 0.6
            , "fillColor": 0
            , "type": "Text"
            , "fontSize": 92
            , "fontColor": 16777215
            , "name": "Title"
            , "width": 800
            , "characterSpacing": 0
            , "radiusTopLeft": 0
            , "radiusTopRight": 0
            , "height": 120
            , "radiusBottomLeft": 0
            , "radiusBottomRight": 0
            , "fillBlending": "Normal"
            , "textVerticalAlign": "Middle"
            , "textAlign": "Center"
            , "x": 200
            , "borderBlending": "Normal"
            , "borderOpacity": 100
            , "y": 240
            , "borderThickness": 1
            , "scaleX": 1
            , "fontOption": "Regular"
            , "scaleY": 1
            , "fillOpacity": 100
            , "rotation": 0
            , "blending": "Normal"
            , "opacity": 100
            , "borderPosition": "Inside"
            , "font": "Rock Salt"
        }, {
            "fillGradientOpacities": [1, 1]
            , "fillGradientColors": [0, 0]
            , "fillGradientRatios": [0, 255]
            , "borderColor": 0
            , "lineSpacing": 0
            , "fillColor": 0
            , "type": "Text"
            , "fontSize": 48
            , "fontColor": 14011647
            , "name": "Description"
            , "width": 800
            , "characterSpacing": 0
            , "radiusTopLeft": 0
            , "radiusTopRight": 0
            , "height": 60
            , "radiusBottomLeft": 0
            , "radiusBottomRight": 0
            , "fillBlending": "Normal"
            , "textVerticalAlign": "Top"
            , "textAlign": "Center"
            , "x": 200
            , "borderBlending": "Normal"
            , "borderOpacity": 100
            , "y": 360
            , "borderThickness": 1
            , "scaleX": 1
            , "fontOption": "Regular"
            , "scaleY": 1
            , "fillOpacity": 100
            , "rotation": 0
            , "blending": "Normal"
            , "opacity": 100
            , "borderPosition": "Inside"
            , "font": "Permanent Marker"
        }]
        , "fillOpacity": 100
    }]
    , "name": "Flowers in hands"
}