{"name":"Let's surf","id":"1529300404598","version":"2.0.0","artboards":[{"x":0,"name":"Let's surf","y":0,"fillColor":0,"height":1440,"width":2560,"items":[{"fillColor":0,"type":"Image","fillGradientOpacities":[1,1],"fillGradientColors":[0,0],"fillGradientRatios":[0,255],"radiusTopLeft":0,"radiusTopRight":0,"radiusBottomLeft":0,"lineSpacing":0,"radiusBottomRight":0,"name":"7jSkK3DLmnM.jpg","borderColor":0,"fontSize":12,"width":2560,"fontColor":0,"height":3200,"characterSpacing":0,"opacity":100,"textAlign":"Left","fillBlending":"Normal","textDecoration":"none","fillOpacity":0,"borderBlending":"Normal","font":"Noto Sans","x":-2,"borderOpacity":0,"y":-740,"borderThickness":1,"scaleX":1,"rotation":0,"borderPosition":"Inside","fontOption":"Regular","scaleY":1,"textVerticalAlign":"Top","blending":"Normal","typographicCase":"default"},{"fillColor":0,"type":"Text","fillGradientOpacities":[1,1],"fillGradientColors":[0,0],"fillGradientRatios":[0,255],"radiusTopLeft":0,"radiusTopRight":0,"radiusBottomLeft":0,"lineSpacing":0,"radiusBottomRight":0,"name":"Channel name","borderColor":0,"fontSize":150,"width":1200,"fontColor":5256220,"height":190,"characterSpacing":0,"opacity":100,"textAlign":"Center","fillBlending":"Normal","textDecoration":"none","fillOpacity":100,"borderBlending":"Normal","font":"Racing Sans One","x":680,"borderOpacity":100,"y":110,"borderThickness":1,"scaleX":1,"rotation":0,"borderPosition":"Inside","fontOption":"Regular","scaleY":1,"textVerticalAlign":"Top","blending":"Normal","typographicCase":"default"},{"fillColor":0,"type":"Text","fillGradientOpacities":[1,1],"fillGradientColors":[0,0],"fillGradientRatios":[0,255],"radiusTopLeft":0,"radiusTopRight":0,"radiusBottomLeft":0,"lineSpacing":0,"radiusBottomRight":0,"name":"Channel description","borderColor":0,"fontSize":72,"width":1200,"fontColor":5256220,"height":100,"characterSpacing":0,"opacity":100,"textAlign":"Center","fillBlending":"Normal","textDecoration":"none","fillOpacity":100,"borderBlending":"Normal","font":"Kanit","x":680,"borderOpacity":100,"y":340,"borderThickness":1,"scaleX":1,"rotation":0,"borderPosition":"Inside","fontOption":"Regular Italic","scaleY":1,"textVerticalAlign":"Top","blending":"Normal","typographicCase":"default"},{"fillColor":5256477,"type":"Shape","fillGradientOpacities":[1,1],"fillGradientColors":[0,0],"fillGradientRatios":[0,255],"radiusTopLeft":0,"radiusTopRight":0,"radiusBottomLeft":0,"lineSpacing":0,"radiusBottomRight":0,"name":null,"borderColor":0,"fontSize":12,"width":600,"fontColor":0,"height":5,"characterSpacing":0,"opacity":100,"textAlign":"Left","fillBlending":"Normal","textDecoration":"none","fillOpacity":100,"borderBlending":"Normal","font":"Noto Sans","x":980,"borderOpacity":0,"y":310,"borderThickness":1,"scaleX":1,"rotation":0,"borderPosition":"Inside","fontOption":"Regular","scaleY":1,"textVerticalAlign":"Top","blending":"Normal","typographicCase":"default"}],"fillOpacity":100}],"workspace":true,"description":""}