{
    "id": "1480730004477",
    "version": "1.0.3",
    "workspace": true,
    "description": "",
    "name": "Night road",
    "artboards": [{
        "fillColor": 0,
        "x": 0,
        "width": 1500,
        "y": 0,
        "items": [{
            "fillColor": 0,
            "characterSpacing": 0,
            "radiusTopLeft": 0,
            "type": "Image",
            "radiusTopRight": 0,
            "radiusBottomLeft": 0,
            "name": "pdkfGLDxL7I.jpg",
            "radiusBottomRight": 0,
            "fillGradientOpacities": [1, 1],
            "fillGradientColors": [0, 0],
            "fillGradientRatios": [0, 255],
            "fontSize": 12,
            "width": 1500,
            "lineSpacing": 0,
            "height": 1998,
            "borderColor": 0,
            "fontColor": 0,
            "fontOption": "Regular",
            "blending": "Normal",
            "opacity": 100,
            "x": 0,
            "y": -479,
            "fillBlending": "Normal",
            "scaleX": 1,
            "rotation": 0,
            "scaleY": 1,
            "fillOpacity": 0,
            "borderPosition": "Inside",
            "textVerticalAlign": "top",
            "borderBlending": "Normal",
            "borderOpacity": 0,
            "borderThickness": 0,
            "textAlign": "Left",
            "font": "Noto Sans"
        }, {
            "fillColor": 16777215,
            "characterSpacing": 0,
            "radiusTopLeft": 0,
            "type": "Text",
            "radiusTopRight": 0,
            "radiusBottomLeft": 0,
            "name": "Title",
            "radiusBottomRight": 0,
            "fillGradientOpacities": [1, 1],
            "fillGradientColors": [0, 0],
            "fillGradientRatios": [0, 255],
            "fontSize": 80,
            "width": 720,
            "lineSpacing": 0,
            "height": 100,
            "borderColor": 0,
            "fontColor": 16777215,
            "fontOption": "Regular",
            "blending": "Normal",
            "opacity": 100,
            "x": 390,
            "y": 86,
            "fillBlending": "Normal",
            "scaleX": 1,
            "rotation": 0,
            "scaleY": 1,
            "fillOpacity": 100,
            "borderPosition": "Inside",
            "textVerticalAlign": "top",
            "borderBlending": "Normal",
            "borderOpacity": 100,
            "borderThickness": 1,
            "textAlign": "Center",
            "font": "Racing Sans One"
        }, {
            "fillColor": 16777215,
            "characterSpacing": 0,
            "radiusTopLeft": 0,
            "type": "Text",
            "radiusTopRight": 0,
            "radiusBottomLeft": 0,
            "name": "Description",
            "radiusBottomRight": 0,
            "fillGradientOpacities": [1, 1],
            "fillGradientColors": [0, 0],
            "fillGradientRatios": [0, 255],
            "fontSize": 40,
            "width": 720,
            "lineSpacing": 0,
            "height": 50,
            "borderColor": 0,
            "fontColor": 16777215,
            "fontOption": "Regular Italic",
            "blending": "Normal",
            "opacity": 100,
            "x": 390,
            "y": 220,
            "fillBlending": "Normal",
            "scaleX": 1,
            "rotation": 0,
            "scaleY": 1,
            "fillOpacity": 100,
            "borderPosition": "Inside",
            "textVerticalAlign": "top",
            "borderBlending": "Normal",
            "borderOpacity": 100,
            "borderThickness": 1,
            "textAlign": "Center",
            "font": "Kanit"
        }, {
            "fillColor": 16777215,
            "characterSpacing": 0,
            "radiusTopLeft": 0,
            "type": "Shape",
            "radiusTopRight": 0,
            "radiusBottomLeft": 0,
            "name": null,
            "radiusBottomRight": 0,
            "fillGradientOpacities": [1, 1],
            "fillGradientColors": [0, 0],
            "fillGradientRatios": [0, 255],
            "fontSize": 12,
            "width": 720,
            "lineSpacing": 0,
            "height": 2,
            "borderColor": 5855577,
            "fontColor": 0,
            "fontOption": "Regular",
            "blending": "Normal",
            "opacity": 100,
            "x": 390,
            "y": 200,
            "fillBlending": "Normal",
            "scaleX": 1,
            "rotation": 0,
            "scaleY": 1,
            "fillOpacity": 100,
            "borderPosition": "Inside",
            "textVerticalAlign": "top",
            "borderBlending": "Normal",
            "borderOpacity": 0,
            "borderThickness": 1,
            "textAlign": "Left",
            "font": "Noto Sans"
        }, {
            "fillColor": 16777215,
            "characterSpacing": 0,
            "radiusTopLeft": 0,
            "type": "Shape",
            "radiusTopRight": 0,
            "radiusBottomLeft": 0,
            "name": null,
            "radiusBottomRight": 0,
            "fillGradientOpacities": [1, 1],
            "fillGradientColors": [0, 0],
            "fillGradientRatios": [0, 255],
            "fontSize": 12,
            "width": 720,
            "lineSpacing": 0,
            "height": 2,
            "borderColor": 5855577,
            "fontColor": 0,
            "fontOption": "Regular",
            "blending": "Normal",
            "opacity": 100,
            "x": 390,
            "y": 80,
            "fillBlending": "Normal",
            "scaleX": 1,
            "rotation": 0,
            "scaleY": 1,
            "fillOpacity": 100,
            "borderPosition": "Inside",
            "textVerticalAlign": "top",
            "borderBlending": "Normal",
            "borderOpacity": 0,
            "borderThickness": 1,
            "textAlign": "Left",
            "font": "Noto Sans"
        }],
        "height": 500,
        "name": "Night road",
        "fillOpacity": 100
    }]
}
