{
    "id": "1592713628920",
    "version": "2020.6.21",
    "title": null,
    "description": "",
    "workspace": true,
    "artboards": [
        {
            "x": 0,
            "name": "Tiny island",
            "height": 1400,
            "y": 0,
            "width": 1400,
            "items": [
                {
                    "name": "K1YRblz-rD0.jpg",
                    "fontSize": 12,
                    "fillOpacity": 0,
                    "fillGradientColors": [
                        0,
                        0
                    ],
                    "fillGradientOpacities": [
                        1,
                        1
                    ],
                    "type": "Image",
                    "fillGradientRatios": [
                        0,
                        255
                    ],
                    "borderColor": 5855577,
                    "borderOpacity": 0,
                    "width": 2100,
                    "fontColor": 0,
                    "height": 1400,
                    "characterSpacing": 0,
                    "lineSpacing": 0,
                    "radiusTopLeft": 0,
                    "radiusTopRight": 0,
                    "radiusBottomLeft": 0,
                    "opacity": 1,
                    "radiusBottomRight": 0,
                    "fillColor": 0,
                    "fillBlending": "Normal",
                    "borderBlending": "Normal",
                    "borderThickness": 1,
                    "borderPosition": "Inside",
                    "fontOption": "Regular",
                    "x": -350,
                    "textVerticalAlign": "Top",
                    "y": 0,
                    "rotation": 0,
                    "typographicCase": "default",
                    "font": "Noto Sans",
                    "textAlign": "Left",
                    "textDecoration": "none",
                    "scaleX": 1,
                    "scaleY": 1,
                    "blending": "Normal"
                },
                {
                    "name": "Artist name",
                    "fontSize": 120,
                    "fillOpacity": 1,
                    "fillGradientColors": [
                        0,
                        0
                    ],
                    "fillGradientOpacities": [
                        1,
                        1
                    ],
                    "type": "Text",
                    "fillGradientRatios": [
                        0,
                        255
                    ],
                    "borderColor": 0,
                    "borderOpacity": 1,
                    "width": 1200,
                    "fontColor": 16777215,
                    "height": 160,
                    "characterSpacing": 0,
                    "lineSpacing": 0,
                    "radiusTopLeft": 0,
                    "radiusTopRight": 0,
                    "radiusBottomLeft": 0,
                    "opacity": 1,
                    "radiusBottomRight": 0,
                    "fillColor": 16738816,
                    "fillBlending": "Normal",
                    "borderBlending": "Normal",
                    "borderThickness": 1,
                    "borderPosition": "Inside",
                    "fontOption": "Regular",
                    "x": 100,
                    "textVerticalAlign": "Top",
                    "y": 151,
                    "rotation": 0,
                    "typographicCase": "default",
                    "font": "Nanum Barun Pen",
                    "textAlign": "Center",
                    "textDecoration": "none",
                    "scaleX": 1,
                    "scaleY": 1,
                    "blending": "Normal"
                },
                {
                    "name": "Album title",
                    "fontSize": 72,
                    "fillOpacity": 1,
                    "fillGradientColors": [
                        0,
                        0
                    ],
                    "fillGradientOpacities": [
                        1,
                        1
                    ],
                    "type": "Text",
                    "fillGradientRatios": [
                        0,
                        255
                    ],
                    "borderColor": 0,
                    "borderOpacity": 1,
                    "width": 1200,
                    "fontColor": 16777215,
                    "height": 120,
                    "characterSpacing": 0,
                    "lineSpacing": 0,
                    "radiusTopLeft": 0,
                    "radiusTopRight": 0,
                    "radiusBottomLeft": 0,
                    "opacity": 1,
                    "radiusBottomRight": 0,
                    "fillColor": 16738816,
                    "fillBlending": "Normal",
                    "borderBlending": "Normal",
                    "borderThickness": 1,
                    "borderPosition": "Inside",
                    "fontOption": "Regular",
                    "x": 100,
                    "textVerticalAlign": "Top",
                    "y": 352,
                    "rotation": 0,
                    "typographicCase": "default",
                    "font": "Nanum Barun Pen",
                    "textAlign": "Center",
                    "textDecoration": "none",
                    "scaleX": 1,
                    "scaleY": 1,
                    "blending": "Normal"
                },
                {
                    "name": "Rectangle",
                    "fontSize": 12,
                    "fillOpacity": 1,
                    "fillGradientColors": [
                        0,
                        0
                    ],
                    "fillGradientOpacities": [
                        1,
                        1
                    ],
                    "type": "Shape",
                    "fillGradientRatios": [
                        0,
                        255
                    ],
                    "borderColor": 0,
                    "borderOpacity": 0,
                    "width": 600,
                    "fontColor": 16777215,
                    "height": 2,
                    "characterSpacing": 0,
                    "lineSpacing": 0,
                    "radiusTopLeft": 0,
                    "radiusTopRight": 0,
                    "radiusBottomLeft": 0,
                    "opacity": 1,
                    "radiusBottomRight": 0,
                    "fillColor": 16777215,
                    "fillBlending": "Normal",
                    "borderBlending": "Normal",
                    "borderThickness": 1,
                    "borderPosition": "Inside",
                    "fontOption": "Regular",
                    "x": 400,
                    "textVerticalAlign": "Top",
                    "y": 312,
                    "rotation": 0,
                    "typographicCase": "default",
                    "font": "Noto Sans",
                    "textAlign": "Left",
                    "textDecoration": "none",
                    "scaleX": 1,
                    "scaleY": 1,
                    "blending": "Normal"
                }
            ],
            "fillOpacity": 1,
            "fillColor": 0
        }
    ]
}