{
    "id": "Night road"
    , "version": 0
    , "artboards": [{
        "x": 0
        , "y": 0
        , "fillColor": 0
        , "items": [{
            "type": "Image"
            , "name": "pdkfGLDxL7I.jpg"
            , "fontColor": 0
            , "lineSpacing": 0
            , "fontSize": 12
            , "fillGradientOpacities": [1, 1]
            , "characterSpacing": 0
            , "radiusTopLeft": 0
            , "radiusTopRight": 0
            , "width": 1400
            , "radiusBottomLeft": 0
            , "height": 1866
            , "fillGradientColors": [0, 0]
            , "fillColor": 0
            , "borderColor": 0
            , "radiusBottomRight": 0
            , "fillGradientRatios": [0, 255]
            , "borderBlending": "Normal"
            , "borderOpacity": 0
            , "borderPosition": "Inside"
            , "borderThickness": 0
            , "x": 0
            , "textVerticalAlign": "Top"
            , "y": 0
            , "scaleX": 1
            , "fillOpacity": 0
            , "scaleY": 1
            , "rotation": 0
            , "blending": "Normal"
            , "opacity": 100
            , "fillBlending": "Normal"
            , "fontOption": "Regular"
            , "textAlign": "Left"
            , "font": "Noto Sans"
        }, {
            "type": "Text"
            , "name": "Heading"
            , "fontColor": 16777215
            , "lineSpacing": 0
            , "fontSize": 150
            , "fillGradientOpacities": [1, 1]
            , "characterSpacing": 0
            , "radiusTopLeft": 0
            , "radiusTopRight": 0
            , "width": 1200
            , "radiusBottomLeft": 0
            , "height": 200
            , "fillGradientColors": [0, 0]
            , "fillColor": 16777215
            , "borderColor": 0
            , "radiusBottomRight": 0
            , "fillGradientRatios": [0, 255]
            , "borderBlending": "Normal"
            , "borderOpacity": 100
            , "borderPosition": "Inside"
            , "borderThickness": 1
            , "x": 100
            , "textVerticalAlign": "Top"
            , "y": 140
            , "scaleX": 1
            , "fillOpacity": 100
            , "scaleY": 1
            , "rotation": 0
            , "blending": "Normal"
            , "opacity": 100
            , "fillBlending": "Normal"
            , "fontOption": "Regular"
            , "textAlign": "Center"
            , "font": "Racing Sans One"
        }, {
            "type": "Text"
            , "name": "Subheading"
            , "fontColor": 16777215
            , "lineSpacing": 0
            , "fontSize": 72
            , "fillGradientOpacities": [1, 1]
            , "characterSpacing": 0
            , "radiusTopLeft": 0
            , "radiusTopRight": 0
            , "width": 1200
            , "radiusBottomLeft": 0
            , "height": 103
            , "fillGradientColors": [0, 0]
            , "fillColor": 16777215
            , "borderColor": 0
            , "radiusBottomRight": 0
            , "fillGradientRatios": [0, 255]
            , "borderBlending": "Normal"
            , "borderOpacity": 100
            , "borderPosition": "Inside"
            , "borderThickness": 1
            , "x": 100
            , "textVerticalAlign": "Top"
            , "y": 390
            , "scaleX": 1
            , "fillOpacity": 100
            , "scaleY": 1
            , "rotation": 0
            , "blending": "Normal"
            , "opacity": 100
            , "fillBlending": "Normal"
            , "fontOption": "Regular Italic"
            , "textAlign": "Center"
            , "font": "Kanit"
        }, {
            "type": "Shape"
            , "name": null
            , "fontColor": 0
            , "lineSpacing": 0
            , "fontSize": 12
            , "fillGradientOpacities": [1, 1]
            , "characterSpacing": 0
            , "radiusTopLeft": 0
            , "radiusTopRight": 0
            , "width": 1200
            , "radiusBottomLeft": 0
            , "height": 10
            , "fillGradientColors": [0, 0]
            , "fillColor": 16777215
            , "borderColor": 5855577
            , "radiusBottomRight": 0
            , "fillGradientRatios": [0, 255]
            , "borderBlending": "Normal"
            , "borderOpacity": 0
            , "borderPosition": "Inside"
            , "borderThickness": 1
            , "x": 100
            , "textVerticalAlign": "Top"
            , "y": 350
            , "scaleX": 1
            , "fillOpacity": 100
            , "scaleY": 1
            , "rotation": 0
            , "blending": "Normal"
            , "opacity": 100
            , "fillBlending": "Normal"
            , "fontOption": "Regular"
            , "textAlign": "Left"
            , "font": "Noto Sans"
        }, {
            "type": "Shape"
            , "name": null
            , "fontColor": 0
            , "lineSpacing": 0
            , "fontSize": 12
            , "fillGradientOpacities": [1, 1]
            , "characterSpacing": 0
            , "radiusTopLeft": 0
            , "radiusTopRight": 0
            , "width": 1200
            , "radiusBottomLeft": 0
            , "height": 10
            , "fillGradientColors": [0, 0]
            , "fillColor": 16777215
            , "borderColor": 5855577
            , "radiusBottomRight": 0
            , "fillGradientRatios": [0, 255]
            , "borderBlending": "Normal"
            , "borderOpacity": 0
            , "borderPosition": "Inside"
            , "borderThickness": 1
            , "x": 100
            , "textVerticalAlign": "Top"
            , "y": 120
            , "scaleX": 1
            , "fillOpacity": 100
            , "scaleY": 1
            , "rotation": 0
            , "blending": "Normal"
            , "opacity": 100
            , "fillBlending": "Normal"
            , "fontOption": "Regular"
            , "textAlign": "Left"
            , "font": "Noto Sans"
        }]
        , "height": 1400
        , "name": "Night road"
        , "width": 1400
        , "fillOpacity": 100
    }]
    , "description": ""
    , "workspace": true
    , "name": "Night road"
}