<?xml version="1.0" encoding ="utf-8"?>
<swc xmlns="http://www.adobe.com/flash/swccatalog/9">
  <versions>
    <swc version="1.2" />
    <flex version="4.15.0" build="20160104" minimumSupportedVersion="3.0.0" />
  </versions>
  <features>
    <feature-script-deps />
    <feature-files />
  </features>
  <libraries>
    <library path="library.swf">
      <script name="com/lazarecki/MacOSFullScreenANE" mod="1460623041000" signatureChecksum="2255200933" >
        <def id="com.lazarecki:MacOSFullScreenANE" /> 
        <dep id="flash.events:Event" type="e" /> 
        <dep id="flash.display:NativeWindow" type="e" /> 
        <dep id="trace" type="e" /> 
        <dep id="flash.events:KeyboardEvent" type="e" /> 
        <dep id="flash.display:NativeWindowDisplayState" type="e" /> 
        <dep id="flash.events:NativeWindowDisplayStateEvent" type="e" /> 
        <dep id="flash.external:ExtensionContext" type="e" /> 
        <dep id="Error" type="e" /> 
        <dep id="flash.desktop:NativeApplication" type="e" /> 
        <dep id="flash.events:Event" type="s" /> 
        <dep id="flash.display:NativeWindow" type="s" /> 
        <dep id="flash.events:KeyboardEvent" type="s" /> 
        <dep id="flash.events:NativeWindowDisplayStateEvent" type="s" /> 
        <dep id="flash.external:ExtensionContext" type="s" /> 
        <dep id="Error" type="s" /> 
        <dep id="flash.desktop:NativeApplication" type="s" /> 
        <dep id="AS3" type="n" /> 
        <dep id="Object" type="i" /> 
      </script>
      <script name="_5fc9d6d036ac2d701a83417b26818f42b68f0d7941b061f3bee40310e5d91683_flash_display_Sprite" mod="1460735093673" signatureChecksum="2413525253" >
        <def id="_5fc9d6d036ac2d701a83417b26818f42b68f0d7941b061f3bee40310e5d91683_flash_display_Sprite" /> 
        <dep id="flash.system:Security" type="e" /> 
        <dep id="AS3" type="n" /> 
        <dep id="flash.display:Sprite" type="i" /> 
      </script>
      <digests>
        <digest type="SHA-256" signed="false" value="25489fb4479c75e3e129fc444adc2b4b762567532b614bd5acc6adb1a9f9d92a"   />
      </digests>
    </library>
  </libraries>
  <files>
  </files>
</swc>
