{
    "artboards": [{
        "name": "Snowy village",
        "width": 1400,
        "y": 0,
        "fillColor": 0,
        "x": 0,
        "height": 1400,
        "items": [{
            "radiusBottomRight": 0,
            "fillGradientColors": [0, 0],
            "type": "Image",
            "fillGradientRatios": [0, 255],
            "characterSpacing": 0,
            "fontColor": 0,
            "lineSpacing": 0,
            "name": "fQdtnuap4O4.jpg",
            "borderColor": 5855577,
            "width": 2700,
            "height": 1800,
            "fontSize": 12,
            "fillColor": 0,
            "radiusTopLeft": 0,
            "fillGradientOpacities": [1, 1],
            "radiusTopRight": 0,
            "radiusBottomLeft": 0,
            "textAlign": "Left",
            "font": "Noto Sans",
            "textDecoration": "none",
            "fontOption": "Regular",
            "borderPosition": "Inside",
            "x": -650,
            "y": -190,
            "scaleX": 1,
            "scaleY": 1,
            "rotation": 0,
            "textVerticalAlign": "Top",
            "opacity": 100,
            "blending": "Normal",
            "borderBlending": "Normal",
            "borderOpacity": 0,
            "fillBlending": "Normal",
            "borderThickness": 1,
            "fillOpacity": 20,
            "typographicCase": "default"
        }, {
            "radiusBottomRight": 0,
            "fillGradientColors": [0, 0],
            "type": "Text",
            "fillGradientRatios": [0, 255],
            "characterSpacing": 0,
            "fontColor": 0,
            "lineSpacing": 0,
            "name": "Artist name",
            "borderColor": 0,
            "width": 1200,
            "height": 220,
            "fontSize": 168,
            "fillColor": 16777215,
            "radiusTopLeft": 0,
            "fillGradientOpacities": [1, 1],
            "radiusTopRight": 0,
            "radiusBottomLeft": 0,
            "textAlign": "Center",
            "font": "Lobster Two",
            "textDecoration": "none",
            "fontOption": "Bold Italic",
            "borderPosition": "Inside",
            "x": 118,
            "y": 200,
            "scaleX": 1,
            "scaleY": 1,
            "rotation": 0,
            "textVerticalAlign": "Top",
            "opacity": 100,
            "blending": "Overlay",
            "borderBlending": "Normal",
            "borderOpacity": 100,
            "fillBlending": "Normal",
            "borderThickness": 1,
            "fillOpacity": 100,
            "typographicCase": "default"
        }, {
            "radiusBottomRight": 0,
            "fillGradientColors": [0, 0],
            "type": "Text",
            "fillGradientRatios": [0, 255],
            "characterSpacing": 0,
            "fontColor": 0,
            "lineSpacing": 0,
            "name": "Album title",
            "borderColor": 0,
            "width": 1200,
            "height": 120,
            "fontSize": 80,
            "fillColor": 16777215,
            "radiusTopLeft": 0,
            "fillGradientOpacities": [1, 1],
            "radiusTopRight": 0,
            "radiusBottomLeft": 0,
            "textAlign": "Center",
            "font": "Lobster Two",
            "textDecoration": "none",
            "fontOption": "Regular",
            "borderPosition": "Inside",
            "x": 130,
            "y": 130,
            "scaleX": 1,
            "scaleY": 1,
            "rotation": 0,
            "textVerticalAlign": "Top",
            "opacity": 100,
            "blending": "Overlay",
            "borderBlending": "Normal",
            "borderOpacity": 100,
            "fillBlending": "Normal",
            "borderThickness": 1,
            "fillOpacity": 100,
            "typographicCase": "default"
        }],
        "fillOpacity": 100
    }],
    "name": "Snowy village",
    "id": "1528809114242",
    "version": "2.0.0",
    "workspace": true,
    "description": ""
}