{"id":"1529368286399","name":"To the mountain","workspace":true,"version":"2.0.0","artboards":[{"x":0,"name":"To the mountain","fillColor":0,"y":0,"height":1400,"width":1400,"items":[{"fillGradientOpacities":[1,1],"type":"Image","fillGradientColors":[0,0],"radiusTopLeft":0,"fillGradientRatios":[0,255],"radiusTopRight":0,"radiusBottomLeft":0,"radiusBottomRight":0,"lineSpacing":0,"fontColor":0,"name":"7wk0ja-DP_c.jpg","borderColor":0,"fontSize":12,"width":1400,"height":1751,"characterSpacing":0,"fillColor":0,"fillBlending":"Normal","fillOpacity":0,"textAlign":"Left","borderBlending":"Normal","font":"Noto Sans","borderOpacity":0,"borderThickness":1,"textDecoration":"none","x":0,"y":-177,"scaleX":1,"rotation":0,"scaleY":1,"fontOption":"Regular","borderPosition":"Inside","textVerticalAlign":"Top","blending":"Normal","opacity":50,"typographicCase":"default"},{"fillGradientOpacities":[1,1],"type":"Shape","fillGradientColors":[0,0],"radiusTopLeft":500,"fillGradientRatios":[0,255],"radiusTopRight":500,"radiusBottomLeft":500,"radiusBottomRight":500,"lineSpacing":0,"fontColor":0,"name":null,"borderColor":16777215,"fontSize":12,"width":1000,"height":1000,"characterSpacing":0,"fillColor":0,"fillBlending":"Normal","fillOpacity":0,"textAlign":"Left","borderBlending":"Normal","font":"Noto Sans","borderOpacity":100,"borderThickness":5,"textDecoration":"none","x":200,"y":200,"scaleX":1,"rotation":0,"scaleY":1,"fontOption":"Regular","borderPosition":"Inside","textVerticalAlign":"Top","blending":"Normal","opacity":100,"typographicCase":"default"},{"fillGradientOpacities":[1,1],"type":"Text","fillGradientColors":[0,0],"radiusTopLeft":0,"fillGradientRatios":[0,255],"radiusTopRight":0,"radiusBottomLeft":0,"radiusBottomRight":0,"lineSpacing":0,"fontColor":16777215,"name":"Artist name","borderColor":0,"fontSize":128,"width":1200,"height":160,"characterSpacing":0,"fillColor":16777215,"fillBlending":"Normal","fillOpacity":100,"textAlign":"Center","borderBlending":"Normal","font":"Arvo","borderOpacity":100,"borderThickness":1,"textDecoration":"none","x":100,"y":660,"scaleX":1,"rotation":0,"scaleY":1,"fontOption":"Bold Italic","borderPosition":"Inside","textVerticalAlign":"Top","blending":"Normal","opacity":100,"typographicCase":"default"},{"fillGradientOpacities":[1,1],"type":"Text","fillGradientColors":[0,0],"radiusTopLeft":0,"fillGradientRatios":[0,255],"radiusTopRight":0,"radiusBottomLeft":0,"radiusBottomRight":0,"lineSpacing":0,"fontColor":16777215,"name":"Album title","borderColor":0,"fontSize":72,"width":1200,"height":80,"characterSpacing":0,"fillColor":16777215,"fillBlending":"Normal","fillOpacity":100,"textAlign":"Center","borderBlending":"Normal","font":"Arvo","borderOpacity":100,"borderThickness":1,"textDecoration":"none","x":100,"y":560,"scaleX":1,"rotation":0,"scaleY":1,"fontOption":"Regular Italic","borderPosition":"Inside","textVerticalAlign":"Top","blending":"Normal","opacity":100,"typographicCase":"default"}],"fillOpacity":100}],"description":""}