{"id":"1480345076778","version":"1.0.3","artboards":[{"x":0,"height":1080,"y":0,"fillColor":0,"items":[{"type":"Image","fontColor":0,"name":"4eda603d2365ea2fb60f40a0ee03b856.jpeg","radiusTopRight":0,"radiusBottomLeft":0,"radiusBottomRight":0,"fontSize":12,"lineSpacing":0,"fillGradientOpacities":[1,1],"radiusTopLeft":0,"fillGradientColors":[0,0],"fillGradientRatios":[0,255],"height":1200,"width":1800,"fillColor":0,"borderColor":0,"characterSpacing":0,"textVerticalAlign":"top","x":-360,"blending":"Normal","opacity":100,"y":0,"fillBlending":"Normal","scaleX":1,"rotation":0,"fillOpacity":0,"scaleY":1,"fontOption":"Regular","textAlign":"Left","borderBlending":"Normal","borderOpacity":0,"borderThickness":1,"font":"Noto Sans","borderPosition":"Inside"},{"type":"Shape","fontColor":0,"name":null,"radiusTopRight":0,"radiusBottomLeft":0,"radiusBottomRight":0,"fontSize":12,"lineSpacing":0,"fillGradientOpacities":[1,1],"radiusTopLeft":0,"fillGradientColors":[0,0],"fillGradientRatios":[0,255],"height":192,"width":1000,"fillColor":0,"borderColor":0,"characterSpacing":0,"textVerticalAlign":"top","x":50,"blending":"Normal","opacity":100,"y":50,"fillBlending":"Normal","scaleX":1,"rotation":0,"fillOpacity":80,"scaleY":1,"fontOption":"Regular","textAlign":"Left","borderBlending":"Normal","borderOpacity":0,"borderThickness":1,"font":"Noto Sans","borderPosition":"Inside"},{"type":"Shape","fontColor":0,"name":null,"radiusTopRight":0,"radiusBottomLeft":0,"radiusBottomRight":0,"fontSize":12,"lineSpacing":0,"fillGradientOpacities":[1,1],"radiusTopLeft":0,"fillGradientColors":[0,0],"fillGradientRatios":[0,255],"height":130,"width":500,"fillColor":0,"borderColor":0,"characterSpacing":0,"textVerticalAlign":"top","x":50,"blending":"Normal","opacity":100,"y":280,"fillBlending":"Normal","scaleX":1,"rotation":0,"fillOpacity":80,"scaleY":1,"fontOption":"Regular","textAlign":"Left","borderBlending":"Normal","borderOpacity":0,"borderThickness":1,"font":"Noto Sans","borderPosition":"Inside"},{"type":"Text","fontColor":16738816,"name":"Description","radiusTopRight":0,"radiusBottomLeft":0,"radiusBottomRight":0,"fontSize":64,"lineSpacing":0,"fillGradientOpacities":[1,1],"radiusTopLeft":0,"fillGradientColors":[0,0],"fillGradientRatios":[0,255],"height":100,"width":900,"fillColor":16738816,"borderColor":0,"characterSpacing":0,"textVerticalAlign":"top","x":90,"blending":"Normal","opacity":100,"y":310,"fillBlending":"Normal","scaleX":1,"rotation":0,"fillOpacity":100,"scaleY":1,"fontOption":"Bold","textAlign":"Left","borderBlending":"Normal","borderOpacity":100,"borderThickness":1,"font":"Noto Sans","borderPosition":"Inside"},{"type":"Text","fontColor":16777215,"name":"Title","radiusTopRight":0,"radiusBottomLeft":0,"radiusBottomRight":0,"fontSize":112,"lineSpacing":0,"fillGradientOpacities":[1,1],"radiusTopLeft":0,"fillGradientColors":[0,0],"fillGradientRatios":[0,255],"height":200,"width":900,"fillColor":16777215,"borderColor":0,"characterSpacing":0,"textVerticalAlign":"top","x":90,"blending":"Normal","opacity":100,"y":70,"fillBlending":"Normal","scaleX":1,"rotation":0,"fillOpacity":100,"scaleY":1,"fontOption":"Regular","textAlign":"Left","borderBlending":"Normal","borderOpacity":100,"borderThickness":1,"font":"Alfa Slab One","borderPosition":"Inside"}],"name":"Dawn city","width":1080,"fillOpacity":100}],"description":"","workspace":true,"name":"Dawn city"}