{"description":"","id":"1482061588811","version":"1.0.4","workspace":true,"artboards":[{"x":0,"width":1200,"height":600,"y":0,"name":"Mic in the dark","fillColor":2572,"items":[{"fillGradientOpacities":[1,1],"fillGradientColors":[0,0],"fillGradientRatios":[0,255],"borderColor":5855577,"lineSpacing":0,"fillColor":5855577,"type":"Image","fontSize":12,"fontColor":0,"name":"008b9f02d7df4237794b825de4b1e15f.jpeg","width":666,"characterSpacing":0,"radiusTopLeft":0,"radiusTopRight":0,"height":500,"radiusBottomLeft":0,"radiusBottomRight":0,"fillBlending":"Normal","textVerticalAlign":"top","textAlign":"Left","x":40,"borderBlending":"Normal","borderOpacity":0,"y":100,"borderThickness":1,"scaleX":1,"fontOption":"Regular","scaleY":1,"fillOpacity":0,"rotation":0,"blending":"Normal","opacity":80,"borderPosition":"Inside","font":"Noto Sans"},{"fillGradientOpacities":[1,1],"fillGradientColors":[0,0],"fillGradientRatios":[0,255],"borderColor":0,"lineSpacing":0,"fillColor":16777215,"type":"Text","fontSize":80,"fontColor":16777215,"name":"Title","width":680,"characterSpacing":0,"radiusTopLeft":0,"radiusTopRight":0,"height":119,"radiusBottomLeft":0,"radiusBottomRight":0,"fillBlending":"Normal","textVerticalAlign":"top","textAlign":"Right","x":460,"borderBlending":"Normal","borderOpacity":100,"y":260,"borderThickness":1,"scaleX":1,"fontOption":"Bold","scaleY":1,"fillOpacity":100,"rotation":0,"blending":"Normal","opacity":100,"borderPosition":"Inside","font":"Peace Sans"},{"fillGradientOpacities":[1,1],"fillGradientColors":[0,0],"fillGradientRatios":[0,255],"borderColor":0,"lineSpacing":0,"fillColor":16777215,"type":"Text","fontSize":48,"fontColor":4023907,"name":"Description","width":680,"characterSpacing":0,"radiusTopLeft":0,"radiusTopRight":0,"height":70,"radiusBottomLeft":0,"radiusBottomRight":0,"fillBlending":"Normal","textVerticalAlign":"top","textAlign":"Right","x":460,"borderBlending":"Normal","borderOpacity":100,"y":200,"borderThickness":1,"scaleX":1,"fontOption":"Regular","scaleY":1,"fillOpacity":100,"rotation":0,"blending":"Normal","opacity":100,"borderPosition":"Inside","font":"Noto Sans"}],"fillOpacity":100}],"name":"Mic in the dark"}