{"description":"","id":"1482061026795","version":"1.0.4","artboards":[{"x":0,"height":600,"y":0,"items":[{"characterSpacing":0,"borderColor":5855577,"fillGradientOpacities":[1,1],"fillGradientColors":[0,0],"fillGradientRatios":[0,255],"type":"Image","fillColor":16777215,"fontSize":12,"name":"3a395734ecf6b761c0cb86224c7a2f95.jpeg","width":1200,"fontColor":0,"height":855,"radiusTopLeft":0,"lineSpacing":0,"radiusTopRight":0,"radiusBottomLeft":0,"radiusBottomRight":0,"textAlign":"Left","blending":"Normal","fontOption":"Regular","opacity":100,"borderPosition":"Inside","fillBlending":"Normal","textVerticalAlign":"top","x":0,"y":-128,"borderBlending":"Normal","borderOpacity":0,"scaleX":1,"scaleY":1,"borderThickness":1,"rotation":0,"fillOpacity":0,"font":"Noto Sans"},{"characterSpacing":0,"borderColor":0,"fillGradientOpacities":[1,1],"fillGradientColors":[0,0],"fillGradientRatios":[0,255],"type":"Shape","fillColor":16777215,"fontSize":12,"name":"Rectangle","width":1200,"fontColor":0,"height":200,"radiusTopLeft":0,"lineSpacing":0,"radiusTopRight":0,"radiusBottomLeft":0,"radiusBottomRight":0,"textAlign":"Left","blending":"Normal","fontOption":"Regular","opacity":100,"borderPosition":"Inside","fillBlending":"Normal","textVerticalAlign":"top","x":0,"y":0,"borderBlending":"Normal","borderOpacity":0,"scaleX":1,"scaleY":1,"borderThickness":0,"rotation":0,"fillOpacity":100,"font":"Noto Sans"},{"characterSpacing":0,"borderColor":0,"fillGradientOpacities":[1,1],"fillGradientColors":[0,0],"fillGradientRatios":[0,255],"type":"Text","fillColor":0,"fontSize":60,"name":"Description","width":600,"fontColor":4489254,"height":60,"radiusTopLeft":0,"lineSpacing":0,"radiusTopRight":0,"radiusBottomLeft":0,"radiusBottomRight":0,"textAlign":"Right","blending":"Normal","fontOption":"Regular","opacity":100,"borderPosition":"Inside","fillBlending":"Normal","textVerticalAlign":"top","x":570,"y":110,"borderBlending":"Normal","borderOpacity":100,"scaleX":1,"scaleY":1,"borderThickness":1,"rotation":0,"fillOpacity":100,"font":"Special Elite"},{"characterSpacing":0,"borderColor":0,"fillGradientOpacities":[1,1],"fillGradientColors":[0,0],"fillGradientRatios":[0,255],"type":"Text","fillColor":16777215,"fontSize":80,"name":"Title","width":600,"fontColor":1920264,"height":80,"radiusTopLeft":0,"lineSpacing":0,"radiusTopRight":0,"radiusBottomLeft":0,"radiusBottomRight":0,"textAlign":"Right","blending":"Normal","fontOption":"Regular","opacity":100,"borderPosition":"Inside","fillBlending":"Normal","textVerticalAlign":"top","x":570,"y":30,"borderBlending":"Normal","borderOpacity":100,"scaleX":1,"scaleY":1,"borderThickness":1,"rotation":0,"fillOpacity":100,"font":"Special Elite"}],"name":"Fallen leaves","fillColor":0,"width":1200,"fillOpacity":100}],"name":"Fallen leaves","workspace":true}