{"description":"","id":"1482061280363","version":"1.0.4","artboards":[{"x":0,"height":600,"y":0,"items":[{"characterSpacing":0,"borderColor":0,"fillGradientOpacities":[1,1],"fillGradientColors":[0,0],"fillGradientRatios":[0,255],"type":"Image","fillColor":0,"fontSize":12,"name":"f23c5157d382e635378c2a486ad106cf.jpeg","width":1200,"fontColor":0,"height":799,"radiusTopLeft":0,"lineSpacing":0,"radiusTopRight":0,"radiusBottomLeft":0,"radiusBottomRight":0,"textAlign":"Left","blending":"Normal","fontOption":"Regular","opacity":100,"borderPosition":"Inside","fillBlending":"Normal","textVerticalAlign":"top","x":0,"y":0,"borderBlending":"Normal","borderOpacity":0,"scaleX":1,"scaleY":1,"borderThickness":1,"rotation":0,"fillOpacity":0,"font":"Noto Sans"},{"characterSpacing":0,"borderColor":0,"fillGradientOpacities":[1,1],"fillGradientColors":[0,0],"fillGradientRatios":[0,255],"type":"Text","fillColor":16777215,"fontSize":96,"name":"Title","width":800,"fontColor":0,"height":100,"radiusTopLeft":0,"lineSpacing":0,"radiusTopRight":0,"radiusBottomLeft":0,"radiusBottomRight":0,"textAlign":"Center","blending":"Overlay","fontOption":"Regular Italic","opacity":100,"borderPosition":"Inside","fillBlending":"Normal","textVerticalAlign":"top","x":200,"y":160,"borderBlending":"Normal","borderOpacity":100,"scaleX":1,"scaleY":1,"borderThickness":1,"rotation":0,"fillOpacity":100,"font":"Josefin Sans"},{"characterSpacing":0,"borderColor":0,"fillGradientOpacities":[1,1],"fillGradientColors":[0,0],"fillGradientRatios":[0,255],"type":"Text","fillColor":16777215,"fontSize":60,"name":"Description","width":800,"fontColor":0,"height":80,"radiusTopLeft":0,"lineSpacing":0,"radiusTopRight":0,"radiusBottomLeft":0,"radiusBottomRight":0,"textAlign":"Center","blending":"Overlay","fontOption":"Regular Italic","opacity":100,"borderPosition":"Inside","fillBlending":"Normal","textVerticalAlign":"top","x":200,"y":80,"borderBlending":"Normal","borderOpacity":100,"scaleX":1,"scaleY":1,"borderThickness":1,"rotation":0,"fillOpacity":100,"font":"Josefin Sans"}],"name":"Bridge to the lake","fillColor":0,"width":1200,"fillOpacity":100}],"name":"Bridge to the lake","workspace":true}