{"id":"1480551087115","version":"1.0.3","artboards":[{"fillColor":0,"x":0,"y":0,"items":[{"lineSpacing":0,"characterSpacing":0,"type":"Image","name":"wxGwllldlIQ.jpg","fontColor":0,"radiusTopLeft":0,"fontSize":12,"radiusTopRight":0,"radiusBottomLeft":0,"radiusBottomRight":0,"width":851,"height":477,"borderColor":0,"fillColor":16777215,"fillGradientOpacities":[1,1],"fillGradientColors":[0,0],"fillGradientRatios":[0,255],"borderBlending":"Normal","borderOpacity":0,"borderPosition":"Inside","fontOption":"Regular","textVerticalAlign":"top","x":0,"borderThickness":1,"y":-50,"scaleY":1,"scaleX":1,"rotation":0,"blending":"Normal","opacity":90,"fillBlending":"Overlay","textAlign":"Left","fillOpacity":20,"font":"Noto Sans"},{"lineSpacing":0,"characterSpacing":0,"type":"Text","name":"Title","fontColor":2523256,"radiusTopLeft":0,"fontSize":48,"radiusTopRight":0,"radiusBottomLeft":0,"radiusBottomRight":0,"width":760,"height":64,"borderColor":0,"fillColor":0,"fillGradientOpacities":[1,1],"fillGradientColors":[0,0],"fillGradientRatios":[0,255],"borderBlending":"Normal","borderOpacity":100,"borderPosition":"Inside","fontOption":"Regular","textVerticalAlign":"top","x":45,"borderThickness":1,"y":100,"scaleY":1,"scaleX":1,"rotation":0,"blending":"Normal","opacity":100,"fillBlending":"Normal","textAlign":"Center","fillOpacity":100,"font":"Rock Salt"},{"lineSpacing":0,"characterSpacing":0,"type":"Text","name":"Description","fontColor":16777215,"radiusTopLeft":0,"fontSize":28,"radiusTopRight":0,"radiusBottomLeft":0,"radiusBottomRight":0,"width":760,"height":48,"borderColor":0,"fillColor":0,"fillGradientOpacities":[1,1],"fillGradientColors":[0,0],"fillGradientRatios":[0,255],"borderBlending":"Normal","borderOpacity":100,"borderPosition":"Inside","fontOption":"Regular","textVerticalAlign":"top","x":45,"borderThickness":1,"y":260,"scaleY":1,"scaleX":1,"rotation":0,"blending":"Normal","opacity":100,"fillBlending":"Normal","textAlign":"Center","fillOpacity":100,"font":"Noto Sans"}],"height":315,"name":"Sandy beach","width":851,"fillOpacity":100}],"workspace":true,"description":"","name":"Sandy beach"}