{
    "id": "1480345535248",
    "version": "1.0.3",
    "workspace": true,
    "artboards": [{
        "x": 0,
        "height": 1080,
        "width": 1080,
        "y": 0,
        "fillColor": 0,
        "items": [{
            "characterSpacing": 0,
            "type": "Image",
            "name": "fQdtnuap4O4.jpg",
            "fontColor": 0,
            "radiusTopLeft": 0,
            "radiusTopRight": 0,
            "fontSize": 12,
            "radiusBottomLeft": 0,
            "radiusBottomRight": 0,
            "width": 1920,
            "height": 1280,
            "fillGradientOpacities": [1, 1],
            "fillColor": 0,
            "lineSpacing": 0,
            "fillGradientColors": [0, 0],
            "fillGradientRatios": [0, 255],
            "borderColor": 5855577,
            "borderOpacity": 0,
            "fontOption": "Regular",
            "borderThickness": 1,
            "borderPosition": "Inside",
            "textVerticalAlign": "top",
            "x": -420,
            "y": 0,
            "scaleX": 1,
            "scaleY": 1,
            "rotation": 0,
            "fillOpacity": 20,
            "blending": "Normal",
            "opacity": 100,
            "fillBlending": "Normal",
            "textAlign": "Left",
            "font": "Noto Sans",
            "borderBlending": "Normal"
        }, {
            "characterSpacing": 0,
            "type": "Text",
            "name": "Title",
            "fontColor": 0,
            "radiusTopLeft": 0,
            "radiusTopRight": 0,
            "fontSize": 168,
            "radiusBottomLeft": 0,
            "radiusBottomRight": 0,
            "width": 1080,
            "height": 220,
            "fillGradientOpacities": [1, 1],
            "fillColor": 16777215,
            "lineSpacing": 0,
            "fillGradientColors": [0, 0],
            "fillGradientRatios": [0, 255],
            "borderColor": 0,
            "borderOpacity": 100,
            "fontOption": "Bold Italic",
            "borderThickness": 1,
            "borderPosition": "Inside",
            "textVerticalAlign": "top",
            "x": 0,
            "y": 160,
            "scaleX": 1,
            "scaleY": 1,
            "rotation": 0,
            "fillOpacity": 100,
            "blending": "Overlay",
            "opacity": 100,
            "fillBlending": "Normal",
            "textAlign": "Center",
            "font": "Lobster Two",
            "borderBlending": "Normal"
        }, {
            "characterSpacing": 0,
            "type": "Text",
            "name": "Description",
            "fontColor": 0,
            "radiusTopLeft": 0,
            "radiusTopRight": 0,
            "fontSize": 80,
            "radiusBottomLeft": 0,
            "radiusBottomRight": 0,
            "width": 1080,
            "height": 120,
            "fillGradientOpacities": [1, 1],
            "fillColor": 16777215,
            "lineSpacing": 0,
            "fillGradientColors": [0, 0],
            "fillGradientRatios": [0, 255],
            "borderColor": 0,
            "borderOpacity": 100,
            "fontOption": "Regular",
            "borderThickness": 1,
            "borderPosition": "Inside",
            "textVerticalAlign": "top",
            "x": 0,
            "y": 80,
            "scaleX": 1,
            "scaleY": 1,
            "rotation": 0,
            "fillOpacity": 100,
            "blending": "Overlay",
            "opacity": 100,
            "fillBlending": "Normal",
            "textAlign": "Center",
            "font": "Lobster Two",
            "borderBlending": "Normal"
        }],
        "name": "Snowy village",
        "fillOpacity": 100
    }],
    "description": "",
    "name": "Snowy village"
}
