{
    "version": "1.0.3"
    , "workspace": true
    , "artboards": [{
        "fillColor": 0
        , "x": 0
        , "width": 1080
        , "y": 0
        , "items": [{
            "lineSpacing": 0
            , "type": "Image"
            , "characterSpacing": 0
            , "name": "dKeB0-M9iiA.jpg"
            , "fontColor": 0
            , "radiusTopLeft": 0
            , "fontSize": 12
            , "radiusTopRight": 0
            , "radiusBottomLeft": 0
            , "radiusBottomRight": 0
            , "width": 1441
            , "height": 1080
            , "borderColor": 5855577
            , "fillColor": 5855577
            , "fillGradientOpacities": [1, 1]
            , "fillGradientColors": [0, 0]
            , "fillGradientRatios": [0, 255]
            , "borderBlending": "Normal"
            , "borderOpacity": 0
            , "borderPosition": "Inside"
            , "fontOption": "Regular"
            , "textVerticalAlign": "Top"
            , "x": -181
            , "borderThickness": 1
            , "y": 0
            , "scaleY": 1
            , "scaleX": 1
            , "rotation": 0
            , "blending": "Normal"
            , "opacity": 80
            , "fillBlending": "Normal"
            , "textAlign": "Left"
            , "fillOpacity": 0
            , "font": "Noto Sans"
        }, {
            "lineSpacing": 0
            , "type": "Text"
            , "characterSpacing": 0
            , "name": "Title"
            , "fontColor": 16777215
            , "radiusTopLeft": 0
            , "fontSize": 100
            , "radiusTopRight": 0
            , "radiusBottomLeft": 0
            , "radiusBottomRight": 0
            , "width": 900
            , "height": 140
            , "borderColor": 0
            , "fillColor": 16777215
            , "fillGradientOpacities": [1, 1]
            , "fillGradientColors": [0, 0]
            , "fillGradientRatios": [0, 255]
            , "borderBlending": "Normal"
            , "borderOpacity": 100
            , "borderPosition": "Inside"
            , "fontOption": "Bold"
            , "textVerticalAlign": "Top"
            , "x": 90
            , "borderThickness": 1
            , "y": 880
            , "scaleY": 1
            , "scaleX": 1
            , "rotation": 0
            , "blending": "Normal"
            , "opacity": 100
            , "fillBlending": "Normal"
            , "textAlign": "Right"
            , "fillOpacity": 100
            , "font": "Peace Sans"
        }, {
            "lineSpacing": 0
            , "type": "Text"
            , "characterSpacing": 0
            , "name": "Description"
            , "fontColor": 4023907
            , "radiusTopLeft": 0
            , "fontSize": 60
            , "radiusTopRight": 0
            , "radiusBottomLeft": 0
            , "radiusBottomRight": 0
            , "width": 900
            , "height": 100
            , "borderColor": 0
            , "fillColor": 16777215
            , "fillGradientOpacities": [1, 1]
            , "fillGradientColors": [0, 0]
            , "fillGradientRatios": [0, 255]
            , "borderBlending": "Normal"
            , "borderOpacity": 100
            , "borderPosition": "Inside"
            , "fontOption": "Regular"
            , "textVerticalAlign": "Top"
            , "x": 90
            , "borderThickness": 1
            , "y": 800
            , "scaleY": 1
            , "scaleX": 1
            , "rotation": 0
            , "blending": "Normal"
            , "opacity": 100
            , "fillBlending": "Normal"
            , "textAlign": "Right"
            , "fillOpacity": 100
            , "font": "Noto Sans"
        }]
        , "height": 1080
        , "name": "Mic in the dark"
        , "fillOpacity": 100
    }]
    , "description": ""
    , "name": "Mic in the dark"
}