{
    "name": "On the stage",
    "id": "1529196369079",
    "version": "2.0.0",
    "artboards": [{
        "fillColor": 0,
        "x": 0,
        "name": null,
        "y": 0,
        "height": 1400,
        "width": 1400,
        "items": [{
            "type": "Image",
            "fillColor": 0,
            "fillGradientOpacities": [1, 1],
            "fillGradientColors": [0, 0],
            "fillGradientRatios": [0, 255],
            "name": "mewgXLWI_iQ.jpg",
            "borderColor": 0,
            "radiusTopLeft": 0,
            "width": 2160,
            "fontSize": 12,
            "radiusBottomRight": 0,
            "height": 1440,
            "radiusTopRight": 0,
            "lineSpacing": 0,
            "radiusBottomLeft": 0,
            "fontColor": 0,
            "characterSpacing": 0,
            "textAlign": "Left",
            "font": "Noto Sans",
            "textDecoration": "none",
            "blending": "Normal",
            "textVerticalAlign": "Top",
            "opacity": 80,
            "y": 0,
            "x": -377,
            "fillOpacity": 0,
            "fillBlending": "Normal",
            "borderBlending": "Normal",
            "borderOpacity": 0,
            "scaleX": 1,
            "borderThickness": 0,
            "rotation": 0,
            "scaleY": 1,
            "borderPosition": "Inside",
            "fontOption": "Regular",
            "typographicCase": "default"
        }, {
            "type": "Text",
            "fillColor": 16777215,
            "fillGradientOpacities": [1, 1],
            "fillGradientColors": [0, 0],
            "fillGradientRatios": [0, 255],
            "name": "Artist name",
            "borderColor": 0,
            "radiusTopLeft": 0,
            "width": 1000,
            "fontSize": 150,
            "radiusBottomRight": 0,
            "height": 200,
            "radiusTopRight": 0,
            "lineSpacing": 0,
            "radiusBottomLeft": 0,
            "fontColor": 16777215,
            "characterSpacing": 0,
            "textAlign": "Center",
            "font": "Megrim",
            "textDecoration": "none",
            "blending": "Normal",
            "textVerticalAlign": "Top",
            "opacity": 100,
            "y": 560,
            "x": 200,
            "fillOpacity": 100,
            "fillBlending": "Normal",
            "borderBlending": "Normal",
            "borderOpacity": 100,
            "scaleX": 1,
            "borderThickness": 1,
            "rotation": 0,
            "scaleY": 1,
            "borderPosition": "Inside",
            "fontOption": "Regular",
            "typographicCase": "default"
        }, {
            "type": "Text",
            "fillColor": 16777215,
            "fillGradientOpacities": [1, 1],
            "fillGradientColors": [0, 0],
            "fillGradientRatios": [0, 255],
            "name": "Album title",
            "borderColor": 0,
            "radiusTopLeft": 0,
            "width": 1000,
            "fontSize": 72,
            "radiusBottomRight": 0,
            "height": 100,
            "radiusTopRight": 0,
            "lineSpacing": 0,
            "radiusBottomLeft": 0,
            "fontColor": 16777215,
            "characterSpacing": 0,
            "textAlign": "Center",
            "font": "Megrim",
            "textDecoration": "none",
            "blending": "Normal",
            "textVerticalAlign": "Top",
            "opacity": 100,
            "y": 730,
            "x": 200,
            "fillOpacity": 100,
            "fillBlending": "Normal",
            "borderBlending": "Normal",
            "borderOpacity": 100,
            "scaleX": 1,
            "borderThickness": 1,
            "rotation": 0,
            "scaleY": 1,
            "borderPosition": "Inside",
            "fontOption": "Regular",
            "typographicCase": "default"
        }, {
            "type": "Shape",
            "fillColor": 16777215,
            "fillGradientOpacities": [1, 1],
            "fillGradientColors": [0, 0],
            "fillGradientRatios": [0, 255],
            "name": null,
            "borderColor": 5855577,
            "radiusTopLeft": 0,
            "width": 5,
            "fontSize": 12,
            "radiusBottomRight": 0,
            "height": 240,
            "radiusTopRight": 0,
            "lineSpacing": 0,
            "radiusBottomLeft": 0,
            "fontColor": 0,
            "characterSpacing": 0,
            "textAlign": "Left",
            "font": "Noto Sans",
            "textDecoration": "none",
            "blending": "Normal",
            "textVerticalAlign": "Top",
            "opacity": 100,
            "y": 580,
            "x": 1195,
            "fillOpacity": 100,
            "fillBlending": "Normal",
            "borderBlending": "Normal",
            "borderOpacity": 0,
            "scaleX": 1,
            "borderThickness": 1,
            "rotation": 0,
            "scaleY": 1,
            "borderPosition": "Inside",
            "fontOption": "Regular",
            "typographicCase": "default"
        }, {
            "type": "Shape",
            "fillColor": 16777215,
            "fillGradientOpacities": [1, 1],
            "fillGradientColors": [0, 0],
            "fillGradientRatios": [0, 255],
            "name": null,
            "borderColor": 5855577,
            "radiusTopLeft": 0,
            "width": 5,
            "fontSize": 12,
            "radiusBottomRight": 0,
            "height": 240,
            "radiusTopRight": 0,
            "lineSpacing": 0,
            "radiusBottomLeft": 0,
            "fontColor": 0,
            "characterSpacing": 0,
            "textAlign": "Left",
            "font": "Noto Sans",
            "textDecoration": "none",
            "blending": "Normal",
            "textVerticalAlign": "Top",
            "opacity": 100,
            "y": 580,
            "x": 200,
            "fillOpacity": 100,
            "fillBlending": "Normal",
            "borderBlending": "Normal",
            "borderOpacity": 0,
            "scaleX": 1,
            "borderThickness": 1,
            "rotation": 0,
            "scaleY": 1,
            "borderPosition": "Inside",
            "fontOption": "Regular",
            "typographicCase": "default"
        }],
        "fillOpacity": 100
    }],
    "workspace": true,
    "description": ""
}
