{"id":"1480509330305","version":"1.0.3","artboards":[{"fillColor":0,"x":0,"y":0,"items":[{"lineSpacing":0,"characterSpacing":0,"type":"Image","name":"xES8XBi-RJw.jpg","fontColor":0,"radiusTopLeft":0,"fontSize":12,"radiusTopRight":0,"radiusBottomLeft":0,"radiusBottomRight":0,"width":2560,"height":1706,"borderColor":16777215,"fillColor":0,"fillGradientOpacities":[1,1],"fillGradientColors":[0,0],"fillGradientRatios":[0,255],"borderBlending":"Normal","borderOpacity":0,"borderPosition":"Inside","fontOption":"Regular","textVerticalAlign":"top","x":0,"borderThickness":1,"y":-133,"scaleX":1,"scaleY":1,"rotation":0,"blending":"Normal","opacity":100,"fillBlending":"Normal","textAlign":"Left","fillOpacity":0,"font":"Noto Sans"},{"lineSpacing":0,"characterSpacing":0,"type":"Shape","name":"Rectangle","fontColor":0,"radiusTopLeft":0,"fontSize":12,"radiusTopRight":0,"radiusBottomLeft":0,"radiusBottomRight":0,"width":2560,"height":320,"borderColor":0,"fillColor":0,"fillGradientOpacities":[1,1],"fillGradientColors":[0,0],"fillGradientRatios":[0,255],"borderBlending":"Normal","borderOpacity":0,"borderPosition":"Inside","fontOption":"Regular","textVerticalAlign":"top","x":-0.9,"borderThickness":1,"y":560,"scaleX":1,"scaleY":1,"rotation":0,"blending":"Overlay","opacity":50,"fillBlending":"Normal","textAlign":"Left","fillOpacity":100,"font":"Noto Sans"},{"lineSpacing":0,"characterSpacing":0,"type":"Text","name":"Channel name","fontColor":16772761,"radiusTopLeft":0,"fontSize":112,"radiusTopRight":0,"radiusBottomLeft":0,"radiusBottomRight":0,"width":1200,"height":180,"borderColor":0,"fillColor":16777215,"fillGradientOpacities":[1,1],"fillGradientColors":[0,0],"fillGradientRatios":[0,255],"borderBlending":"Normal","borderOpacity":100,"borderPosition":"Inside","fontOption":"Bold","textVerticalAlign":"top","x":1280,"borderThickness":1,"y":590,"scaleX":1,"scaleY":1,"rotation":0,"blending":"Normal","opacity":100,"fillBlending":"Normal","textAlign":"Right","fillOpacity":100,"font":"Bitter"},{"lineSpacing":0,"characterSpacing":0,"type":"Text","name":"Channel description","fontColor":15101207,"radiusTopLeft":0,"fontSize":68,"radiusTopRight":0,"radiusBottomLeft":0,"radiusBottomRight":0,"width":1200,"height":120,"borderColor":0,"fillColor":16777215,"fillGradientOpacities":[1,1],"fillGradientColors":[0,0],"fillGradientRatios":[0,255],"borderBlending":"Normal","borderOpacity":100,"borderPosition":"Inside","fontOption":"Regular","textVerticalAlign":"top","x":1280,"borderThickness":1,"y":750,"scaleX":1,"scaleY":1,"rotation":0,"blending":"Normal","opacity":100,"fillBlending":"Normal","textAlign":"Right","fillOpacity":100,"font":"Bitter"}],"height":1440,"name":"Sunset city","width":2560,"fillOpacity":100}],"workspace":true,"description":"","name":"Sunset city"}