{"id":"1480726358501","version":"1.0.3","workspace":true,"description":"","artboards":[{"x":0,"width":1500,"y":0,"items":[{"fillGradientOpacities":[1,1],"radiusBottomRight":0,"fillGradientColors":[0,0],"fillColor":0,"fillGradientRatios":[0,255],"lineSpacing":0,"type":"Image","name":"f23c5157d382e635378c2a486ad106cf.jpeg","characterSpacing":0,"fontSize":12,"fontColor":0,"width":1500,"radiusTopLeft":0,"height":999,"borderColor":0,"radiusTopRight":0,"radiusBottomLeft":0,"blending":"Normal","y":-180,"x":0,"borderPosition":"Inside","textVerticalAlign":"top","scaleX":1,"scaleY":1,"fontOption":"Regular","rotation":0,"borderThickness":1,"borderOpacity":0,"borderBlending":"Normal","fillOpacity":0,"textAlign":"Left","opacity":100,"font":"Noto Sans","fillBlending":"Normal"},{"fillGradientOpacities":[1,1],"radiusBottomRight":0,"fillGradientColors":[0,0],"fillColor":16777215,"fillGradientRatios":[0,255],"lineSpacing":0,"type":"Text","name":"Title","characterSpacing":0,"fontSize":72,"fontColor":0,"width":800,"radiusTopLeft":0,"height":80,"borderColor":0,"radiusTopRight":0,"radiusBottomLeft":0,"blending":"Overlay","y":140,"x":350,"borderPosition":"Inside","textVerticalAlign":"top","scaleX":1,"scaleY":1,"fontOption":"Regular Italic","rotation":0,"borderThickness":1,"borderOpacity":100,"borderBlending":"Normal","fillOpacity":100,"textAlign":"Center","opacity":100,"font":"Josefin Sans","fillBlending":"Normal"},{"fillGradientOpacities":[1,1],"radiusBottomRight":0,"fillGradientColors":[0,0],"fillColor":16777215,"fillGradientRatios":[0,255],"lineSpacing":0,"type":"Text","name":"Description","characterSpacing":0,"fontSize":48,"fontColor":0,"width":800,"radiusTopLeft":0,"height":60,"borderColor":0,"radiusTopRight":0,"radiusBottomLeft":0,"blending":"Overlay","y":80,"x":350,"borderPosition":"Inside","textVerticalAlign":"top","scaleX":1,"scaleY":1,"fontOption":"Regular Italic","rotation":0,"borderThickness":1,"borderOpacity":100,"borderBlending":"Normal","fillOpacity":100,"textAlign":"Center","opacity":100,"font":"Josefin Sans","fillBlending":"Normal"}],"height":500,"name":"Bridge to the lake","fillColor":0,"fillOpacity":100}],"name":"Bridge to the lake"}