{"id":"1480726343122","version":"1.0.3","workspace":true,"description":"","artboards":[{"x":0,"width":1500,"y":0,"items":[{"fillGradientOpacities":[1,1],"radiusBottomRight":0,"fillGradientColors":[0,0],"fillColor":0,"fillGradientRatios":[0,255],"lineSpacing":0,"type":"Image","name":"326fccdb739f89a1d3d61ef02df85436.jpeg","characterSpacing":0,"fontSize":12,"fontColor":0,"width":1500,"radiusTopLeft":0,"height":1000,"borderColor":0,"radiusTopRight":0,"radiusBottomLeft":0,"blending":"Normal","y":-350,"x":0,"borderPosition":"Inside","textVerticalAlign":"top","scaleX":1,"scaleY":1,"fontOption":"Regular","rotation":0,"borderThickness":1,"borderOpacity":0,"borderBlending":"Normal","fillOpacity":0,"textAlign":"Left","opacity":80,"font":"Noto Sans","fillBlending":"Normal"},{"fillGradientOpacities":[1,1],"radiusBottomRight":0,"fillGradientColors":[0,0],"fillColor":16777215,"fillGradientRatios":[0,255],"lineSpacing":0,"type":"Text","name":"Title","characterSpacing":0,"fontSize":80,"fontColor":16777215,"width":800,"radiusTopLeft":0,"height":120,"borderColor":0,"radiusTopRight":0,"radiusBottomLeft":0,"blending":"Difference","y":240,"x":350,"borderPosition":"Inside","textVerticalAlign":"top","scaleX":1,"scaleY":1,"fontOption":"Bold","rotation":0,"borderThickness":1,"borderOpacity":100,"borderBlending":"Normal","fillOpacity":100,"textAlign":"Center","opacity":100,"font":"Amatic SC","fillBlending":"Normal"},{"fillGradientOpacities":[1,1],"radiusBottomRight":0,"fillGradientColors":[0,0],"fillColor":16777215,"fillGradientRatios":[0,255],"lineSpacing":0,"type":"Text","name":"Description","characterSpacing":0,"fontSize":48,"fontColor":9103070,"width":800,"radiusTopLeft":0,"height":80,"borderColor":0,"radiusTopRight":0,"radiusBottomLeft":0,"blending":"Normal","y":350,"x":350,"borderPosition":"Inside","textVerticalAlign":"top","scaleX":1,"scaleY":1,"fontOption":"Regular","rotation":0,"borderThickness":1,"borderOpacity":100,"borderBlending":"Normal","fillOpacity":100,"textAlign":"Center","opacity":100,"font":"Amatic SC","fillBlending":"Normal"}],"height":500,"name":"Afternoon of rainy day","fillColor":0,"fillOpacity":100}],"name":"Afternoon of rainy day"}