{
	"version": 0
    , "workspace": true
    , "artboards": [{
        "items": [{
            "fillColor": 0
            , "type": "Image"
            , "name": "8045cf72a0fab5dee7c0425378656385.jpeg"
            , "fontColor": 0
            , "lineSpacing": 0
            , "fontSize": 12
            , "fillGradientOpacities": [1, 1]
            , "characterSpacing": 0
            , "radiusTopLeft": 0
            , "radiusTopRight": 0
            , "width": 2700
            , "radiusBottomLeft": 0
            , "height": 1800
            , "fillGradientColors": [0, 0]
            , "radiusBottomRight": 0
            , "borderColor": 5855577
            , "fillGradientRatios": [0, 255]
            , "font": "Noto Sans"
            , "borderBlending": "Normal"
            , "borderOpacity": 0
            , "borderPosition": "Inside"
            , "borderThickness": 1
            , "textVerticalAlign": "Top"
            , "x": -650
            , "y": 0
            , "scaleX": 1
            , "fillOpacity": 20
            , "scaleY": 1
            , "rotation": 0
            , "blending": "Normal"
            , "opacity": 100
            , "fillBlending": "Normal"
            , "fontOption": "Regular"
            , "textAlign": "Left"
        }, {
            "fillColor": 16777215
            , "type": "Text"
            , "name": "Heading"
            , "fontColor": 0
            , "lineSpacing": 0
            , "fontSize": 168
            , "fillGradientOpacities": [1, 1]
            , "characterSpacing": 0
            , "radiusTopLeft": 0
            , "radiusTopRight": 0
            , "width": 1200
            , "radiusBottomLeft": 0
            , "height": 220
            , "fillGradientColors": [0, 0]
            , "radiusBottomRight": 0
            , "borderColor": 0
            , "fillGradientRatios": [0, 255]
            , "font": "Lobster Two"
            , "borderBlending": "Normal"
            , "borderOpacity": 100
            , "borderPosition": "Inside"
            , "borderThickness": 1
            , "textVerticalAlign": "Top"
            , "x": 118
            , "y": 200
            , "scaleX": 1
            , "fillOpacity": 100
            , "scaleY": 1
            , "rotation": 0
            , "blending": "Overlay"
            , "opacity": 100
            , "fillBlending": "Normal"
            , "fontOption": "Bold Italic"
            , "textAlign": "Center"
        }, {
            "fillColor": 16777215
            , "type": "Text"
            , "name": "Subheading"
            , "fontColor": 0
            , "lineSpacing": 0
            , "fontSize": 80
            , "fillGradientOpacities": [1, 1]
            , "characterSpacing": 0
            , "radiusTopLeft": 0
            , "radiusTopRight": 0
            , "width": 1200
            , "radiusBottomLeft": 0
            , "height": 120
            , "fillGradientColors": [0, 0]
            , "radiusBottomRight": 0
            , "borderColor": 0
            , "fillGradientRatios": [0, 255]
            , "font": "Lobster Two"
            , "borderBlending": "Normal"
            , "borderOpacity": 100
            , "borderPosition": "Inside"
            , "borderThickness": 1
            , "textVerticalAlign": "Top"
            , "x": 130
            , "y": 130
            , "scaleX": 1
            , "fillOpacity": 100
            , "scaleY": 1
            , "rotation": 0
            , "blending": "Overlay"
            , "opacity": 100
            , "fillBlending": "Normal"
            , "fontOption": "Regular"
            , "textAlign": "Center"
        }]
        , "width": 1400
        , "y": 0
        , "x": 0
        , "height": 1400
        , "name": "Snowy village"
        , "fillColor": 0
        , "fillOpacity": 100
    }]
    , "description": ""
    , "name": "Snowy village"
}