{"name":"On the stage","id":"1529311727153","version":"2.0.0","artboards":[{"x":0,"name":"On the stage","fillColor":0,"y":0,"height":315,"width":851,"items":[{"fontColor":0,"type":"Image","characterSpacing":0,"fillColor":0,"fillGradientOpacities":[1,1],"name":"mewgXLWI_iQ.jpg","fillGradientColors":[0,0],"fillGradientRatios":[0,255],"width":851,"height":567,"borderColor":0,"radiusTopRight":0,"radiusBottomLeft":0,"fontSize":12,"radiusTopLeft":0,"radiusBottomRight":0,"lineSpacing":0,"textAlign":"Left","font":"Noto Sans","textDecoration":"none","fontOption":"Regular","x":0,"y":-152,"blending":"Normal","opacity":80,"textVerticalAlign":"Top","fillOpacity":0,"fillBlending":"Normal","scaleX":1,"borderBlending":"Normal","borderOpacity":0,"rotation":0,"borderThickness":0,"scaleY":1,"borderPosition":"Inside","typographicCase":"default"},{"fontColor":16777215,"type":"Text","characterSpacing":0,"fillColor":16777215,"fillGradientOpacities":[1,1],"name":"Title","fillGradientColors":[0,0],"fillGradientRatios":[0,255],"width":400,"height":72,"borderColor":0,"radiusTopRight":0,"radiusBottomLeft":0,"fontSize":56,"radiusTopLeft":0,"radiusBottomRight":0,"lineSpacing":0,"textAlign":"Center","font":"Megrim","textDecoration":"none","fontOption":"Regular","x":225,"y":97,"blending":"Normal","opacity":100,"textVerticalAlign":"Top","fillOpacity":100,"fillBlending":"Normal","scaleX":1,"borderBlending":"Normal","borderOpacity":100,"rotation":0,"borderThickness":1,"scaleY":1,"borderPosition":"Inside","typographicCase":"default"},{"fontColor":16777215,"type":"Text","characterSpacing":0,"fillColor":16777215,"fillGradientOpacities":[1,1],"name":"Description","fillGradientColors":[0,0],"fillGradientRatios":[0,255],"width":400,"height":48,"borderColor":0,"radiusTopRight":0,"radiusBottomLeft":0,"fontSize":40,"radiusTopLeft":0,"radiusBottomRight":0,"lineSpacing":0,"textAlign":"Center","font":"Megrim","textDecoration":"none","fontOption":"Regular","x":225,"y":164,"blending":"Normal","opacity":100,"textVerticalAlign":"Top","fillOpacity":100,"fillBlending":"Normal","scaleX":1,"borderBlending":"Normal","borderOpacity":100,"rotation":0,"borderThickness":1,"scaleY":1,"borderPosition":"Inside","typographicCase":"default"},{"fontColor":0,"type":"Shape","characterSpacing":0,"fillColor":16777215,"fillGradientOpacities":[1,1],"name":null,"fillGradientColors":[0,0],"fillGradientRatios":[0,255],"width":2,"height":120,"borderColor":5855577,"radiusTopRight":0,"radiusBottomLeft":0,"fontSize":12,"radiusTopLeft":0,"radiusBottomRight":0,"lineSpacing":0,"textAlign":"Left","font":"Noto Sans","textDecoration":"none","fontOption":"Regular","x":649,"y":97,"blending":"Normal","opacity":100,"textVerticalAlign":"Top","fillOpacity":100,"fillBlending":"Normal","scaleX":1,"borderBlending":"Normal","borderOpacity":0,"rotation":0,"borderThickness":1,"scaleY":1,"borderPosition":"Inside","typographicCase":"default"},{"fontColor":0,"type":"Shape","characterSpacing":0,"fillColor":16777215,"fillGradientOpacities":[1,1],"name":null,"fillGradientColors":[0,0],"fillGradientRatios":[0,255],"width":2,"height":120,"borderColor":5855577,"radiusTopRight":0,"radiusBottomLeft":0,"fontSize":12,"radiusTopLeft":0,"radiusBottomRight":0,"lineSpacing":0,"textAlign":"Left","font":"Noto Sans","textDecoration":"none","fontOption":"Regular","x":200,"y":97,"blending":"Normal","opacity":100,"textVerticalAlign":"Top","fillOpacity":100,"fillBlending":"Normal","scaleX":1,"borderBlending":"Normal","borderOpacity":0,"rotation":0,"borderThickness":1,"scaleY":1,"borderPosition":"Inside","typographicCase":"default"}],"fillOpacity":100}],"workspace":true,"description":""}