{"workspace":true,"artboards":[{"fillColor":0,"x":0,"name":"Toughroad","y":0,"height":500,"width":1500,"items":[{"type":"Image","fontColor":0,"fillColor":5855577,"fillGradientOpacities":[1,1],"name":"N0lm0ZRc9y4.jpg","borderColor":5855577,"fillGradientColors":[0,0],"width":1800,"lineSpacing":0,"height":2514,"fontSize":12,"radiusTopRight":0,"fillGradientRatios":[0,255],"radiusTopLeft":0,"radiusBottomLeft":0,"radiusBottomRight":0,"characterSpacing":0,"font":"Noto Sans","textAlign":"Left","textDecoration":"none","x":0,"y":-1490,"opacity":100,"blending":"Normal","textVerticalAlign":"Top","fillOpacity":0,"fillBlending":"Normal","scaleX":1,"borderBlending":"Normal","borderOpacity":0,"rotation":0,"scaleY":1,"fontOption":"Regular","borderThickness":1,"borderPosition":"Inside","typographicCase":"default"},{"type":"Text","fontColor":16777215,"fillColor":16777215,"fillGradientOpacities":[1,1],"name":"Artist name","borderColor":0,"fillGradientColors":[0,0],"width":560,"lineSpacing":0,"height":100,"fontSize":80,"radiusTopRight":0,"fillGradientRatios":[0,255],"radiusTopLeft":0,"radiusBottomLeft":0,"radiusBottomRight":0,"characterSpacing":0,"font":"Peace Sans","textAlign":"Center","textDecoration":"none","x":60,"y":170,"opacity":100,"blending":"Normal","textVerticalAlign":"Top","fillOpacity":100,"fillBlending":"Normal","scaleX":1,"borderBlending":"Normal","borderOpacity":100,"rotation":0,"scaleY":1,"fontOption":"Regular","borderThickness":1,"borderPosition":"Inside","typographicCase":"default"},{"type":"Text","fontColor":16777215,"fillColor":16777215,"fillGradientOpacities":[1,1],"name":"Album title","borderColor":0,"fillGradientColors":[0,0],"width":560,"lineSpacing":0,"height":80,"fontSize":50,"radiusTopRight":0,"fillGradientRatios":[0,255],"radiusTopLeft":0,"radiusBottomLeft":0,"radiusBottomRight":0,"characterSpacing":0,"font":"Peace Sans","textAlign":"Center","textDecoration":"none","x":60,"y":320,"opacity":100,"blending":"Normal","textVerticalAlign":"Top","fillOpacity":100,"fillBlending":"Normal","scaleX":1,"borderBlending":"Normal","borderOpacity":100,"rotation":0,"scaleY":1,"fontOption":"Regular","borderThickness":1,"borderPosition":"Inside","typographicCase":"default"},{"type":"Shape","fontColor":0,"fillColor":16777215,"fillGradientOpacities":[1,1],"name":null,"borderColor":5855577,"fillGradientColors":[0,0],"width":560,"lineSpacing":0,"height":4,"fontSize":12,"radiusTopRight":0,"fillGradientRatios":[0,255],"radiusTopLeft":0,"radiusBottomLeft":0,"radiusBottomRight":0,"characterSpacing":0,"font":"Noto Sans","textAlign":"Left","textDecoration":"none","x":60,"y":300,"opacity":100,"blending":"Normal","textVerticalAlign":"Top","fillOpacity":100,"fillBlending":"Normal","scaleX":1,"borderBlending":"Normal","borderOpacity":0,"rotation":0,"scaleY":1,"fontOption":"Regular","borderThickness":1,"borderPosition":"Inside","typographicCase":"default"},{"type":"Shape","fontColor":0,"fillColor":16777215,"fillGradientOpacities":[1,1],"name":null,"borderColor":5855577,"fillGradientColors":[0,0],"width":560,"lineSpacing":0,"height":4,"fontSize":12,"radiusTopRight":0,"fillGradientRatios":[0,255],"radiusTopLeft":0,"radiusBottomLeft":0,"radiusBottomRight":0,"characterSpacing":0,"font":"Noto Sans","textAlign":"Left","textDecoration":"none","x":60,"y":150,"opacity":100,"blending":"Normal","textVerticalAlign":"Top","fillOpacity":100,"fillBlending":"Normal","scaleX":1,"borderBlending":"Normal","borderOpacity":0,"rotation":0,"scaleY":1,"fontOption":"Regular","borderThickness":1,"borderPosition":"Inside","typographicCase":"default"}],"fillOpacity":100}],"name":"Toughroad","id":"1529306828303","version":"2.0.0","description":""}