{
	"version": 0
    , "workspace": true
    , "artboards": [{
        "items": [{
            "type": "Image"
            , "name": "f0ceb8ebe2457c8df4370718f425e748.jpeg"
            , "fontColor": 0
            , "lineSpacing": 0
            , "fontSize": 12
            , "fillGradientOpacities": [1, 1]
            , "characterSpacing": 0
            , "radiusTopLeft": 0
            , "radiusTopRight": 0
            , "width": 2100
            , "radiusBottomLeft": 0
            , "height": 1400
            , "fillGradientColors": [0, 0]
            , "fillColor": 0
            , "borderColor": 0
            , "radiusBottomRight": 0
            , "fillGradientRatios": [0, 255]
            , "borderBlending": "Normal"
            , "borderOpacity": 0
            , "borderPosition": "Inside"
            , "borderThickness": 1
            , "x": -420
            , "textVerticalAlign": "Top"
            , "y": 0
            , "scaleX": 1
            , "fillOpacity": 0
            , "scaleY": 1
            , "rotation": 0
            , "blending": "Normal"
            , "opacity": 100
            , "fillBlending": "Normal"
            , "fontOption": "Regular"
            , "textAlign": "Left"
            , "font": "Noto Sans"
        }, {
            "type": "Text"
            , "name": "Subheading"
            , "fontColor": 6068628
            , "lineSpacing": 0
            , "fontSize": 80
            , "fillGradientOpacities": [1, 1]
            , "characterSpacing": 0
            , "radiusTopLeft": 0
            , "radiusTopRight": 0
            , "width": 1200
            , "radiusBottomLeft": 0
            , "height": 100
            , "fillGradientColors": [0, 0]
            , "fillColor": 16738816
            , "borderColor": 0
            , "radiusBottomRight": 0
            , "fillGradientRatios": [0, 255]
            , "borderBlending": "Normal"
            , "borderOpacity": 100
            , "borderPosition": "Inside"
            , "borderThickness": 1
            , "x": 100
            , "textVerticalAlign": "Top"
            , "y": 1160
            , "scaleX": 1
            , "fillOpacity": 100
            , "scaleY": 1
            , "rotation": 0
            , "blending": "Normal"
            , "opacity": 100
            , "fillBlending": "Normal"
            , "fontOption": "Regular"
            , "textAlign": "Right"
            , "font": "Nanum Barun Pen"
        }, {
            "type": "Text"
            , "name": "Heading"
            , "fontColor": 16777215
            , "lineSpacing": 0
            , "fontSize": 120
            , "fillGradientOpacities": [1, 1]
            , "characterSpacing": 0
            , "radiusTopLeft": 0
            , "radiusTopRight": 0
            , "width": 1200
            , "radiusBottomLeft": 0
            , "height": 140
            , "fillGradientColors": [0, 0]
            , "fillColor": 16777215
            , "borderColor": 0
            , "radiusBottomRight": 0
            , "fillGradientRatios": [0, 255]
            , "borderBlending": "Normal"
            , "borderOpacity": 100
            , "borderPosition": "Inside"
            , "borderThickness": 1
            , "x": 100
            , "textVerticalAlign": "Top"
            , "y": 1020
            , "scaleX": 1
            , "fillOpacity": 100
            , "scaleY": 1
            , "rotation": 0
            , "blending": "Normal"
            , "opacity": 100
            , "fillBlending": "Normal"
            , "fontOption": "Regular"
            , "textAlign": "Right"
            , "font": "Nanum Barun Pen"
        }]
        , "x": 0
        , "y": 0
        , "fillColor": 0
        , "height": 1400
        , "name": "Vintage road"
        , "width": 1400
        , "fillOpacity": 100
    }]
    , "description": ""
    , "name": "Vintage road"
}