<?xml version="1.0" encoding="UTF-8"?>
<extension xmlns="http://ns.adobe.com/air/extension/19.0">
    <id>com.tuarua.TaskbarProgressANE</id>
    <name>Taskbar Progress ANE</name>
    <copyright>This work is licensed under Apache License, Copyright (c) 2018 Tua Rua Ltd.</copyright>
    <versionNumber>2.4.0</versionNumber>
    <platforms>
        <platform name="MacOS-x86-64">
            <applicationDeployment>
                <nativeLibrary>TaskbarProgressANE.framework</nativeLibrary>
                <initializer>TRTBPExtInizer</initializer>
                <finalizer>TRTBPExtFinizer</finalizer>
            </applicationDeployment>
        </platform>
        <platform name="Windows-x86">
            <applicationDeployment>
                <nativeLibrary>TaskbarProgressANE.dll</nativeLibrary>
                <initializer>TRTBPExtInizer</initializer>
                <finalizer>TRTBPExtFinizer</finalizer>
            </applicationDeployment>
        </platform>
        <platform name="Windows-x86-64">
            <applicationDeployment>
                <nativeLibrary>TaskbarProgressANE.dll</nativeLibrary>
                <initializer>TRTBPExtInizer</initializer>
                <finalizer>TRTBPExtFinizer</finalizer>
            </applicationDeployment>
        </platform>
    </platforms>
</extension>
