{
    "version": 0
    , "artboards": [{
        "x": 0
        , "y": 0
        , "fillColor": 0
        , "items": [{
            "type": "Image"
            , "name": "dKeB0-M9iiA.jpg"
            , "fontColor": 0
            , "lineSpacing": 0
            , "fontSize": 12
            , "fillGradientOpacities": [1, 1]
            , "characterSpacing": 0
            , "radiusTopLeft": 0
            , "radiusTopRight": 0
            , "width": 1868
            , "radiusBottomLeft": 0
            , "height": 1400
            , "fillGradientColors": [0, 0]
            , "fillColor": 5855577
            , "borderColor": 5855577
            , "radiusBottomRight": 0
            , "fillGradientRatios": [0, 255]
            , "borderBlending": "Normal"
            , "borderOpacity": 0
            , "borderPosition": "Inside"
            , "borderThickness": 1
            , "x": -274
            , "textVerticalAlign": "Top"
            , "y": 0
            , "scaleX": 1
            , "fillOpacity": 0
            , "scaleY": 1
            , "rotation": 0
            , "blending": "Normal"
            , "opacity": 80
            , "fillBlending": "Normal"
            , "fontOption": "Regular"
            , "textAlign": "Left"
            , "font": "Noto Sans"
        }, {
            "type": "Text"
            , "name": "Artist name"
            , "fontColor": 16777215
            , "lineSpacing": 0
            , "fontSize": 100
            , "fillGradientOpacities": [1, 1]
            , "characterSpacing": 0
            , "radiusTopLeft": 0
            , "radiusTopRight": 0
            , "width": 1200
            , "radiusBottomLeft": 0
            , "height": 140
            , "fillGradientColors": [0, 0]
            , "fillColor": 16777215
            , "borderColor": 0
            , "radiusBottomRight": 0
            , "fillGradientRatios": [0, 255]
            , "borderBlending": "Normal"
            , "borderOpacity": 100
            , "borderPosition": "Inside"
            , "borderThickness": 1
            , "x": 100
            , "textVerticalAlign": "Top"
            , "y": 1160
            , "scaleX": 1
            , "fillOpacity": 100
            , "scaleY": 1
            , "rotation": 0
            , "blending": "Normal"
            , "opacity": 100
            , "fillBlending": "Normal"
            , "fontOption": "Bold"
            , "textAlign": "Right"
            , "font": "Peace Sans"
        }, {
            "type": "Text"
            , "name": "Album title"
            , "fontColor": 4023907
            , "lineSpacing": 0
            , "fontSize": 72
            , "fillGradientOpacities": [1, 1]
            , "characterSpacing": 0
            , "radiusTopLeft": 0
            , "radiusTopRight": 0
            , "width": 1200
            , "radiusBottomLeft": 0
            , "height": 120
            , "fillGradientColors": [0, 0]
            , "fillColor": 16777215
            , "borderColor": 0
            , "radiusBottomRight": 0
            , "fillGradientRatios": [0, 255]
            , "borderBlending": "Normal"
            , "borderOpacity": 100
            , "borderPosition": "Inside"
            , "borderThickness": 1
            , "x": 100
            , "textVerticalAlign": "Top"
            , "y": 1060
            , "scaleX": 1
            , "fillOpacity": 100
            , "scaleY": 1
            , "rotation": 0
            , "blending": "Normal"
            , "opacity": 100
            , "fillBlending": "Normal"
            , "fontOption": "Regular"
            , "textAlign": "Right"
            , "font": "Noto Sans"
        }]
        , "height": 1400
        , "name": "Mic in the dark"
        , "width": 1400
        , "fillOpacity": 100
    }]
    , "description": ""
    , "workspace": true
    , "name": "Mic in the dark"
}