{"id":"1480345495087","version":"1.0.3","workspace":true,"artboards":[{"fillColor":0,"x":0,"width":1080,"y":0,"items":[{"lineSpacing":0,"type":"Image","characterSpacing":0,"name":"9OflqNWhcrE.jpg","fontColor":0,"radiusTopLeft":0,"fontSize":12,"radiusTopRight":0,"radiusBottomLeft":0,"radiusBottomRight":0,"width":1620,"height":1080,"borderColor":5855577,"fillColor":16777215,"fillGradientOpacities":[1,1],"fillGradientColors":[0,0],"fillGradientRatios":[0,255],"borderBlending":"Normal","borderOpacity":0,"borderPosition":"Inside","fontOption":"Regular","textVerticalAlign":"top","x":-270,"borderThickness":1,"y":0,"scaleY":1,"scaleX":1,"rotation":0,"blending":"Normal","opacity":50,"fillBlending":"Normal","textAlign":"Left","fillOpacity":0,"font":"Noto Sans"},{"lineSpacing":0,"type":"Shape","characterSpacing":0,"name":"Rectangle","fontColor":0,"radiusTopLeft":0,"fontSize":12,"radiusTopRight":0,"radiusBottomLeft":0,"radiusBottomRight":0,"width":1080,"height":1080,"borderColor":16777215,"fillColor":0,"fillGradientOpacities":[1,1],"fillGradientColors":[0,0],"fillGradientRatios":[0,255],"borderBlending":"Normal","borderOpacity":100,"borderPosition":"Inside","fontOption":"Regular","textVerticalAlign":"top","x":0,"borderThickness":18,"y":0,"scaleY":1,"scaleX":1,"rotation":0,"blending":"Normal","opacity":100,"fillBlending":"Normal","textAlign":"Left","fillOpacity":20,"font":"Noto Sans"},{"lineSpacing":0.6,"type":"Text","characterSpacing":0,"name":"Title","fontColor":16777215,"radiusTopLeft":0,"fontSize":180,"radiusTopRight":0,"radiusBottomLeft":0,"radiusBottomRight":0,"width":900,"height":200,"borderColor":0,"fillColor":0,"fillGradientOpacities":[1,1],"fillGradientColors":[0,0],"fillGradientRatios":[0,255],"borderBlending":"Normal","borderOpacity":100,"borderPosition":"Inside","fontOption":"Regular","textVerticalAlign":"Middle","x":90,"borderThickness":1,"y":440,"scaleY":1,"scaleX":1,"rotation":0,"blending":"Normal","opacity":100,"fillBlending":"Normal","textAlign":"Center","fillOpacity":100,"font":"Rock Salt"},{"lineSpacing":0,"type":"Text","characterSpacing":0,"name":"Description","fontColor":14011647,"radiusTopLeft":0,"fontSize":72,"radiusTopRight":0,"radiusBottomLeft":0,"radiusBottomRight":0,"width":900,"height":80,"borderColor":0,"fillColor":0,"fillGradientOpacities":[1,1],"fillGradientColors":[0,0],"fillGradientRatios":[0,255],"borderBlending":"Normal","borderOpacity":100,"borderPosition":"Inside","fontOption":"Regular","textVerticalAlign":"top","x":90,"borderThickness":1,"y":960,"scaleY":1,"scaleX":1,"rotation":0,"blending":"Normal","opacity":100,"fillBlending":"Normal","textAlign":"Center","fillOpacity":100,"font":"Permanent Marker"}],"height":1080,"name":"Flowers in hands","fillOpacity":100}],"description":"","name":"Flowers in hands"}