{"name":"Let's surf","id":"1529305877342","version":"2.0.0","artboards":[{"x":0,"name":"Let's surf","y":0,"fillColor":0,"height":500,"width":1500,"items":[{"fillColor":0,"type":"Image","characterSpacing":0,"fillGradientOpacities":[1,1],"fillGradientColors":[0,0],"fillGradientRatios":[0,255],"radiusTopLeft":0,"radiusTopRight":0,"radiusBottomLeft":0,"radiusBottomRight":0,"name":"7jSkK3DLmnM.jpg","borderColor":0,"fontSize":12,"width":1500,"fontColor":0,"height":1875,"lineSpacing":0,"opacity":100,"textAlign":"Left","fontOption":"Regular","textDecoration":"none","fillBlending":"Normal","borderBlending":"Normal","fillOpacity":0,"font":"Noto Sans","borderOpacity":0,"x":0,"borderThickness":1,"y":-478,"scaleX":1,"rotation":0,"borderPosition":"Inside","scaleY":1,"textVerticalAlign":"Top","blending":"Normal","typographicCase":"default"},{"fillColor":0,"type":"Text","characterSpacing":0,"fillGradientOpacities":[1,1],"fillGradientColors":[0,0],"fillGradientRatios":[0,255],"radiusTopLeft":0,"radiusTopRight":0,"radiusBottomLeft":0,"radiusBottomRight":0,"name":"Title","borderColor":0,"fontSize":80,"width":800,"fontColor":5256220,"height":100,"lineSpacing":0,"opacity":100,"textAlign":"Center","fontOption":"Regular","textDecoration":"none","fillBlending":"Normal","borderBlending":"Normal","fillOpacity":100,"font":"Racing Sans One","borderOpacity":100,"x":350,"borderThickness":1,"y":30,"scaleX":1,"rotation":0,"borderPosition":"Inside","scaleY":1,"textVerticalAlign":"Top","blending":"Normal","typographicCase":"default"},{"fillColor":0,"type":"Text","characterSpacing":0,"fillGradientOpacities":[1,1],"fillGradientColors":[0,0],"fillGradientRatios":[0,255],"radiusTopLeft":0,"radiusTopRight":0,"radiusBottomLeft":0,"radiusBottomRight":0,"name":"Description","borderColor":0,"fontSize":50,"width":800,"fontColor":5256220,"height":60,"lineSpacing":0,"opacity":100,"textAlign":"Center","fontOption":"Regular Italic","textDecoration":"none","fillBlending":"Normal","borderBlending":"Normal","fillOpacity":100,"font":"Kanit","borderOpacity":100,"x":350,"borderThickness":1,"y":160,"scaleX":1,"rotation":0,"borderPosition":"Inside","scaleY":1,"textVerticalAlign":"Top","blending":"Normal","typographicCase":"default"},{"fillColor":5256477,"type":"Shape","characterSpacing":0,"fillGradientOpacities":[1,1],"fillGradientColors":[0,0],"fillGradientRatios":[0,255],"radiusTopLeft":0,"radiusTopRight":0,"radiusBottomLeft":0,"radiusBottomRight":0,"name":null,"borderColor":0,"fontSize":12,"width":400,"fontColor":0,"height":4,"lineSpacing":0,"opacity":100,"textAlign":"Left","fontOption":"Regular","textDecoration":"none","fillBlending":"Normal","borderBlending":"Normal","fillOpacity":100,"font":"Noto Sans","borderOpacity":0,"x":550,"borderThickness":1,"y":140,"scaleX":1,"rotation":0,"borderPosition":"Inside","scaleY":1,"textVerticalAlign":"Top","blending":"Normal","typographicCase":"default"}],"fillOpacity":100}],"workspace":true,"description":""}