{"id":"1480513607369","version":"1.0.3","artboards":[{"fillColor":0,"x":0,"y":0,"items":[{"lineSpacing":0,"characterSpacing":0,"type":"Image","name":"L4iI59WB4Yw.jpg","fontColor":0,"radiusTopLeft":0,"fontSize":12,"radiusTopRight":0,"radiusBottomLeft":0,"radiusBottomRight":0,"width":851,"height":566,"borderColor":0,"fillGradientOpacities":[1,1],"fillGradientColors":[0,0],"fillColor":0,"fillGradientRatios":[0,255],"borderBlending":"Normal","borderOpacity":0,"borderPosition":"Inside","fontOption":"Regular","textVerticalAlign":"top","x":0,"borderThickness":1,"y":-196,"scaleX":1,"scaleY":1,"rotation":0,"blending":"Normal","opacity":100,"fillBlending":"Normal","textAlign":"Left","fillOpacity":0,"font":"Noto Sans"},{"lineSpacing":0,"characterSpacing":0,"type":"Shape","name":null,"fontColor":0,"radiusTopLeft":0,"fontSize":12,"radiusTopRight":0,"radiusBottomLeft":0,"radiusBottomRight":0,"width":200,"height":80,"borderColor":0,"fillGradientOpacities":[1,1],"fillGradientColors":[0,0],"fillColor":0,"fillGradientRatios":[0,255],"borderBlending":"Normal","borderOpacity":0,"borderPosition":"Inside","fontOption":"Regular","textVerticalAlign":"top","x":630,"borderThickness":1,"y":28,"scaleX":1,"scaleY":1,"rotation":0,"blending":"Normal","opacity":100,"fillBlending":"Normal","textAlign":"Left","fillOpacity":80,"font":"Noto Sans"},{"lineSpacing":0,"characterSpacing":0,"type":"Shape","name":null,"fontColor":0,"radiusTopLeft":0,"fontSize":12,"radiusTopRight":0,"radiusBottomLeft":0,"radiusBottomRight":0,"width":224,"height":50,"borderColor":0,"fillGradientOpacities":[1,1],"fillGradientColors":[0,0],"fillColor":0,"fillGradientRatios":[0,255],"borderBlending":"Normal","borderOpacity":0,"borderPosition":"Inside","fontOption":"Regular","textVerticalAlign":"top","x":607,"borderThickness":1,"y":122,"scaleX":1,"scaleY":1,"rotation":0,"blending":"Normal","opacity":100,"fillBlending":"Normal","textAlign":"Left","fillOpacity":80,"font":"Noto Sans"},{"lineSpacing":0,"characterSpacing":0,"type":"Text","name":"Description","fontColor":16738816,"radiusTopLeft":0,"fontSize":28,"radiusTopRight":0,"radiusBottomLeft":0,"radiusBottomRight":0,"width":760,"height":60,"borderColor":0,"fillGradientOpacities":[1,1],"fillGradientColors":[0,0],"fillColor":16738816,"fillGradientRatios":[0,255],"borderBlending":"Normal","borderOpacity":100,"borderPosition":"Inside","fontOption":"Bold","textVerticalAlign":"top","x":40,"borderThickness":1,"y":128,"scaleX":1,"scaleY":1,"rotation":0,"blending":"Normal","opacity":100,"fillBlending":"Normal","textAlign":"Right","fillOpacity":100,"font":"Noto Sans"},{"lineSpacing":0,"characterSpacing":0,"type":"Text","name":"Title","fontColor":16777215,"radiusTopLeft":0,"fontSize":50,"radiusTopRight":0,"radiusBottomLeft":0,"radiusBottomRight":0,"width":760,"height":80,"borderColor":0,"fillGradientOpacities":[1,1],"fillGradientColors":[0,0],"fillColor":16777215,"fillGradientRatios":[0,255],"borderBlending":"Normal","borderOpacity":100,"borderPosition":"Inside","fontOption":"Regular","textVerticalAlign":"top","x":40,"borderThickness":1,"y":32,"scaleX":1,"scaleY":1,"rotation":0,"blending":"Normal","opacity":100,"fillBlending":"Normal","textAlign":"Right","fillOpacity":100,"font":"Alfa Slab One"}],"height":315,"name":"Dawn city","width":851,"fillOpacity":100}],"description":"","name":"Dawn city","workspace":true}