{"id":"1480730967249","version":"1.0.3","workspace":true,"artboards":[{"x":0,"fillColor":0,"y":0,"items":[{"characterSpacing":0,"radiusTopLeft":0,"type":"Image","radiusTopRight":0,"radiusBottomLeft":0,"name":"5262e94c6e394cec14da52446432e2c6.jpeg","radiusBottomRight":0,"fillGradientOpacities":[1,1],"fillGradientColors":[0,0],"fillGradientRatios":[0,255],"fontSize":12,"width":1500,"lineSpacing":0,"fillColor":0,"height":999,"borderColor":16777215,"fontColor":0,"font":"Noto Sans","blending":"Normal","opacity":100,"x":0,"y":-250,"fillBlending":"Normal","scaleX":1,"rotation":0,"scaleY":1,"fillOpacity":0,"borderPosition":"Inside","textVerticalAlign":"top","borderBlending":"Normal","borderOpacity":0,"borderThickness":1,"textAlign":"Left","fontOption":"Regular"},{"characterSpacing":0,"radiusTopLeft":0,"type":"Shape","radiusTopRight":0,"radiusBottomLeft":0,"name":"Rectangle","radiusBottomRight":0,"fillGradientOpacities":[1,1],"fillGradientColors":[0,0],"fillGradientRatios":[0,255],"fontSize":12,"width":1500,"lineSpacing":0,"fillColor":0,"height":160,"borderColor":0,"fontColor":0,"font":"Noto Sans","blending":"Multiply","opacity":60,"x":0,"y":170,"fillBlending":"Normal","scaleX":1,"rotation":0,"scaleY":1,"fillOpacity":100,"borderPosition":"Inside","textVerticalAlign":"top","borderBlending":"Normal","borderOpacity":0,"borderThickness":1,"textAlign":"Left","fontOption":"Regular"},{"characterSpacing":0,"radiusTopLeft":0,"type":"Text","radiusTopRight":0,"radiusBottomLeft":0,"name":"Title","radiusBottomRight":0,"fillGradientOpacities":[1,1],"fillGradientColors":[0,0],"fillGradientRatios":[0,255],"fontSize":64,"width":800,"lineSpacing":0,"fillColor":16777215,"height":90,"borderColor":0,"fontColor":16772761,"font":"Bitter","blending":"Normal","opacity":100,"x":659,"y":175,"fillBlending":"Normal","scaleX":1,"rotation":0,"scaleY":1,"fillOpacity":100,"borderPosition":"Inside","textVerticalAlign":"top","borderBlending":"Normal","borderOpacity":100,"borderThickness":1,"textAlign":"Right","fontOption":"Bold"},{"characterSpacing":0,"radiusTopLeft":0,"type":"Text","radiusTopRight":0,"radiusBottomLeft":0,"name":"Description","radiusBottomRight":0,"fillGradientOpacities":[1,1],"fillGradientColors":[0,0],"fillGradientRatios":[0,255],"fontSize":40,"width":800,"lineSpacing":0,"fillColor":16777215,"height":58,"borderColor":0,"fontColor":15101207,"font":"Bitter","blending":"Normal","opacity":100,"x":660,"y":260,"fillBlending":"Normal","scaleX":1,"rotation":0,"scaleY":1,"fillOpacity":100,"borderPosition":"Inside","textVerticalAlign":"top","borderBlending":"Normal","borderOpacity":100,"borderThickness":1,"textAlign":"Right","fontOption":"Regular"}],"height":500,"width":1500,"name":"Sunset city","fillOpacity":100}],"description":"","name":"Sunset city"}