{"id":"1480545799679","version":"1.0.3","artboards":[{"fillColor":2572,"x":0,"y":0,"items":[{"lineSpacing":0,"characterSpacing":0,"type":"Image","name":"dKeB0-M9iiA.jpg","fontColor":0,"radiusTopLeft":0,"fontSize":12,"radiusTopRight":0,"radiusBottomLeft":0,"radiusBottomRight":0,"width":420,"height":315,"borderColor":5855577,"fillGradientOpacities":[1,1],"fillGradientColors":[0,0],"fillColor":5855577,"fillGradientRatios":[0,255],"borderBlending":"Normal","borderOpacity":0,"borderPosition":"Inside","fontOption":"Regular","textVerticalAlign":"top","x":60,"borderThickness":1,"y":0,"scaleX":1,"scaleY":1,"rotation":0,"blending":"Normal","opacity":80,"fillBlending":"Normal","textAlign":"Left","fillOpacity":0,"font":"Noto Sans"},{"lineSpacing":0,"characterSpacing":0,"type":"Text","name":"Title","fontColor":16777215,"radiusTopLeft":0,"fontSize":48,"radiusTopRight":0,"radiusBottomLeft":0,"radiusBottomRight":0,"width":740,"height":60,"borderColor":0,"fillGradientOpacities":[1,1],"fillGradientColors":[0,0],"fillColor":16777215,"fillGradientRatios":[0,255],"borderBlending":"Normal","borderOpacity":100,"borderPosition":"Inside","fontOption":"Bold","textVerticalAlign":"top","x":55,"borderThickness":1,"y":140,"scaleX":1,"scaleY":1,"rotation":0,"blending":"Normal","opacity":100,"fillBlending":"Normal","textAlign":"Right","fillOpacity":100,"font":"Peace Sans"},{"lineSpacing":0,"characterSpacing":0,"type":"Text","name":"Description","fontColor":4023907,"radiusTopLeft":0,"fontSize":32,"radiusTopRight":0,"radiusBottomLeft":0,"radiusBottomRight":0,"width":740,"height":40,"borderColor":0,"fillGradientOpacities":[1,1],"fillGradientColors":[0,0],"fillColor":16777215,"fillGradientRatios":[0,255],"borderBlending":"Normal","borderOpacity":100,"borderPosition":"Inside","fontOption":"Regular","textVerticalAlign":"top","x":55,"borderThickness":1,"y":100,"scaleX":1,"scaleY":1,"rotation":0,"blending":"Normal","opacity":100,"fillBlending":"Normal","textAlign":"Right","fillOpacity":100,"font":"Noto Sans"}],"height":315,"name":"Mic in the dark","width":851,"fillOpacity":100}],"description":"","name":"Mic in the dark","workspace":true}