{"id":"1480510521954","version":"1.0.3","artboards":[{"fillColor":0,"x":0,"y":0,"items":[{"lineSpacing":0,"characterSpacing":0,"type":"Image","name":"77d590cfaead708dc16b2e810eb984b4.jpeg","fontColor":0,"radiusTopLeft":0,"fontSize":12,"radiusTopRight":0,"radiusBottomLeft":0,"radiusBottomRight":0,"width":2560,"height":3201,"borderColor":0,"fillGradientOpacities":[1,1],"fillGradientColors":[0,0],"fillColor":0,"fillGradientRatios":[0,255],"borderBlending":"Normal","borderOpacity":0,"borderPosition":"Inside","fontOption":"Regular","textVerticalAlign":"top","x":0,"borderThickness":1,"y":-910,"scaleX":1,"scaleY":1,"rotation":0,"blending":"Normal","opacity":70,"fillBlending":"Overlay","textAlign":"Left","fillOpacity":50,"font":"Noto Sans"},{"lineSpacing":0,"characterSpacing":0,"type":"Shape","name":null,"fontColor":0,"radiusTopLeft":500,"fontSize":12,"radiusTopRight":500,"radiusBottomLeft":500,"radiusBottomRight":500,"width":1000,"height":1000,"borderColor":16777215,"fillGradientOpacities":[1,1],"fillGradientColors":[0,0],"fillColor":0,"fillGradientRatios":[0,255],"borderBlending":"Normal","borderOpacity":100,"borderPosition":"Inside","fontOption":"Regular","textVerticalAlign":"top","x":780,"borderThickness":5,"y":220,"scaleX":1,"scaleY":1,"rotation":0,"blending":"Normal","opacity":100,"fillBlending":"Overlay","textAlign":"Left","fillOpacity":0,"font":"Noto Sans"},{"lineSpacing":0,"characterSpacing":0,"type":"Text","name":"Channel name","fontColor":16777215,"radiusTopLeft":0,"fontSize":112,"radiusTopRight":0,"radiusBottomLeft":0,"radiusBottomRight":0,"width":1200,"height":140,"borderColor":0,"fillGradientOpacities":[1,1],"fillGradientColors":[0,0],"fillColor":16777215,"fillGradientRatios":[0,255],"borderBlending":"Normal","borderOpacity":100,"borderPosition":"Inside","fontOption":"Bold Italic","textVerticalAlign":"top","x":680,"borderThickness":1,"y":720,"scaleX":1,"scaleY":1,"rotation":0,"blending":"Normal","opacity":100,"fillBlending":"Normal","textAlign":"Center","fillOpacity":100,"font":"Arvo"},{"lineSpacing":0,"characterSpacing":0,"type":"Text","name":"Channel description","fontColor":16777215,"radiusTopLeft":0,"fontSize":72,"radiusTopRight":0,"radiusBottomLeft":0,"radiusBottomRight":0,"width":1200,"height":80,"borderColor":0,"fillGradientOpacities":[1,1],"fillGradientColors":[0,0],"fillColor":16777215,"fillGradientRatios":[0,255],"borderBlending":"Normal","borderOpacity":100,"borderPosition":"Inside","fontOption":"Regular Italic","textVerticalAlign":"top","x":680,"borderThickness":1,"y":620,"scaleX":1,"scaleY":1,"rotation":0,"blending":"Normal","opacity":100,"fillBlending":"Normal","textAlign":"Center","fillOpacity":100,"font":"Arvo"}],"height":1440,"name":"To the mountain","width":2560,"fillOpacity":100}],"description":"","name":"To the mountain","workspace":true}