{"id":"1529368291226","name":"To the mountain","workspace":true,"version":"2.0.0","artboards":[{"x":0,"name":"To the mountain","fillColor":0,"y":0,"height":315,"width":851,"items":[{"fillGradientOpacities":[1,1],"type":"Image","fillGradientColors":[0,0],"radiusTopLeft":0,"fillGradientRatios":[0,255],"radiusTopRight":0,"radiusBottomLeft":0,"radiusBottomRight":0,"lineSpacing":0,"fontColor":0,"name":"7wk0ja-DP_c.jpg","borderColor":0,"fontSize":12,"width":851,"height":1064,"characterSpacing":0,"fillColor":0,"fillBlending":"Overlay","fillOpacity":0,"textAlign":"Left","borderBlending":"Normal","font":"Noto Sans","borderOpacity":0,"borderThickness":1,"textDecoration":"none","x":0,"y":-335,"scaleX":1,"rotation":0,"scaleY":1,"fontOption":"Regular","borderPosition":"Inside","textVerticalAlign":"Top","blending":"Normal","opacity":50,"typographicCase":"default"},{"fillGradientOpacities":[1,1],"type":"Shape","fillGradientColors":[0,0],"radiusTopLeft":500,"fillGradientRatios":[0,255],"radiusTopRight":500,"radiusBottomLeft":500,"radiusBottomRight":500,"lineSpacing":0,"fontColor":0,"name":null,"borderColor":16777215,"fontSize":12,"width":300,"height":300,"characterSpacing":0,"fillColor":0,"fillBlending":"Overlay","fillOpacity":0,"textAlign":"Left","borderBlending":"Normal","font":"Noto Sans","borderOpacity":100,"borderThickness":2,"textDecoration":"none","x":275,"y":7,"scaleX":1,"rotation":0,"scaleY":1,"fontOption":"Regular","borderPosition":"Inside","textVerticalAlign":"Top","blending":"Normal","opacity":100,"typographicCase":"default"},{"fillGradientOpacities":[1,1],"type":"Text","fillGradientColors":[0,0],"radiusTopLeft":0,"fillGradientRatios":[0,255],"radiusTopRight":0,"radiusBottomLeft":0,"radiusBottomRight":0,"lineSpacing":0,"fontColor":16777215,"name":"Title","borderColor":0,"fontSize":48,"width":480,"height":64,"characterSpacing":0,"fillColor":16777215,"fillBlending":"Normal","fillOpacity":100,"textAlign":"Center","borderBlending":"Normal","font":"Arvo","borderOpacity":100,"borderThickness":1,"textDecoration":"none","x":185,"y":157,"scaleX":1,"rotation":0,"scaleY":1,"fontOption":"Bold Italic","borderPosition":"Inside","textVerticalAlign":"Top","blending":"Normal","opacity":100,"typographicCase":"default"},{"fillGradientOpacities":[1,1],"type":"Text","fillGradientColors":[0,0],"radiusTopLeft":0,"fillGradientRatios":[0,255],"radiusTopRight":0,"radiusBottomLeft":0,"radiusBottomRight":0,"lineSpacing":0,"fontColor":16777215,"name":"Description","borderColor":0,"fontSize":32,"width":480,"height":48,"characterSpacing":0,"fillColor":16777215,"fillBlending":"Normal","fillOpacity":100,"textAlign":"Center","borderBlending":"Normal","font":"Arvo","borderOpacity":100,"borderThickness":1,"textDecoration":"none","x":185,"y":113,"scaleX":1,"rotation":0,"scaleY":1,"fontOption":"Regular Italic","borderPosition":"Inside","textVerticalAlign":"Top","blending":"Normal","opacity":100,"typographicCase":"default"}],"fillOpacity":100}],"description":""}