{"id":"1480729989485","version":"1.0.3","workspace":true,"description":"","name":"Flowers in hands","artboards":[{"fillColor":0,"x":0,"width":1500,"y":0,"items":[{"fillColor":16777215,"characterSpacing":0,"radiusTopLeft":0,"type":"Image","radiusTopRight":0,"radiusBottomLeft":0,"name":"31c5d017968af1e9b84a5aab6baa7974.jpeg","radiusBottomRight":0,"fillGradientOpacities":[1,1],"fillGradientColors":[0,0],"fillGradientRatios":[0,255],"fontSize":12,"width":1500,"lineSpacing":0,"height":999,"borderColor":5855577,"fontColor":0,"fontOption":"Regular","blending":"Normal","opacity":50,"x":0,"y":-250,"fillBlending":"Normal","scaleX":1,"rotation":0,"scaleY":1,"fillOpacity":0,"borderPosition":"Inside","textVerticalAlign":"top","borderBlending":"Normal","borderOpacity":0,"borderThickness":1,"textAlign":"Left","font":"Noto Sans"},{"fillColor":0,"characterSpacing":0,"radiusTopLeft":0,"type":"Shape","radiusTopRight":0,"radiusBottomLeft":0,"name":"Rectangle","radiusBottomRight":0,"fillGradientOpacities":[1,1],"fillGradientColors":[0,0],"fillGradientRatios":[0,255],"fontSize":12,"width":1500,"lineSpacing":0,"height":500,"borderColor":16777215,"fontColor":0,"fontOption":"Regular","blending":"Normal","opacity":100,"x":0,"y":0,"fillBlending":"Normal","scaleX":1,"rotation":0,"scaleY":1,"fillOpacity":20,"borderPosition":"Inside","textVerticalAlign":"top","borderBlending":"Normal","borderOpacity":100,"borderThickness":10,"textAlign":"Left","font":"Noto Sans"},{"fillColor":0,"characterSpacing":0,"radiusTopLeft":0,"type":"Text","radiusTopRight":0,"radiusBottomLeft":0,"name":"Title","radiusBottomRight":0,"fillGradientOpacities":[1,1],"fillGradientColors":[0,0],"fillGradientRatios":[0,255],"fontSize":80,"width":800,"lineSpacing":0.6,"height":120,"borderColor":0,"fontColor":16777215,"fontOption":"Regular","blending":"Normal","opacity":100,"x":350,"y":200,"fillBlending":"Normal","scaleX":1,"rotation":0,"scaleY":1,"fillOpacity":100,"borderPosition":"Inside","textVerticalAlign":"Middle","borderBlending":"Normal","borderOpacity":100,"borderThickness":1,"textAlign":"Center","font":"Rock Salt"},{"fillColor":0,"characterSpacing":0,"radiusTopLeft":0,"type":"Text","radiusTopRight":0,"radiusBottomLeft":0,"name":"Description","radiusBottomRight":0,"fillGradientOpacities":[1,1],"fillGradientColors":[0,0],"fillGradientRatios":[0,255],"fontSize":40,"width":800,"lineSpacing":0,"height":50,"borderColor":0,"fontColor":14011647,"fontOption":"Regular","blending":"Normal","opacity":100,"x":350,"y":300,"fillBlending":"Normal","scaleX":1,"rotation":0,"scaleY":1,"fillOpacity":100,"borderPosition":"Inside","textVerticalAlign":"top","borderBlending":"Normal","borderOpacity":100,"borderThickness":1,"textAlign":"Center","font":"Permanent Marker"}],"height":500,"name":"Flowers in hands","fillOpacity":100}]}