{"workspace":true,"artboards":[{"x":0,"name":"Yellow benches","y":0,"fillColor":0,"height":1400,"width":1400,"items":[{"fillGradientColors":[0,0],"type":"Image","fillGradientRatios":[0,255],"characterSpacing":0,"fontColor":0,"name":"1hGAXyyav64.jpg","borderColor":0,"width":2844,"height":1600,"fontSize":12,"fillColor":0,"lineSpacing":0,"radiusTopLeft":0,"radiusTopRight":0,"fillGradientOpacities":[1,1],"radiusBottomLeft":0,"radiusBottomRight":0,"borderPosition":"Inside","font":"Noto Sans","textDecoration":"none","textAlign":"Left","x":-722,"y":0,"textVerticalAlign":"Top","scaleX":1,"blending":"Normal","rotation":0,"borderOpacity":0,"borderBlending":"Normal","opacity":100,"borderThickness":1,"fillOpacity":0,"fillBlending":"Normal","fontOption":"Regular","typographicCase":"default","scaleY":1},{"fillGradientColors":[0,0],"type":"Shape","fillGradientRatios":[0,255],"characterSpacing":0,"fontColor":0,"name":null,"borderColor":0,"width":960,"height":959,"fontSize":12,"fillColor":0,"lineSpacing":0,"radiusTopLeft":10,"radiusTopRight":10,"fillGradientOpacities":[1,1],"radiusBottomLeft":10,"radiusBottomRight":10,"borderPosition":"Inside","font":"Noto Sans","textDecoration":"none","textAlign":"Left","x":220,"y":220,"textVerticalAlign":"Top","scaleX":1,"blending":"Normal","rotation":0,"borderOpacity":0,"borderBlending":"Normal","opacity":100,"borderThickness":1,"fillOpacity":70,"fillBlending":"Normal","fontOption":"Regular","typographicCase":"default","scaleY":1},{"fillGradientColors":[0,0],"type":"Text","fillGradientRatios":[0,255],"characterSpacing":0,"fontColor":16777215,"name":"Artist\nname","borderColor":0,"width":800,"height":600,"fontSize":140,"fillColor":16777215,"lineSpacing":0,"radiusTopLeft":0,"radiusTopRight":0,"fillGradientOpacities":[1,1],"radiusBottomLeft":0,"radiusBottomRight":0,"borderPosition":"Inside","font":"Special Elite","textDecoration":"none","textAlign":"Left","x":300,"y":360,"textVerticalAlign":"Top","scaleX":1,"blending":"Normal","rotation":0,"borderOpacity":100,"borderBlending":"Normal","opacity":100,"borderThickness":1,"fillOpacity":100,"fillBlending":"Normal","fontOption":"Regular","typographicCase":"default","scaleY":1},{"fillGradientColors":[0,0],"type":"Text","fillGradientRatios":[0,255],"characterSpacing":0,"fontColor":16777215,"name":"Album title","borderColor":0,"width":800,"height":100,"fontSize":72,"fillColor":16777215,"lineSpacing":0,"radiusTopLeft":0,"radiusTopRight":0,"fillGradientOpacities":[1,1],"radiusBottomLeft":0,"radiusBottomRight":0,"borderPosition":"Inside","font":"Noto Sans","textDecoration":"none","textAlign":"Left","x":300,"y":980,"textVerticalAlign":"Top","scaleX":1,"blending":"Normal","rotation":0,"borderOpacity":100,"borderBlending":"Normal","opacity":100,"borderThickness":1,"fillOpacity":100,"fillBlending":"Normal","fontOption":"Regular","typographicCase":"default","scaleY":1},{"fillGradientColors":[0,0],"type":"Shape","fillGradientRatios":[0,255],"characterSpacing":0,"fontColor":0,"name":null,"borderColor":0,"width":800,"height":5,"fontSize":12,"fillColor":16777215,"lineSpacing":0,"radiusTopLeft":0,"radiusTopRight":0,"fillGradientOpacities":[1,1],"radiusBottomLeft":0,"radiusBottomRight":0,"borderPosition":"Inside","font":"Noto Sans","textDecoration":"none","textAlign":"Left","x":300,"y":920,"textVerticalAlign":"Top","scaleX":1,"blending":"Normal","rotation":0,"borderOpacity":0,"borderBlending":"Normal","opacity":100,"borderThickness":1,"fillOpacity":100,"fillBlending":"Normal","fontOption":"Regular","typographicCase":"default","scaleY":1}],"fillOpacity":100}],"name":"Yellow benches","id":"1529111591706","version":"2.0.0","description":""}