{"workspace":true,"name":"Snowy village","id":"1528848643923","version":"2.0.0","artboards":[{"fillColor":0,"x":0,"name":"Snowy village","y":0,"height":315,"width":851,"items":[{"radiusBottomRight":0,"fillGradientOpacities":[1,1],"type":"Image","fillGradientColors":[0,0],"fillGradientRatios":[0,255],"characterSpacing":0,"lineSpacing":0,"fontColor":0,"name":"fQdtnuap4O4.jpg","borderColor":5855577,"width":851,"height":567,"fontSize":12,"fillColor":0,"radiusTopLeft":0,"radiusTopRight":0,"radiusBottomLeft":0,"fillOpacity":20,"textAlign":"Left","font":"Noto Sans","textDecoration":"none","borderPosition":"Inside","y":-80,"x":0,"fontOption":"Regular","scaleX":1,"scaleY":1,"textVerticalAlign":"Top","rotation":0,"borderBlending":"Normal","blending":"Normal","borderOpacity":0,"opacity":100,"borderThickness":1,"fillBlending":"Normal","typographicCase":"default"},{"radiusBottomRight":0,"fillGradientOpacities":[1,1],"type":"Text","fillGradientColors":[0,0],"fillGradientRatios":[0,255],"characterSpacing":0,"lineSpacing":0,"fontColor":0,"name":"Title","borderColor":0,"width":760,"height":68,"fontSize":52,"fillColor":16777215,"radiusTopLeft":0,"radiusTopRight":0,"radiusBottomLeft":0,"fillOpacity":100,"textAlign":"Center","font":"Lobster Two","textDecoration":"none","borderPosition":"Inside","y":60,"x":45,"fontOption":"Bold Italic","scaleX":1,"scaleY":1,"textVerticalAlign":"Top","rotation":0,"borderBlending":"Normal","blending":"Overlay","borderOpacity":100,"opacity":100,"borderThickness":1,"fillBlending":"Normal","typographicCase":"default"},{"radiusBottomRight":0,"fillGradientOpacities":[1,1],"type":"Text","fillGradientColors":[0,0],"fillGradientRatios":[0,255],"characterSpacing":0,"lineSpacing":0,"fontColor":0,"name":"Description","borderColor":0,"width":760,"height":48,"fontSize":32,"fillColor":16777215,"radiusTopLeft":0,"radiusTopRight":0,"radiusBottomLeft":0,"fillOpacity":100,"textAlign":"Center","font":"Lobster Two","textDecoration":"none","borderPosition":"Inside","y":20,"x":45,"fontOption":"Regular","scaleX":1,"scaleY":1,"textVerticalAlign":"Top","rotation":0,"borderBlending":"Normal","blending":"Overlay","borderOpacity":100,"opacity":100,"borderThickness":1,"fillBlending":"Normal","typographicCase":"default"}],"fillOpacity":100}],"description":""}