{"id":"1480547894343","version":"1.0.3","artboards":[{"fillColor":0,"x":0,"y":0,"items":[{"lineSpacing":0,"characterSpacing":0,"type":"Image","name":"lIWF2uHxs0Q.jpg","fontColor":0,"radiusTopLeft":0,"fontSize":12,"radiusTopRight":0,"radiusBottomLeft":0,"radiusBottomRight":0,"width":851,"height":1279,"borderColor":0,"fillColor":0,"fillGradientOpacities":[1,1],"fillGradientColors":[0,0],"fillGradientRatios":[0,255],"borderBlending":"Normal","borderOpacity":0,"borderPosition":"Inside","fontOption":"Regular","textVerticalAlign":"top","x":0,"borderThickness":1,"y":-482,"scaleX":1,"scaleY":1,"rotation":0,"blending":"Normal","opacity":40,"fillBlending":"Normal","textAlign":"Left","fillOpacity":0,"font":"Noto Sans"},{"lineSpacing":0,"characterSpacing":0,"type":"Shape","name":null,"fontColor":0,"radiusTopLeft":0,"fontSize":12,"radiusTopRight":0,"radiusBottomLeft":0,"radiusBottomRight":0,"width":460,"height":140,"borderColor":16777215,"fillColor":0,"fillGradientOpacities":[1,1],"fillGradientColors":[0,0],"fillGradientRatios":[0,255],"borderBlending":"Normal","borderOpacity":100,"borderPosition":"Inside","fontOption":"Regular","textVerticalAlign":"top","x":200,"borderThickness":6,"y":70,"scaleX":1,"scaleY":1,"rotation":0,"blending":"Normal","opacity":100,"fillBlending":"Normal","textAlign":"Left","fillOpacity":0,"font":"Noto Sans"},{"lineSpacing":0,"characterSpacing":0,"type":"Text","name":"Description","fontColor":16724787,"radiusTopLeft":0,"fontSize":32,"radiusTopRight":0,"radiusBottomLeft":0,"radiusBottomRight":0,"width":460,"height":60,"borderColor":0,"fillColor":16777215,"fillGradientOpacities":[1,1],"fillGradientColors":[0,0],"fillGradientRatios":[0,255],"borderBlending":"Normal","borderOpacity":100,"borderPosition":"Inside","fontOption":"Regular","textVerticalAlign":"top","x":200,"borderThickness":1,"y":220,"scaleX":1,"scaleY":1,"rotation":0,"blending":"Normal","opacity":100,"fillBlending":"Normal","textAlign":"Center","fillOpacity":100,"font":"Bitter"},{"lineSpacing":0,"characterSpacing":0,"type":"Text","name":"Title","fontColor":16777215,"radiusTopLeft":0,"fontSize":64,"radiusTopRight":0,"radiusBottomLeft":0,"radiusBottomRight":0,"width":460,"height":88,"borderColor":0,"fillColor":16777215,"fillGradientOpacities":[1,1],"fillGradientColors":[0,0],"fillGradientRatios":[0,255],"borderBlending":"Normal","borderOpacity":100,"borderPosition":"Inside","fontOption":"Regular","textVerticalAlign":"top","x":200,"borderThickness":1,"y":96,"scaleX":1,"scaleY":1,"rotation":0,"blending":"Normal","opacity":100,"fillBlending":"Normal","textAlign":"Center","fillOpacity":100,"font":"Graduate"}],"height":315,"name":"Old bookshelf","width":851,"fillOpacity":100}],"workspace":true,"description":"","name":"Old bookshelf"}