{"description":"","id":"1482061720882","version":"1.0.4","workspace":true,"artboards":[{"x":0,"width":1200,"height":600,"y":0,"name":"Night road","fillColor":0,"items":[{"fillGradientOpacities":[1,1],"fillGradientColors":[0,0],"fillGradientRatios":[0,255],"borderColor":5855577,"lineSpacing":0,"fillColor":5855577,"type":"Image","fontSize":12,"fontColor":0,"name":"a317c1ae2042abe13a6ec0058897b696.jpeg","width":1200,"characterSpacing":0,"radiusTopLeft":0,"radiusTopRight":0,"height":1598,"radiusBottomLeft":0,"radiusBottomRight":0,"fillBlending":"Normal","textVerticalAlign":"top","textAlign":"Left","x":0,"borderBlending":"Normal","borderOpacity":0,"y":-279,"borderThickness":1,"scaleX":1,"fontOption":"Regular","scaleY":1,"fillOpacity":0,"rotation":0,"blending":"Normal","opacity":100,"borderPosition":"Inside","font":"Noto Sans"},{"fillGradientOpacities":[1,1],"fillGradientColors":[0,0],"fillGradientRatios":[0,255],"borderColor":0,"lineSpacing":0,"fillColor":16777215,"type":"Text","fontSize":92,"fontColor":16777215,"name":"Title","width":720,"characterSpacing":0,"radiusTopLeft":0,"radiusTopRight":0,"height":119,"radiusBottomLeft":0,"radiusBottomRight":0,"fillBlending":"Normal","textVerticalAlign":"top","textAlign":"Center","x":240,"borderBlending":"Normal","borderOpacity":100,"y":76,"borderThickness":1,"scaleX":1,"fontOption":"Regular","scaleY":1,"fillOpacity":100,"rotation":0,"blending":"Normal","opacity":100,"borderPosition":"Inside","font":"Racing Sans One"},{"fillGradientOpacities":[1,1],"fillGradientColors":[0,0],"fillGradientRatios":[0,255],"borderColor":0,"lineSpacing":0,"fillColor":16777215,"type":"Text","fontSize":48,"fontColor":16777215,"name":"Description","width":720,"characterSpacing":0,"radiusTopLeft":0,"radiusTopRight":0,"height":60,"radiusBottomLeft":0,"radiusBottomRight":0,"fillBlending":"Normal","textVerticalAlign":"top","textAlign":"Center","x":240,"borderBlending":"Normal","borderOpacity":100,"y":220,"borderThickness":1,"scaleX":1,"fontOption":"Regular Italic","scaleY":1,"fillOpacity":100,"rotation":0,"blending":"Normal","opacity":100,"borderPosition":"Inside","font":"Kanit"},{"fillGradientOpacities":[1,1],"fillGradientColors":[0,0],"fillGradientRatios":[0,255],"borderColor":5855577,"lineSpacing":0,"fillColor":16777215,"type":"Shape","fontSize":12,"fontColor":0,"name":null,"width":720,"characterSpacing":0,"radiusTopLeft":0,"radiusTopRight":0,"height":2,"radiusBottomLeft":0,"radiusBottomRight":0,"fillBlending":"Normal","textVerticalAlign":"top","textAlign":"Left","x":240,"borderBlending":"Normal","borderOpacity":0,"y":200,"borderThickness":1,"scaleX":1,"fontOption":"Regular","scaleY":1,"fillOpacity":100,"rotation":0,"blending":"Normal","opacity":100,"borderPosition":"Inside","font":"Noto Sans"},{"fillGradientOpacities":[1,1],"fillGradientColors":[0,0],"fillGradientRatios":[0,255],"borderColor":5855577,"lineSpacing":0,"fillColor":16777215,"type":"Shape","fontSize":12,"fontColor":0,"name":null,"width":720,"characterSpacing":0,"radiusTopLeft":0,"radiusTopRight":0,"height":2,"radiusBottomLeft":0,"radiusBottomRight":0,"fillBlending":"Normal","textVerticalAlign":"top","textAlign":"Left","x":240,"borderBlending":"Normal","borderOpacity":0,"y":80,"borderThickness":1,"scaleX":1,"fontOption":"Regular","scaleY":1,"fillOpacity":100,"rotation":0,"blending":"Normal","opacity":100,"borderPosition":"Inside","font":"Noto Sans"}],"fillOpacity":100}],"name":"Night road"}