{"id":"1480730964064","version":"1.0.3","workspace":true,"artboards":[{"x":0,"fillColor":0,"y":0,"items":[{"characterSpacing":0,"radiusTopLeft":0,"type":"Image","radiusTopRight":0,"radiusBottomLeft":0,"name":"8045cf72a0fab5dee7c0425378656385.jpeg","radiusBottomRight":0,"fillGradientOpacities":[1,1],"fillGradientColors":[0,0],"fillGradientRatios":[0,255],"fontSize":12,"width":1500,"lineSpacing":0,"fillColor":0,"height":999,"borderColor":5855577,"fontColor":0,"font":"Noto Sans","blending":"Normal","opacity":100,"x":0,"y":0,"fillBlending":"Overlay","scaleX":1,"rotation":0,"scaleY":1,"fillOpacity":20,"borderPosition":"Inside","textVerticalAlign":"top","borderBlending":"Normal","borderOpacity":0,"borderThickness":1,"textAlign":"Left","fontOption":"Regular"},{"characterSpacing":0,"radiusTopLeft":0,"type":"Text","radiusTopRight":0,"radiusBottomLeft":0,"name":"Title","radiusBottomRight":0,"fillGradientOpacities":[1,1],"fillGradientColors":[0,0],"fillGradientRatios":[0,255],"fontSize":80,"width":760,"lineSpacing":0,"fillColor":16777215,"height":100,"borderColor":0,"fontColor":0,"font":"Lobster Two","blending":"Overlay","opacity":100,"x":370,"y":130,"fillBlending":"Normal","scaleX":1,"rotation":0,"scaleY":1,"fillOpacity":100,"borderPosition":"Inside","textVerticalAlign":"top","borderBlending":"Normal","borderOpacity":100,"borderThickness":1,"textAlign":"Center","fontOption":"Bold Italic"},{"characterSpacing":0,"radiusTopLeft":0,"type":"Text","radiusTopRight":0,"radiusBottomLeft":0,"name":"Description","radiusBottomRight":0,"fillGradientOpacities":[1,1],"fillGradientColors":[0,0],"fillGradientRatios":[0,255],"fontSize":48,"width":760,"lineSpacing":0,"fillColor":16777215,"height":60,"borderColor":0,"fontColor":0,"font":"Lobster Two","blending":"Overlay","opacity":100,"x":370,"y":80,"fillBlending":"Normal","scaleX":1,"rotation":0,"scaleY":1,"fillOpacity":100,"borderPosition":"Inside","textVerticalAlign":"top","borderBlending":"Normal","borderOpacity":100,"borderThickness":1,"textAlign":"Center","fontOption":"Regular"}],"height":500,"width":1500,"name":"Snowy village","fillOpacity":100}],"description":"","name":"Snowy village"}