{"workspace":true,"artboards":[{"fillColor":0,"x":0,"name":"To the mountain","y":0,"height":1440,"width":2560,"items":[{"type":"Image","fontColor":0,"fillColor":0,"fillGradientOpacities":[1,1],"name":"7wk0ja-DP_c.jpg","borderColor":0,"fillGradientColors":[0,0],"width":2560,"lineSpacing":0,"height":3201,"fontSize":12,"radiusTopRight":0,"fillGradientRatios":[0,255],"radiusTopLeft":0,"radiusBottomLeft":0,"radiusBottomRight":0,"characterSpacing":0,"font":"Noto Sans","textAlign":"Left","textDecoration":"none","x":0,"y":-910,"opacity":50,"blending":"Normal","textVerticalAlign":"Top","fillOpacity":0,"fillBlending":"Overlay","scaleX":1,"borderBlending":"Normal","borderOpacity":0,"rotation":0,"scaleY":1,"fontOption":"Regular","borderThickness":1,"borderPosition":"Inside","typographicCase":"default"},{"type":"Shape","fontColor":0,"fillColor":0,"fillGradientOpacities":[1,1],"name":null,"borderColor":16777215,"fillGradientColors":[0,0],"width":1000,"lineSpacing":0,"height":1000,"fontSize":12,"radiusTopRight":500,"fillGradientRatios":[0,255],"radiusTopLeft":500,"radiusBottomLeft":500,"radiusBottomRight":500,"characterSpacing":0,"font":"Noto Sans","textAlign":"Left","textDecoration":"none","x":780,"y":220,"opacity":100,"blending":"Normal","textVerticalAlign":"Top","fillOpacity":0,"fillBlending":"Overlay","scaleX":1,"borderBlending":"Normal","borderOpacity":100,"rotation":0,"scaleY":1,"fontOption":"Regular","borderThickness":5,"borderPosition":"Inside","typographicCase":"default"},{"type":"Text","fontColor":16777215,"fillColor":16777215,"fillGradientOpacities":[1,1],"name":"Channel name","borderColor":0,"fillGradientColors":[0,0],"width":1200,"lineSpacing":0,"height":140,"fontSize":112,"radiusTopRight":0,"fillGradientRatios":[0,255],"radiusTopLeft":0,"radiusBottomLeft":0,"radiusBottomRight":0,"characterSpacing":0,"font":"Arvo","textAlign":"Center","textDecoration":"none","x":680,"y":720,"opacity":100,"blending":"Normal","textVerticalAlign":"Top","fillOpacity":100,"fillBlending":"Normal","scaleX":1,"borderBlending":"Normal","borderOpacity":100,"rotation":0,"scaleY":1,"fontOption":"Bold Italic","borderThickness":1,"borderPosition":"Inside","typographicCase":"default"},{"type":"Text","fontColor":16777215,"fillColor":16777215,"fillGradientOpacities":[1,1],"name":"Channel description","borderColor":0,"fillGradientColors":[0,0],"width":1200,"lineSpacing":0,"height":80,"fontSize":72,"radiusTopRight":0,"fillGradientRatios":[0,255],"radiusTopLeft":0,"radiusBottomLeft":0,"radiusBottomRight":0,"characterSpacing":0,"font":"Arvo","textAlign":"Center","textDecoration":"none","x":680,"y":620,"opacity":100,"blending":"Normal","textVerticalAlign":"Top","fillOpacity":100,"fillBlending":"Normal","scaleX":1,"borderBlending":"Normal","borderOpacity":100,"rotation":0,"scaleY":1,"fontOption":"Regular Italic","borderThickness":1,"borderPosition":"Inside","typographicCase":"default"}],"fillOpacity":100}],"name":"To the mountain","id":"1529368609188","version":"2.0.0","description":""}