<?xml version="1.0" ?>
<swc xmlns="http://www.adobe.com/flash/swccatalog/9">
    <versions>
        <swc version="1.2"/>
        <compiler name="ActionScript Compiler" version="2.0.0" build="354143"/>
    </versions>
    <features>
        <feature-script-deps/>
    </features>
    <libraries>
        <library path="library.swf">
            <script name="com/rainbowcreatures/FWVideoEncoder" mod="1454722514000">
                <def id="com.rainbowcreatures:FWVideoEncoder"/>
                <dep id="Array" type="e"/>
                <dep id="Boolean" type="s"/>
                <dep id="Class" type="s"/>
                <dep id="Error" type="e"/>
                <dep id="Function" type="s"/>
                <dep id="Namespace" type="e"/>
                <dep id="Number" type="s"/>
                <dep id="String" type="s"/>
                <dep id="XML" type="e"/>
                <dep id="__AS3__.vec:Vector" type="e"/>
                <dep id="com.rainbowcreatures:ISpecialFile" type="i"/>
                <dep id="flash.desktop:NativeApplication" type="e"/>
                <dep id="flash.desktop:NativeProcess" type="e"/>
                <dep id="flash.desktop:NativeProcessStartupInfo" type="e"/>
                <dep id="flash.display:Bitmap" type="e"/>
                <dep id="flash.display:BitmapData" type="s"/>
                <dep id="flash.display:DisplayObject" type="e"/>
                <dep id="flash.display:MovieClip" type="i"/>
                <dep id="flash.display:Sprite" type="s"/>
                <dep id="flash.display3D:Context3D" type="e"/>
                <dep id="flash.events:Event" type="e"/>
                <dep id="flash.events:IOErrorEvent" type="s"/>
                <dep id="flash.events:NativeProcessExitEvent" type="e"/>
                <dep id="flash.events:ProgressEvent" type="s"/>
                <dep id="flash.events:SampleDataEvent" type="e"/>
                <dep id="flash.events:StatusEvent" type="e"/>
                <dep id="flash.external:ExtensionContext" type="s"/>
                <dep id="flash.filesystem:File" type="s"/>
                <dep id="flash.filesystem:FileMode" type="e"/>
                <dep id="flash.filesystem:FileStream" type="s"/>
                <dep id="flash.geom:Matrix" type="s"/>
                <dep id="flash.geom:Point" type="s"/>
                <dep id="flash.media:Microphone" type="s"/>
                <dep id="flash.media:Sound" type="s"/>
                <dep id="flash.media:SoundCodec" type="e"/>
                <dep id="flash.system:Capabilities" type="e"/>
                <dep id="flash.system:MessageChannel" type="s"/>
                <dep id="flash.system:Worker" type="s"/>
                <dep id="flash.utils:ByteArray" type="e"/>
                <dep id="flash.utils:Endian" type="e"/>
                <dep id="int" type="s"/>
                <dep id="lg_png$366805804da4786ecae61b9a6b98da50-1005548285" type="e"/>
                <dep id="trace" type="e"/>
                <dep id="uint" type="e"/>
            </script>
            <script name="com/rainbowcreatures/ISpecialFile" mod="1424803756000">
                <def id="com.rainbowcreatures:ISpecialFile"/>
                <dep id="Object" type="i"/>
            </script>
            <script name="com/rainbowcreatures/swf/Dummy" mod="1424708952000">
                <def id="com.rainbowcreatures.swf:Dummy"/>
                <dep id="Object" type="i"/>
            </script>
            <script name="lg_png$366805804da4786ecae61b9a6b98da50-1005548285" mod="1443186223000">
                <def id="lg_png$366805804da4786ecae61b9a6b98da50-1005548285"/>
                <dep id="flash.display:Bitmap" type="i"/>
            </script>
            <digests>
                <digest type="SHA-256" signed="false" value="b801137dc027a9f4193c94aea83ae8b4c182a1fbd5ddae628f93cc9f006f7710"/>
            </digests>
        </library>
    </libraries>
</swc>