{"id":"1480432051725","version":"1.0.3","workspace":true,"description":"","artboards":[{"x":0,"height":1440,"name":"Afternoon of rainy day","y":0,"items":[{"fillGradientRatios":[0,255],"fillColor":0,"lineSpacing":0,"type":"Image","name":"326fccdb739f89a1d3d61ef02df85436.jpeg","characterSpacing":0,"fontColor":0,"fontSize":12,"radiusTopLeft":0,"radiusTopRight":0,"radiusBottomLeft":0,"radiusBottomRight":0,"width":2800,"height":1863,"borderColor":0,"fillGradientOpacities":[1,1],"fillGradientColors":[0,0],"font":"Noto Sans","borderBlending":"Normal","borderOpacity":0,"borderPosition":"Inside","x":-120,"textVerticalAlign":"top","y":-423.05,"fontOption":"Regular","borderThickness":1,"scaleX":1,"scaleY":1,"rotation":0,"blending":"Normal","opacity":80,"textAlign":"Left","fillBlending":"Normal","fillOpacity":0},{"fillGradientRatios":[0,255],"fillColor":16777215,"lineSpacing":0,"type":"Text","name":"Channel name","characterSpacing":0,"fontColor":16777215,"fontSize":180,"radiusTopLeft":0,"radiusTopRight":0,"radiusBottomLeft":0,"radiusBottomRight":0,"width":1000,"height":240,"borderColor":0,"fillGradientOpacities":[1,1],"fillGradientColors":[0,0],"font":"Amatic SC","borderBlending":"Normal","borderOpacity":100,"borderPosition":"Inside","x":780,"textVerticalAlign":"top","y":580,"fontOption":"Bold","borderThickness":1,"scaleX":1,"scaleY":1,"rotation":0,"blending":"Difference","opacity":100,"textAlign":"Center","fillBlending":"Normal","fillOpacity":100},{"fillGradientRatios":[0,255],"fillColor":16777215,"lineSpacing":0,"type":"Text","name":"Channel description","characterSpacing":0,"fontColor":9103070,"fontSize":80,"radiusTopLeft":0,"radiusTopRight":0,"radiusBottomLeft":0,"radiusBottomRight":0,"width":1000,"height":120,"borderColor":0,"fillGradientOpacities":[1,1],"fillGradientColors":[0,0],"font":"Amatic SC","borderBlending":"Normal","borderOpacity":100,"borderPosition":"Inside","x":780,"textVerticalAlign":"top","y":810,"fontOption":"Regular","borderThickness":1,"scaleX":1,"scaleY":1,"rotation":0,"blending":"Normal","opacity":100,"textAlign":"Center","fillBlending":"Normal","fillOpacity":100}],"fillColor":0,"width":2560,"fillOpacity":100}],"name":"Afternoon of rainy day"}