{"id":"1480344138514","version":"1.0.3","workspace":true,"artboards":[{"x":0,"height":1080,"width":1080,"y":0,"fillColor":0,"items":[{"type":"Image","fontColor":0,"name":"IQNbNtvC4XE.jpg","radiusTopRight":0,"radiusBottomLeft":0,"radiusBottomRight":0,"fontSize":12,"lineSpacing":0,"fillGradientOpacities":[1,1],"radiusTopLeft":0,"fillGradientColors":[0,0],"fillGradientRatios":[0,255],"height":1080,"width":1618,"fillColor":0,"borderColor":0,"characterSpacing":0,"textVerticalAlign":"top","x":-269,"blending":"Normal","opacity":100,"y":0,"fillBlending":"Normal","scaleX":1,"rotation":0,"fillOpacity":0,"scaleY":1,"fontOption":"Regular","textAlign":"Left","borderBlending":"Normal","borderOpacity":0,"borderThickness":1,"font":"Noto Sans","borderPosition":"Inside"},{"type":"Text","fontColor":0,"name":"Title","radiusTopRight":0,"radiusBottomLeft":0,"radiusBottomRight":0,"fontSize":132,"lineSpacing":0,"fillGradientOpacities":[1,1],"radiusTopLeft":0,"fillGradientColors":[0,0],"fillGradientRatios":[0,255],"height":120,"width":900,"fillColor":16777215,"borderColor":0,"characterSpacing":0,"textVerticalAlign":"top","x":90,"blending":"Overlay","opacity":100,"y":160,"fillBlending":"Normal","scaleX":1,"rotation":0,"fillOpacity":100,"scaleY":1,"fontOption":"Regular Italic","textAlign":"Left","borderBlending":"Normal","borderOpacity":100,"borderThickness":1,"font":"Josefin Sans","borderPosition":"Inside"},{"type":"Text","fontColor":0,"name":"Description","radiusTopRight":0,"radiusBottomLeft":0,"radiusBottomRight":0,"fontSize":80,"lineSpacing":0,"fillGradientOpacities":[1,1],"radiusTopLeft":0,"fillGradientColors":[0,0],"fillGradientRatios":[0,255],"height":80,"width":900,"fillColor":16777215,"borderColor":0,"characterSpacing":0,"textVerticalAlign":"top","x":90,"blending":"Overlay","opacity":100,"y":60,"fillBlending":"Normal","scaleX":1,"rotation":0,"fillOpacity":100,"scaleY":1,"fontOption":"Regular Italic","textAlign":"Left","borderBlending":"Normal","borderOpacity":100,"borderThickness":1,"font":"Josefin Sans","borderPosition":"Inside"}],"name":"Bridge to the lake","fillOpacity":100}],"description":"","name":"Bridge to the lake"}