{
  "id": "1592782079086",
  "version": "2020.6.21",
  "title": null,
  "description": "",
  "workspace": true,
  "artboards": [
    {
      "x": 0,
      "name": "Snowy village",
      "height": 1400,
      "y": 0,
      "width": 1400,
      "items": [
        {
          "name": "9wTWFyInJ4Y.jpg",
          "fontSize": 12,
          "fillOpacity": 0.2,
          "fillGradientColors": [
            0,
            0
          ],
          "fillGradientOpacities": [
            1,
            1
          ],
          "type": "Image",
          "fillGradientRatios": [
            0,
            255
          ],
          "borderColor": 5855577,
          "borderOpacity": 0,
          "width": 2100,
          "fontColor": 0,
          "height": 1400,
          "characterSpacing": 0,
          "lineSpacing": 0,
          "radiusTopLeft": 0,
          "radiusTopRight": 0,
          "radiusBottomLeft": 0,
          "opacity": 1,
          "radiusBottomRight": 0,
          "fillColor": 0,
          "fillBlending": "Normal",
          "borderBlending": "Normal",
          "borderThickness": 1,
          "borderPosition": "Inside",
          "fontOption": "Regular",
          "x": -200,
          "textVerticalAlign": "Top",
          "y": 0,
          "rotation": 0,
          "typographicCase": "default",
          "font": "Noto Sans",
          "textAlign": "Left",
          "textDecoration": "none",
          "scaleX": 1,
          "scaleY": 1,
          "blending": "Normal"
        },
        {
          "name": "Artist name",
          "fontSize": 168,
          "fillOpacity": 1,
          "fillGradientColors": [
            0,
            0
          ],
          "fillGradientOpacities": [
            1,
            1
          ],
          "type": "Text",
          "fillGradientRatios": [
            0,
            255
          ],
          "borderColor": 0,
          "borderOpacity": 1,
          "width": 1200,
          "fontColor": 0,
          "height": 220,
          "characterSpacing": 0,
          "lineSpacing": 0,
          "radiusTopLeft": 0,
          "radiusTopRight": 0,
          "radiusBottomLeft": 0,
          "opacity": 1,
          "radiusBottomRight": 0,
          "fillColor": 16777215,
          "fillBlending": "Normal",
          "borderBlending": "Normal",
          "borderThickness": 1,
          "borderPosition": "Inside",
          "fontOption": "Bold Italic",
          "x": 118,
          "textVerticalAlign": "Top",
          "y": 200,
          "rotation": 0,
          "typographicCase": "default",
          "font": "Lobster Two",
          "textAlign": "Center",
          "textDecoration": "none",
          "scaleX": 1,
          "scaleY": 1,
          "blending": "Overlay"
        },
        {
          "name": "Album title",
          "fontSize": 80,
          "fillOpacity": 1,
          "fillGradientColors": [
            0,
            0
          ],
          "fillGradientOpacities": [
            1,
            1
          ],
          "type": "Text",
          "fillGradientRatios": [
            0,
            255
          ],
          "borderColor": 0,
          "borderOpacity": 1,
          "width": 1200,
          "fontColor": 0,
          "height": 120,
          "characterSpacing": 0,
          "lineSpacing": 0,
          "radiusTopLeft": 0,
          "radiusTopRight": 0,
          "radiusBottomLeft": 0,
          "opacity": 1,
          "radiusBottomRight": 0,
          "fillColor": 16777215,
          "fillBlending": "Normal",
          "borderBlending": "Normal",
          "borderThickness": 1,
          "borderPosition": "Inside",
          "fontOption": "Regular",
          "x": 130,
          "textVerticalAlign": "Top",
          "y": 130,
          "rotation": 0,
          "typographicCase": "default",
          "font": "Lobster Two",
          "textAlign": "Center",
          "textDecoration": "none",
          "scaleX": 1,
          "scaleY": 1,
          "blending": "Overlay"
        }
      ],
      "fillOpacity": 1,
      "fillColor": 0
    }
  ]
}