{
    "version": 0
    , "artboards": [{
        "items": [{
            "type": "Image"
            , "fontColor": 0
            , "name": "IQNbNtvC4XE.jpg"
            , "lineSpacing": 0
            , "fillGradientOpacities": [1, 1]
            , "characterSpacing": 0
            , "fontSize": 12
            , "radiusBottomLeft": 0
            , "radiusTopRight": 0
            , "fillGradientColors": [0, 0]
            , "radiusTopLeft": 0
            , "radiusBottomRight": 0
            , "fillGradientRatios": [0, 255]
            , "width": 2098
            , "height": 1400
            , "fillColor": 0
            , "borderColor": 0
            , "borderThickness": 1
            , "textVerticalAlign": "Top"
            , "x": -349
            , "y": 0
            , "blending": "Normal"
            , "opacity": 100
            , "fillBlending": "Normal"
            , "fillOpacity": 0
            , "scaleY": 1
            , "fontOption": "Regular"
            , "rotation": 0
            , "scaleX": 1
            , "borderBlending": "Normal"
            , "borderOpacity": 0
            , "textAlign": "Left"
            , "font": "Noto Sans"
            , "borderPosition": "Inside"
        }, {
            "type": "Text"
            , "fontColor": 0
            , "name": "Heading"
            , "lineSpacing": 0
            , "fillGradientOpacities": [1, 1]
            , "characterSpacing": 0
            , "fontSize": 132
            , "radiusBottomLeft": 0
            , "radiusTopRight": 0
            , "fillGradientColors": [0, 0]
            , "radiusTopLeft": 0
            , "radiusBottomRight": 0
            , "fillGradientRatios": [0, 255]
            , "width": 1200
            , "height": 120
            , "fillColor": 16777215
            , "borderColor": 0
            , "borderThickness": 1
            , "textVerticalAlign": "Top"
            , "x": 100
            , "y": 240
            , "blending": "Overlay"
            , "opacity": 100
            , "fillBlending": "Normal"
            , "fillOpacity": 100
            , "scaleY": 1
            , "fontOption": "Regular Italic"
            , "rotation": 0
            , "scaleX": 1
            , "borderBlending": "Normal"
            , "borderOpacity": 100
            , "textAlign": "Left"
            , "font": "Josefin Sans"
            , "borderPosition": "Inside"
        }, {
            "type": "Text"
            , "fontColor": 0
            , "name": "Subheading"
            , "lineSpacing": 0
            , "fillGradientOpacities": [1, 1]
            , "characterSpacing": 0
            , "fontSize": 80
            , "radiusBottomLeft": 0
            , "radiusTopRight": 0
            , "fillGradientColors": [0, 0]
            , "radiusTopLeft": 0
            , "radiusBottomRight": 0
            , "fillGradientRatios": [0, 255]
            , "width": 1200
            , "height": 80
            , "fillColor": 16777215
            , "borderColor": 0
            , "borderThickness": 1
            , "textVerticalAlign": "Top"
            , "x": 100
            , "y": 140
            , "blending": "Overlay"
            , "opacity": 100
            , "fillBlending": "Normal"
            , "fillOpacity": 100
            , "scaleY": 1
            , "fontOption": "Regular Italic"
            , "rotation": 0
            , "scaleX": 1
            , "borderBlending": "Normal"
            , "borderOpacity": 100
            , "textAlign": "Left"
            , "font": "Josefin Sans"
            , "borderPosition": "Inside"
        }]
        , "x": 0
        , "name": "Bridge to the lake"
        , "y": 0
        , "height": 1400
        , "width": 1400
        , "fillColor": 0
        , "fillOpacity": 100
    }]
    , "workspace": true
    , "description": ""
    , "name": "Bridge to the lake"
}