{"id":"1480729558378","version":"1.0.3","workspace":true,"description":"","name":"Empty street","artboards":[{"fillColor":0,"x":0,"width":1500,"y":0,"items":[{"fillColor":16777215,"characterSpacing":0,"radiusTopLeft":0,"type":"Image","radiusTopRight":0,"radiusBottomLeft":0,"name":"7c12127a64408bf10fd9993d1efab6bc.jpeg","radiusBottomRight":0,"fillGradientOpacities":[1,1],"fillGradientColors":[0,0],"fillGradientRatios":[0,255],"fontSize":12,"width":1500,"lineSpacing":0,"height":1147,"borderColor":5855577,"fontColor":0,"fontOption":"Regular","blending":"Normal","opacity":40,"x":0,"y":-324,"fillBlending":"Normal","scaleX":1,"rotation":0,"scaleY":1,"fillOpacity":0,"borderPosition":"Inside","textVerticalAlign":"top","borderBlending":"Normal","borderOpacity":0,"borderThickness":1,"textAlign":"Left","font":"Noto Sans"},{"fillColor":0,"characterSpacing":0,"radiusTopLeft":0,"type":"Text","radiusTopRight":0,"radiusBottomLeft":0,"name":"Description","radiusBottomRight":0,"fillGradientOpacities":[1,1],"fillGradientColors":[0,0],"fillGradientRatios":[0,255],"fontSize":40,"width":800,"lineSpacing":0,"height":60,"borderColor":0,"fontColor":13416530,"fontOption":"Regular","blending":"Normal","opacity":100,"x":350,"y":290,"fillBlending":"Normal","scaleX":1,"rotation":0,"scaleY":1,"fillOpacity":100,"borderPosition":"Inside","textVerticalAlign":"top","borderBlending":"Normal","borderOpacity":100,"borderThickness":1,"textAlign":"Center","font":"Thabit"},{"fillColor":0,"characterSpacing":0,"radiusTopLeft":0,"type":"Text","radiusTopRight":0,"radiusBottomLeft":0,"name":"Title","radiusBottomRight":0,"fillGradientOpacities":[1,1],"fillGradientColors":[0,0],"fillGradientRatios":[0,255],"fontSize":72,"width":800,"lineSpacing":0,"height":80,"borderColor":0,"fontColor":16777215,"fontOption":"Regular","blending":"Normal","opacity":100,"x":350,"y":200,"fillBlending":"Normal","scaleX":1,"rotation":0,"scaleY":1,"fillOpacity":100,"borderPosition":"Inside","textVerticalAlign":"top","borderBlending":"Normal","borderOpacity":100,"borderThickness":1,"textAlign":"Center","font":"Thabit"}],"height":500,"name":"Empty street","fillOpacity":100}]}