{
    "version": 0
    , "workspace": true
    , "artboards": [{
        "items": [{
            "type": "Image"
            , "fontColor": 0
            , "name": "955ab6b71288cf6fa71365767ba6aed2.jpeg"
            , "lineSpacing": 0
            , "fillGradientOpacities": [1, 1]
            , "characterSpacing": 0
            , "fontSize": 12
            , "radiusBottomLeft": 0
            , "radiusTopRight": 0
            , "fillGradientColors": [0, 0]
            , "radiusTopLeft": 0
            , "radiusBottomRight": 0
            , "fillGradientRatios": [0, 255]
            , "width": 2844
            , "height": 1600
            , "fillColor": 0
            , "borderColor": 0
            , "borderThickness": 1
            , "textVerticalAlign": "Top"
            , "x": -722
            , "y": 0
            , "blending": "Normal"
            , "opacity": 100
            , "fillBlending": "Normal"
            , "fillOpacity": 0
            , "scaleY": 1
            , "fontOption": "Regular"
            , "rotation": 0
            , "scaleX": 1
            , "borderBlending": "Normal"
            , "borderOpacity": 0
            , "textAlign": "Left"
            , "font": "Noto Sans"
            , "borderPosition": "Inside"
        }, {
            "type": "Shape"
            , "fontColor": 0
            , "name": null
            , "lineSpacing": 0
            , "fillGradientOpacities": [1, 1]
            , "characterSpacing": 0
            , "fontSize": 12
            , "radiusBottomLeft": 10
            , "radiusTopRight": 10
            , "fillGradientColors": [0, 0]
            , "radiusTopLeft": 10
            , "radiusBottomRight": 10
            , "fillGradientRatios": [0, 255]
            , "width": 960
            , "height": 959
            , "fillColor": 0
            , "borderColor": 0
            , "borderThickness": 1
            , "textVerticalAlign": "Top"
            , "x": 220
            , "y": 220
            , "blending": "Normal"
            , "opacity": 100
            , "fillBlending": "Normal"
            , "fillOpacity": 70
            , "scaleY": 1
            , "fontOption": "Regular"
            , "rotation": 0
            , "scaleX": 1
            , "borderBlending": "Normal"
            , "borderOpacity": 0
            , "textAlign": "Left"
            , "font": "Noto Sans"
            , "borderPosition": "Inside"
        }, {
            "type": "Text"
            , "fontColor": 16777215
            , "name": "Artist\nname\nhere"
            , "lineSpacing": 0
            , "fillGradientOpacities": [1, 1]
            , "characterSpacing": 0
            , "fontSize": 140
            , "radiusBottomLeft": 0
            , "radiusTopRight": 0
            , "fillGradientColors": [0, 0]
            , "radiusTopLeft": 0
            , "radiusBottomRight": 0
            , "fillGradientRatios": [0, 255]
            , "width": 800
            , "height": 600
            , "fillColor": 16777215
            , "borderColor": 0
            , "borderThickness": 1
            , "textVerticalAlign": "Top"
            , "x": 300
            , "y": 360
            , "blending": "Normal"
            , "opacity": 100
            , "fillBlending": "Normal"
            , "fillOpacity": 100
            , "scaleY": 1
            , "fontOption": "Regular"
            , "rotation": 0
            , "scaleX": 1
            , "borderBlending": "Normal"
            , "borderOpacity": 100
            , "textAlign": "Left"
            , "font": "Special Elite"
            , "borderPosition": "Inside"
        }, {
            "type": "Text"
            , "fontColor": 16777215
            , "name": "Album title here"
            , "lineSpacing": 0
            , "fillGradientOpacities": [1, 1]
            , "characterSpacing": 0
            , "fontSize": 72
            , "radiusBottomLeft": 0
            , "radiusTopRight": 0
            , "fillGradientColors": [0, 0]
            , "radiusTopLeft": 0
            , "radiusBottomRight": 0
            , "fillGradientRatios": [0, 255]
            , "width": 800
            , "height": 100
            , "fillColor": 16777215
            , "borderColor": 0
            , "borderThickness": 1
            , "textVerticalAlign": "Top"
            , "x": 300
            , "y": 980
            , "blending": "Normal"
            , "opacity": 100
            , "fillBlending": "Normal"
            , "fillOpacity": 100
            , "scaleY": 1
            , "fontOption": "Regular"
            , "rotation": 0
            , "scaleX": 1
            , "borderBlending": "Normal"
            , "borderOpacity": 100
            , "textAlign": "Left"
            , "font": "Noto Sans"
            , "borderPosition": "Inside"
        }, {
            "type": "Shape"
            , "fontColor": 0
            , "name": null
            , "lineSpacing": 0
            , "fillGradientOpacities": [1, 1]
            , "characterSpacing": 0
            , "fontSize": 12
            , "radiusBottomLeft": 0
            , "radiusTopRight": 0
            , "fillGradientColors": [0, 0]
            , "radiusTopLeft": 0
            , "radiusBottomRight": 0
            , "fillGradientRatios": [0, 255]
            , "width": 800
            , "height": 10
            , "fillColor": 16777215
            , "borderColor": 0
            , "borderThickness": 1
            , "textVerticalAlign": "Top"
            , "x": 300
            , "y": 920
            , "blending": "Normal"
            , "opacity": 100
            , "fillBlending": "Normal"
            , "fillOpacity": 100
            , "scaleY": 1
            , "fontOption": "Regular"
            , "rotation": 0
            , "scaleX": 1
            , "borderBlending": "Normal"
            , "borderOpacity": 0
            , "textAlign": "Left"
            , "font": "Noto Sans"
            , "borderPosition": "Inside"
        }]
        , "x": 0
        , "y": 0
        , "height": 1400
        , "name": "Yellow benches"
        , "width": 1400
        , "fillColor": 0
        , "fillOpacity": 100
    }]
    , "description": ""
    , "name": "Yellow benches"
}