{"name":"Cool motorcycle","id":"1529310049786","version":"2.0.0","artboards":[{"x":0,"name":"Cool motorcycle","fillColor":0,"y":0,"height":1080,"width":1080,"items":[{"fontColor":0,"type":"Image","characterSpacing":0,"fillColor":0,"fillGradientOpacities":[1,1],"name":"84lRlahWjbU.jpg","fillGradientColors":[0,0],"fillGradientRatios":[0,255],"width":1620,"height":1080,"borderColor":0,"radiusTopRight":0,"radiusBottomLeft":0,"fontSize":12,"radiusTopLeft":0,"radiusBottomRight":0,"lineSpacing":0,"textAlign":"Left","font":"Noto Sans","textDecoration":"none","fontOption":"Regular","x":-270,"y":0,"blending":"Normal","opacity":90,"textVerticalAlign":"Top","fillOpacity":0,"fillBlending":"Normal","scaleX":1,"borderBlending":"Normal","borderOpacity":0,"rotation":0,"borderThickness":1,"scaleY":1,"borderPosition":"Inside","typographicCase":"default"},{"fontColor":0,"type":"Shape","characterSpacing":0,"fillColor":16777215,"fillGradientOpacities":[1,1],"name":null,"fillGradientColors":[0,0],"fillGradientRatios":[0,255],"width":600,"height":8,"borderColor":16777215,"radiusTopRight":0,"radiusBottomLeft":0,"fontSize":12,"radiusTopLeft":0,"radiusBottomRight":0,"lineSpacing":0,"textAlign":"Left","font":"Noto Sans","textDecoration":"none","fontOption":"Regular","x":430,"y":180,"blending":"Normal","opacity":100,"textVerticalAlign":"Top","fillOpacity":100,"fillBlending":"Normal","scaleX":1,"borderBlending":"Normal","borderOpacity":100,"rotation":0,"borderThickness":0,"scaleY":1,"borderPosition":"Inside","typographicCase":"default"},{"fontColor":16777215,"type":"Text","characterSpacing":0,"fillColor":16777215,"fillGradientOpacities":[1,1],"name":"Album title","fillGradientColors":[0,0],"fillGradientRatios":[0,255],"width":800,"height":100,"borderColor":0,"radiusTopRight":0,"radiusBottomLeft":0,"fontSize":72,"radiusTopLeft":0,"radiusBottomRight":0,"lineSpacing":0,"textAlign":"Right","font":"Racing Sans One","textDecoration":"none","fontOption":"Regular","x":230,"y":200,"blending":"Normal","opacity":100,"textVerticalAlign":"Top","fillOpacity":100,"fillBlending":"Normal","scaleX":1,"borderBlending":"Normal","borderOpacity":100,"rotation":0,"borderThickness":1,"scaleY":1,"borderPosition":"Inside","typographicCase":"default"},{"fontColor":16777215,"type":"Text","characterSpacing":0,"fillColor":16777215,"fillGradientOpacities":[1,1],"name":"Artist name","fillGradientColors":[0,0],"fillGradientRatios":[0,255],"width":800,"height":140,"borderColor":0,"radiusTopRight":0,"radiusBottomLeft":0,"fontSize":112,"radiusTopLeft":0,"radiusBottomRight":0,"lineSpacing":0,"textAlign":"Right","font":"Racing Sans One","textDecoration":"none","fontOption":"Regular","x":230,"y":30,"blending":"Normal","opacity":100,"textVerticalAlign":"Top","fillOpacity":100,"fillBlending":"Normal","scaleX":1,"borderBlending":"Normal","borderOpacity":100,"rotation":0,"borderThickness":1,"scaleY":1,"borderPosition":"Inside","typographicCase":"default"}],"fillOpacity":100}],"workspace":true,"description":""}