{"id":"1480726635866","version":"1.0.3","workspace":true,"artboards":[{"fillColor":0,"x":0,"width":1500,"y":0,"items":[{"fillColor":0,"characterSpacing":0,"radiusTopLeft":0,"type":"Image","radiusTopRight":0,"radiusBottomLeft":0,"name":"L4iI59WB4Yw.jpg","radiusBottomRight":0,"fillGradientOpacities":[1,1],"fillGradientColors":[0,0],"fillGradientRatios":[0,255],"fontSize":12,"width":1500,"lineSpacing":0,"height":997,"borderColor":0,"fontColor":0,"fontOption":"Regular","blending":"Normal","opacity":100,"x":0,"y":-389,"fillBlending":"Normal","scaleX":1,"rotation":0,"scaleY":1,"fillOpacity":0,"borderPosition":"Inside","textVerticalAlign":"top","borderBlending":"Normal","borderOpacity":0,"borderThickness":1,"textAlign":"Left","font":"Noto Sans"},{"fillColor":0,"characterSpacing":0,"radiusTopLeft":0,"type":"Shape","radiusTopRight":0,"radiusBottomLeft":0,"name":null,"radiusBottomRight":0,"fillGradientOpacities":[1,1],"fillGradientColors":[0,0],"fillGradientRatios":[0,255],"fontSize":12,"width":250,"lineSpacing":0,"height":119,"borderColor":0,"fontColor":0,"fontOption":"Regular","blending":"Normal","opacity":100,"x":1170,"y":80,"fillBlending":"Normal","scaleX":1,"rotation":0,"scaleY":1,"fillOpacity":80,"borderPosition":"Inside","textVerticalAlign":"top","borderBlending":"Normal","borderOpacity":0,"borderThickness":1,"textAlign":"Left","font":"Noto Sans"},{"fillColor":0,"characterSpacing":0,"radiusTopLeft":0,"type":"Shape","radiusTopRight":0,"radiusBottomLeft":0,"name":null,"radiusBottomRight":0,"fillGradientOpacities":[1,1],"fillGradientColors":[0,0],"fillGradientRatios":[0,255],"fontSize":12,"width":290,"lineSpacing":0,"height":80,"borderColor":0,"fontColor":0,"fontOption":"Regular","blending":"Normal","opacity":100,"x":1130,"y":220,"fillBlending":"Normal","scaleX":1,"rotation":0,"scaleY":1,"fillOpacity":80,"borderPosition":"Inside","textVerticalAlign":"top","borderBlending":"Normal","borderOpacity":0,"borderThickness":1,"textAlign":"Left","font":"Noto Sans"},{"fillColor":16738816,"characterSpacing":0,"radiusTopLeft":0,"type":"Text","radiusTopRight":0,"radiusBottomLeft":0,"name":"Description","radiusBottomRight":0,"fillGradientOpacities":[1,1],"fillGradientColors":[0,0],"fillGradientRatios":[0,255],"fontSize":40,"width":240,"lineSpacing":0,"height":60,"borderColor":0,"fontColor":16738816,"fontOption":"Bold","blending":"Normal","opacity":100,"x":1150,"y":238,"fillBlending":"Normal","scaleX":1,"rotation":0,"scaleY":1,"fillOpacity":100,"borderPosition":"Inside","textVerticalAlign":"top","borderBlending":"Normal","borderOpacity":100,"borderThickness":1,"textAlign":"Right","font":"Noto Sans"},{"fillColor":16777215,"characterSpacing":0,"radiusTopLeft":0,"type":"Text","radiusTopRight":0,"radiusBottomLeft":0,"name":"Title","radiusBottomRight":0,"fillGradientOpacities":[1,1],"fillGradientColors":[0,0],"fillGradientRatios":[0,255],"fontSize":72,"width":200,"lineSpacing":0,"height":100,"borderColor":0,"fontColor":16777215,"fontOption":"Regular","blending":"Normal","opacity":100,"x":1190,"y":90,"fillBlending":"Normal","scaleX":1,"rotation":0,"scaleY":1,"fillOpacity":100,"borderPosition":"Inside","textVerticalAlign":"top","borderBlending":"Normal","borderOpacity":100,"borderThickness":1,"textAlign":"Right","font":"Alfa Slab One"}],"height":500,"name":"Dawn city","fillOpacity":100}],"description":"","name":"Dawn city"}