{"name":"Let's surf","id":"1529311715982","version":"2.0.0","artboards":[{"x":0,"name":"Let's surf","fillColor":0,"y":0,"height":315,"width":851,"items":[{"fontColor":0,"type":"Image","characterSpacing":0,"fillColor":0,"fillGradientOpacities":[1,1],"name":"7jSkK3DLmnM.jpg","fillGradientColors":[0,0],"fillGradientRatios":[0,255],"width":851,"height":1063,"borderColor":0,"radiusTopRight":0,"radiusBottomLeft":0,"fontSize":12,"radiusTopLeft":0,"radiusBottomRight":0,"lineSpacing":0,"textAlign":"Left","font":"Noto Sans","textDecoration":"none","fontOption":"Regular","x":0,"y":-244,"blending":"Normal","opacity":100,"textVerticalAlign":"Top","fillOpacity":0,"fillBlending":"Normal","scaleX":1,"borderBlending":"Normal","borderOpacity":0,"rotation":0,"borderThickness":1,"scaleY":1,"borderPosition":"Inside","typographicCase":"default"},{"fontColor":5256220,"type":"Text","characterSpacing":0,"fillColor":0,"fillGradientOpacities":[1,1],"name":"Title","fillGradientColors":[0,0],"fillGradientRatios":[0,255],"width":400,"height":72,"borderColor":0,"radiusTopRight":0,"radiusBottomLeft":0,"fontSize":52,"radiusTopLeft":0,"radiusBottomRight":0,"lineSpacing":0,"textAlign":"Center","font":"Racing Sans One","textDecoration":"none","fontOption":"Regular","x":225,"y":20,"blending":"Normal","opacity":100,"textVerticalAlign":"Top","fillOpacity":100,"fillBlending":"Normal","scaleX":1,"borderBlending":"Normal","borderOpacity":100,"rotation":0,"borderThickness":1,"scaleY":1,"borderPosition":"Inside","typographicCase":"default"},{"fontColor":5256220,"type":"Text","characterSpacing":0,"fillColor":0,"fillGradientOpacities":[1,1],"name":"Description","fillGradientColors":[0,0],"fillGradientRatios":[0,255],"width":400,"height":48,"borderColor":0,"radiusTopRight":0,"radiusBottomLeft":0,"fontSize":40,"radiusTopLeft":0,"radiusBottomRight":0,"lineSpacing":0,"textAlign":"Center","font":"Kanit","textDecoration":"none","fontOption":"Regular Italic","x":225,"y":110,"blending":"Normal","opacity":100,"textVerticalAlign":"Top","fillOpacity":100,"fillBlending":"Normal","scaleX":1,"borderBlending":"Normal","borderOpacity":100,"rotation":0,"borderThickness":1,"scaleY":1,"borderPosition":"Inside","typographicCase":"default"},{"fontColor":0,"type":"Shape","characterSpacing":0,"fillColor":5256477,"fillGradientOpacities":[1,1],"name":null,"fillGradientColors":[0,0],"fillGradientRatios":[0,255],"width":300,"height":4,"borderColor":0,"radiusTopRight":0,"radiusBottomLeft":0,"fontSize":12,"radiusTopLeft":0,"radiusBottomRight":0,"lineSpacing":0,"textAlign":"Left","font":"Noto Sans","textDecoration":"none","fontOption":"Regular","x":275,"y":100,"blending":"Normal","opacity":100,"textVerticalAlign":"Top","fillOpacity":100,"fillBlending":"Normal","scaleX":1,"borderBlending":"Normal","borderOpacity":0,"rotation":0,"borderThickness":1,"scaleY":1,"borderPosition":"Inside","typographicCase":"default"}],"fillOpacity":100}],"workspace":true,"description":""}