{"name":"Cool motorcycle","id":"1529301803961","version":"2.0.0","artboards":[{"x":0,"name":"Cool motorcycle","y":0,"fillColor":0,"height":500,"width":1500,"items":[{"fillColor":0,"type":"Image","characterSpacing":0,"fillGradientOpacities":[1,1],"fillGradientColors":[0,0],"fillGradientRatios":[0,255],"radiusTopLeft":0,"radiusTopRight":0,"radiusBottomLeft":0,"radiusBottomRight":0,"name":"84lRlahWjbU.jpg","borderColor":0,"fontSize":12,"width":1500,"fontColor":0,"height":1000,"lineSpacing":0,"opacity":90,"textAlign":"Left","fontOption":"Regular","textDecoration":"none","fillBlending":"Normal","borderBlending":"Normal","fillOpacity":0,"font":"Noto Sans","borderOpacity":0,"x":0,"borderThickness":1,"y":-169,"scaleX":1,"rotation":0,"borderPosition":"Inside","scaleY":1,"textVerticalAlign":"Top","blending":"Normal","typographicCase":"default"},{"fillColor":16777215,"type":"Shape","characterSpacing":0,"fillGradientOpacities":[1,1],"fillGradientColors":[0,0],"fillGradientRatios":[0,255],"radiusTopLeft":0,"radiusTopRight":0,"radiusBottomLeft":0,"radiusBottomRight":0,"name":null,"borderColor":16777215,"fontSize":12,"width":380,"fontColor":0,"height":5,"lineSpacing":0,"opacity":100,"textAlign":"Left","fontOption":"Regular","textDecoration":"none","fillBlending":"Normal","borderBlending":"Normal","fillOpacity":100,"font":"Noto Sans","borderOpacity":100,"x":1070,"borderThickness":0,"y":240,"scaleX":1,"rotation":0,"borderPosition":"Inside","scaleY":1,"textVerticalAlign":"Top","blending":"Normal","typographicCase":"default"},{"fillColor":16777215,"type":"Text","characterSpacing":0,"fillGradientOpacities":[1,1],"fillGradientColors":[0,0],"fillGradientRatios":[0,255],"radiusTopLeft":0,"radiusTopRight":0,"radiusBottomLeft":0,"radiusBottomRight":0,"name":"Description","borderColor":0,"fontSize":64,"width":600,"fontColor":16777215,"height":100,"lineSpacing":0,"opacity":100,"textAlign":"Right","fontOption":"Regular","textDecoration":"none","fillBlending":"Normal","borderBlending":"Normal","fillOpacity":100,"font":"Racing Sans One","borderOpacity":100,"x":850,"borderThickness":1,"y":250,"scaleX":1,"rotation":0,"borderPosition":"Inside","scaleY":1,"textVerticalAlign":"Top","blending":"Normal","typographicCase":"default"},{"fillColor":16777215,"type":"Text","characterSpacing":0,"fillGradientOpacities":[1,1],"fillGradientColors":[0,0],"fillGradientRatios":[0,255],"radiusTopLeft":0,"radiusTopRight":0,"radiusBottomLeft":0,"radiusBottomRight":0,"name":"Title","borderColor":0,"fontSize":80,"width":600,"fontColor":16777215,"height":120,"lineSpacing":0,"opacity":100,"textAlign":"Right","fontOption":"Regular","textDecoration":"none","fillBlending":"Normal","borderBlending":"Normal","fillOpacity":100,"font":"Racing Sans One","borderOpacity":100,"x":850,"borderThickness":1,"y":120,"scaleX":1,"rotation":0,"borderPosition":"Inside","scaleY":1,"textVerticalAlign":"Top","blending":"Normal","typographicCase":"default"}],"fillOpacity":100}],"workspace":true,"description":""}