{
    "id": "1480465565907",
    "version": "1.0.3",
    "artboards": [{
        "fillColor": 0,
        "x": 0,
        "name": "Rainy day",
        "y": 0,
        "items": [{
            "lineSpacing": 0,
            "characterSpacing": 0,
            "type": "Image",
            "name": "_bT-oNYP5Wk.jpg",
            "fontColor": 0,
            "radiusTopLeft": 0,
            "fontSize": 12,
            "radiusTopRight": 0,
            "radiusBottomLeft": 0,
            "radiusBottomRight": 0,
            "width": 2560,
            "height": 1922,
            "borderColor": 5855577,
            "fillColor": 0,
            "fillGradientOpacities": [1, 1],
            "fillGradientColors": [0, 0],
            "fillGradientRatios": [0, 255],
            "borderBlending": "Normal",
            "borderOpacity": 0,
            "borderPosition": "Inside",
            "fontOption": "Regular",
            "textVerticalAlign": "top",
            "x": -0.9,
            "borderThickness": 1,
            "y": -241,
            "scaleY": 1,
            "scaleX": 1,
            "rotation": 0,
            "blending": "Normal",
            "opacity": 80,
            "fillBlending": "Normal",
            "textAlign": "Left",
            "fillOpacity": 0,
            "font": "Noto Sans"
        }, {
            "lineSpacing": 0,
            "characterSpacing": 0,
            "type": "Text",
            "name": "Channel name",
            "fontColor": 0,
            "radiusTopLeft": 0,
            "fontSize": 112,
            "radiusTopRight": 0,
            "radiusBottomLeft": 0,
            "radiusBottomRight": 0,
            "width": 1200,
            "height": 160,
            "borderColor": 0,
            "fillColor": 16777215,
            "fillGradientOpacities": [1, 1],
            "fillGradientColors": [0, 0],
            "fillGradientRatios": [0, 255],
            "borderBlending": "Normal",
            "borderOpacity": 100,
            "borderPosition": "Inside",
            "fontOption": "Regular",
            "textVerticalAlign": "top",
            "x": 1250,
            "borderThickness": 1,
            "y": 580,
            "scaleY": 1,
            "scaleX": 1,
            "rotation": 0,
            "blending": "Overlay",
            "opacity": 100,
            "fillBlending": "Normal",
            "textAlign": "Right",
            "fillOpacity": 100,
            "font": "Alfa Slab One"
        }, {
            "lineSpacing": 0,
            "characterSpacing": 0,
            "type": "Text",
            "name": "Channel description",
            "fontColor": 0,
            "radiusTopLeft": 0,
            "fontSize": 64,
            "radiusTopRight": 0,
            "radiusBottomLeft": 0,
            "radiusBottomRight": 0,
            "width": 1200,
            "height": 80,
            "borderColor": 0,
            "fillColor": 16777215,
            "fillGradientOpacities": [1, 1],
            "fillGradientColors": [0, 0],
            "fillGradientRatios": [0, 255],
            "borderBlending": "Normal",
            "borderOpacity": 100,
            "borderPosition": "Inside",
            "fontOption": "Regular",
            "textVerticalAlign": "top",
            "x": 1250,
            "borderThickness": 1,
            "y": 730,
            "scaleY": 1,
            "scaleX": 1,
            "rotation": 0,
            "blending": "Overlay",
            "opacity": 100,
            "fillBlending": "Normal",
            "textAlign": "Right",
            "fillOpacity": 100,
            "font": "Noto Sans"
        }],
        "height": 1440,
        "width": 2560,
        "fillOpacity": 100
    }],
    "workspace": true,
    "description": "",
    "name": "Rainy day"
}
