{
    "id": "1480345506100",
    "version": "1.0.3",
    "artboards": [{
        "fillColor": 0,
        "x": 0,
        "y": 0,
        "items": [{
            "lineSpacing": 0,
            "characterSpacing": 0,
            "type": "Image",
            "name": "pdkfGLDxL7I.jpg",
            "fontColor": 0,
            "radiusTopLeft": 0,
            "fontSize": 12,
            "radiusTopRight": 0,
            "radiusBottomLeft": 0,
            "radiusBottomRight": 0,
            "width": 1080,
            "height": 1440,
            "borderColor": 0,
            "fillColor": 0,
            "fillGradientOpacities": [1, 1],
            "fillGradientColors": [0, 0],
            "fillGradientRatios": [0, 255],
            "borderBlending": "Normal",
            "borderOpacity": 0,
            "borderPosition": "Inside",
            "fontOption": "Regular",
            "textVerticalAlign": "top",
            "x": 0,
            "borderThickness": 0,
            "y": 0,
            "scaleY": 1,
            "scaleX": 1,
            "rotation": 0,
            "blending": "Normal",
            "opacity": 100,
            "fillBlending": "Normal",
            "textAlign": "Left",
            "fillOpacity": 0,
            "font": "Noto Sans"
        }, {
            "lineSpacing": 0,
            "characterSpacing": 0,
            "type": "Text",
            "name": "Title",
            "fontColor": 16777215,
            "radiusTopLeft": 0,
            "fontSize": 128,
            "radiusTopRight": 0,
            "radiusBottomLeft": 0,
            "radiusBottomRight": 0,
            "width": 900,
            "height": 180,
            "borderColor": 0,
            "fillColor": 16777215,
            "fillGradientOpacities": [1, 1],
            "fillGradientColors": [0, 0],
            "fillGradientRatios": [0, 255],
            "borderBlending": "Normal",
            "borderOpacity": 100,
            "borderPosition": "Inside",
            "fontOption": "Regular",
            "textVerticalAlign": "top",
            "x": 90,
            "borderThickness": 1,
            "y": 120,
            "scaleY": 1,
            "scaleX": 1,
            "rotation": 0,
            "blending": "Normal",
            "opacity": 100,
            "fillBlending": "Normal",
            "textAlign": "Center",
            "fillOpacity": 100,
            "font": "Racing Sans One"
        }, {
            "lineSpacing": 0,
            "characterSpacing": 0,
            "type": "Text",
            "name": "Description",
            "fontColor": 16777215,
            "radiusTopLeft": 0,
            "fontSize": 64,
            "radiusTopRight": 0,
            "radiusBottomLeft": 0,
            "radiusBottomRight": 0,
            "width": 900,
            "height": 80,
            "borderColor": 0,
            "fillColor": 16777215,
            "fillGradientOpacities": [1, 1],
            "fillGradientColors": [0, 0],
            "fillGradientRatios": [0, 255],
            "borderBlending": "Normal",
            "borderOpacity": 100,
            "borderPosition": "Inside",
            "fontOption": "Regular Italic",
            "textVerticalAlign": "top",
            "x": 90,
            "borderThickness": 1,
            "y": 320,
            "scaleY": 1,
            "scaleX": 1,
            "rotation": 0,
            "blending": "Normal",
            "opacity": 100,
            "fillBlending": "Normal",
            "textAlign": "Center",
            "fillOpacity": 100,
            "font": "Kanit"
        }, {
            "lineSpacing": 0,
            "characterSpacing": 0,
            "type": "Shape",
            "name": null,
            "fontColor": 0,
            "radiusTopLeft": 0,
            "fontSize": 12,
            "radiusTopRight": 0,
            "radiusBottomLeft": 0,
            "radiusBottomRight": 0,
            "width": 900,
            "height": 8,
            "borderColor": 5855577,
            "fillColor": 16777215,
            "fillGradientOpacities": [1, 1],
            "fillGradientColors": [0, 0],
            "fillGradientRatios": [0, 255],
            "borderBlending": "Normal",
            "borderOpacity": 0,
            "borderPosition": "Inside",
            "fontOption": "Regular",
            "textVerticalAlign": "top",
            "x": 90,
            "borderThickness": 1,
            "y": 290,
            "scaleY": 1,
            "scaleX": 1,
            "rotation": 0,
            "blending": "Normal",
            "opacity": 100,
            "fillBlending": "Normal",
            "textAlign": "Left",
            "fillOpacity": 100,
            "font": "Noto Sans"
        }, {
            "lineSpacing": 0,
            "characterSpacing": 0,
            "type": "Shape",
            "name": null,
            "fontColor": 0,
            "radiusTopLeft": 0,
            "fontSize": 12,
            "radiusTopRight": 0,
            "radiusBottomLeft": 0,
            "radiusBottomRight": 0,
            "width": 900,
            "height": 8,
            "borderColor": 5855577,
            "fillColor": 16777215,
            "fillGradientOpacities": [1, 1],
            "fillGradientColors": [0, 0],
            "fillGradientRatios": [0, 255],
            "borderBlending": "Normal",
            "borderOpacity": 0,
            "borderPosition": "Inside",
            "fontOption": "Regular",
            "textVerticalAlign": "top",
            "x": 90,
            "borderThickness": 1,
            "y": 100,
            "scaleY": 1,
            "scaleX": 1,
            "rotation": 0,
            "blending": "Normal",
            "opacity": 100,
            "fillBlending": "Normal",
            "textAlign": "Left",
            "fillOpacity": 100,
            "font": "Noto Sans"
        }],
        "height": 1080,
        "name": "Night road",
        "width": 1080,
        "fillOpacity": 100
    }],
    "workspace": true,
    "description": "",
    "name": "Night road"
}
