{"id":"1480602086271","version":"1.0.3","workspace":true,"description":"","artboards":[{"fillColor":0,"x":0,"name":"Snowy village","width":2560,"y":0,"items":[{"type":"Image","fontColor":0,"name":"8045cf72a0fab5dee7c0425378656385.jpeg","radiusTopLeft":0,"radiusTopRight":0,"radiusBottomLeft":0,"lineSpacing":0,"fillColor":0,"radiusBottomRight":0,"fontSize":12,"fillGradientOpacities":[1,1],"width":2560,"fillGradientRatios":[0,255],"borderColor":5855577,"height":1706,"characterSpacing":0,"fillGradientColors":[0,0],"fillOpacity":20,"textVerticalAlign":"top","borderBlending":"Normal","x":0,"y":370,"blending":"Normal","opacity":90,"scaleX":1,"rotation":0,"fillBlending":"Overlay","scaleY":1,"fontOption":"Regular","textAlign":"Left","borderOpacity":0,"font":"Noto Sans","borderPosition":"Inside","borderThickness":1},{"type":"Text","fontColor":0,"name":"Channel name","radiusTopLeft":0,"radiusTopRight":0,"radiusBottomLeft":0,"lineSpacing":0,"fillColor":16777215,"radiusBottomRight":0,"fontSize":168,"fillGradientOpacities":[1,1],"width":1200,"fillGradientRatios":[0,255],"borderColor":0,"height":220,"characterSpacing":0,"fillGradientColors":[0,0],"fillOpacity":100,"textVerticalAlign":"top","borderBlending":"Normal","x":680,"y":600,"blending":"Overlay","opacity":100,"scaleX":1,"rotation":0,"fillBlending":"Normal","scaleY":1,"fontOption":"Bold Italic","textAlign":"Center","borderOpacity":100,"font":"Lobster Two","borderPosition":"Inside","borderThickness":1},{"type":"Text","fontColor":0,"name":"Channel description","radiusTopLeft":0,"radiusTopRight":0,"radiusBottomLeft":0,"lineSpacing":0,"fillColor":16777215,"radiusBottomRight":0,"fontSize":80,"fillGradientOpacities":[1,1],"width":1200,"fillGradientRatios":[0,255],"borderColor":0,"height":120,"characterSpacing":0,"fillGradientColors":[0,0],"fillOpacity":100,"textVerticalAlign":"top","borderBlending":"Normal","x":680,"y":540,"blending":"Overlay","opacity":100,"scaleX":1,"rotation":0,"fillBlending":"Normal","scaleY":1,"fontOption":"Regular","textAlign":"Center","borderOpacity":100,"font":"Lobster Two","borderPosition":"Inside","borderThickness":1},{"type":"Image","fontColor":0,"name":"8045cf72a0fab5dee7c0425378656385.jpeg","radiusTopLeft":0,"radiusTopRight":0,"radiusBottomLeft":0,"lineSpacing":0,"fillColor":0,"radiusBottomRight":0,"fontSize":12,"fillGradientOpacities":[1,1],"width":2560,"fillGradientRatios":[0,255],"borderColor":5855577,"height":1706,"characterSpacing":0,"fillGradientColors":[0,0],"fillOpacity":20,"textVerticalAlign":"top","borderBlending":"Normal","x":0,"y":-1336,"blending":"Normal","opacity":90,"scaleX":1,"rotation":0,"fillBlending":"Overlay","scaleY":-1,"fontOption":"Regular","textAlign":"Left","borderOpacity":0,"font":"Noto Sans","borderPosition":"Inside","borderThickness":1}],"height":1440,"fillOpacity":100}],"name":"Snowy village"}