<?xml version="1.0" encoding="UTF-8"?>
<extension xmlns="http://ns.adobe.com/air/extension/19.0">
	<id>com.tuarua.FreSwift</id>
	<name>FreSwift</name>
	<copyright>This work is licensed under Apache License, Copyright (c) 2017 Tua Rua Ltd.</copyright>
	<versionNumber>4.4.0</versionNumber>
	<platforms>
	<platform name="MacOS-x86-64">
		<applicationDeployment>
			<nativeLibrary>FreSwift.framework</nativeLibrary>
			<initializer>TRFRESExtInizer</initializer>
			<finalizer>TRFRESExtFinizer</finalizer>
		</applicationDeployment>
	</platform>
    <platform name="default">
        <applicationDeployment/>
    </platform>
	</platforms>
</extension>
