{
  	"version": 0
    , "artboards": [{
        "x": 0
        , "y": 0
        , "fillColor": 0
        , "items": [{
            "type": "Image"
            , "name": "5SfewHv2NGM.jpg"
            , "fontColor": 0
            , "lineSpacing": 0
            , "fontSize": 12
            , "fillGradientOpacities": [1, 1]
            , "characterSpacing": 0
            , "radiusTopLeft": 0
            , "radiusTopRight": 0
            , "width": 1400
            , "radiusBottomLeft": 0
            , "height": 1400
            , "fillGradientColors": [0, 0]
            , "fillColor": 16777215
            , "borderColor": 5855577
            , "radiusBottomRight": 0
            , "fillGradientRatios": [0, 255]
            , "borderBlending": "Normal"
            , "borderOpacity": 0
            , "borderPosition": "Inside"
            , "borderThickness": 1
            , "x": 0
            , "textVerticalAlign": "Top"
            , "y": 0
            , "scaleX": 1
            , "fillOpacity": 0
            , "scaleY": 1
            , "rotation": 0
            , "blending": "Normal"
            , "opacity": 60
            , "fillBlending": "Normal"
            , "fontOption": "Regular"
            , "textAlign": "Left"
            , "font": "Noto Sans"
        }, {
            "type": "Shape"
            , "name": null
            , "fontColor": 0
            , "lineSpacing": 0
            , "fontSize": 12
            , "fillGradientOpacities": [1, 1]
            , "characterSpacing": 0
            , "radiusTopLeft": 0
            , "radiusTopRight": 0
            , "width": 1300
            , "radiusBottomLeft": 0
            , "height": 1300
            , "fillGradientColors": [0, 0]
            , "fillColor": 16777215
            , "borderColor": 16777215
            , "radiusBottomRight": 0
            , "fillGradientRatios": [0, 255]
            , "borderBlending": "Normal"
            , "borderOpacity": 100
            , "borderPosition": "Inside"
            , "borderThickness": 5
            , "x": 50
            , "textVerticalAlign": "Top"
            , "y": 50
            , "scaleX": 1
            , "fillOpacity": 0
            , "scaleY": 1
            , "rotation": 0
            , "blending": "Normal"
            , "opacity": 100
            , "fillBlending": "Normal"
            , "fontOption": "Regular"
            , "textAlign": "Left"
            , "font": "Noto Sans"
        }, {
            "type": "Text"
            , "name": "Artist name"
            , "fontColor": 16777215
            , "lineSpacing": 0
            , "fontSize": 140
            , "fillGradientOpacities": [1, 1]
            , "characterSpacing": 0
            , "radiusTopLeft": 0
            , "radiusTopRight": 0
            , "width": 1200
            , "radiusBottomLeft": 0
            , "height": 160
            , "fillGradientColors": [0, 0]
            , "fillColor": 16777215
            , "borderColor": 0
            , "radiusBottomRight": 0
            , "fillGradientRatios": [0, 255]
            , "borderBlending": "Normal"
            , "borderOpacity": 100
            , "borderPosition": "Inside"
            , "borderThickness": 1
            , "x": 100
            , "textVerticalAlign": "Top"
            , "y": 120
            , "scaleX": 1
            , "fillOpacity": 100
            , "scaleY": 1
            , "rotation": 0
            , "blending": "Normal"
            , "opacity": 100
            , "fillBlending": "Normal"
            , "fontOption": "Regular"
            , "textAlign": "Center"
            , "font": "Josefin Sans"
        }, {
            "type": "Text"
            , "name": "Album title"
            , "fontColor": 16777215
            , "lineSpacing": 0
            , "fontSize": 68
            , "fillGradientOpacities": [1, 1]
            , "characterSpacing": 0
            , "radiusTopLeft": 0
            , "radiusTopRight": 0
            , "width": 1200
            , "radiusBottomLeft": 0
            , "height": 80
            , "fillGradientColors": [0, 0]
            , "fillColor": 16777215
            , "borderColor": 0
            , "radiusBottomRight": 0
            , "fillGradientRatios": [0, 255]
            , "borderBlending": "Normal"
            , "borderOpacity": 100
            , "borderPosition": "Inside"
            , "borderThickness": 1
            , "x": 100
            , "textVerticalAlign": "Top"
            , "y": 1240
            , "scaleX": 1
            , "fillOpacity": 100
            , "scaleY": 1
            , "rotation": 0
            , "blending": "Normal"
            , "opacity": 100
            , "fillBlending": "Normal"
            , "fontOption": "Regular"
            , "textAlign": "Center"
            , "font": "Josefin Sans"
        }]
        , "height": 1400
        , "name": "Night city"
        , "width": 1400
        , "fillOpacity": 100
    }]
    , "description": ""
    , "workspace": true
    , "name": "Night city"
}