{"id":"1480551417365","version":"1.0.3","artboards":[{"fillColor":0,"x":0,"y":0,"items":[{"lineSpacing":0,"characterSpacing":0,"type":"Image","name":"5262e94c6e394cec14da52446432e2c6.jpeg","fontColor":0,"radiusTopLeft":0,"fontSize":12,"radiusTopRight":0,"radiusBottomLeft":0,"radiusBottomRight":0,"width":851,"height":567,"borderColor":16777215,"fillGradientOpacities":[1,1],"fillGradientColors":[0,0],"fillColor":0,"fillGradientRatios":[0,255],"borderBlending":"Normal","borderOpacity":0,"borderPosition":"Inside","fontOption":"Regular","textVerticalAlign":"top","x":0,"borderThickness":1,"y":0,"scaleX":1,"scaleY":1,"rotation":0,"blending":"Normal","opacity":100,"fillBlending":"Normal","textAlign":"Left","fillOpacity":0,"font":"Noto Sans"},{"lineSpacing":0,"characterSpacing":0,"type":"Shape","name":"Rectangle","fontColor":0,"radiusTopLeft":0,"fontSize":12,"radiusTopRight":0,"radiusBottomLeft":0,"radiusBottomRight":0,"width":851,"height":124,"borderColor":0,"fillGradientOpacities":[1,1],"fillGradientColors":[0,0],"fillColor":0,"fillGradientRatios":[0,255],"borderBlending":"Normal","borderOpacity":0,"borderPosition":"Inside","fontOption":"Regular","textVerticalAlign":"top","x":0,"borderThickness":1,"y":0,"scaleX":1,"scaleY":1,"rotation":0,"blending":"Multiply","opacity":60,"fillBlending":"Normal","textAlign":"Left","fillOpacity":100,"font":"Noto Sans"},{"lineSpacing":0,"characterSpacing":0,"type":"Text","name":"Title","fontColor":16772761,"radiusTopLeft":0,"fontSize":44,"radiusTopRight":0,"radiusBottomLeft":0,"radiusBottomRight":0,"width":800,"height":68,"borderColor":0,"fillGradientOpacities":[1,1],"fillGradientColors":[0,0],"fillColor":16777215,"fillGradientRatios":[0,255],"borderBlending":"Normal","borderOpacity":100,"borderPosition":"Inside","fontOption":"Bold","textVerticalAlign":"top","x":25,"borderThickness":1,"y":10,"scaleX":1,"scaleY":1,"rotation":0,"blending":"Normal","opacity":100,"fillBlending":"Normal","textAlign":"Right","fillOpacity":100,"font":"Bitter"},{"lineSpacing":0,"characterSpacing":0,"type":"Text","name":"Description","fontColor":15101207,"radiusTopLeft":0,"fontSize":28,"radiusTopRight":0,"radiusBottomLeft":0,"radiusBottomRight":0,"width":800,"height":48,"borderColor":0,"fillGradientOpacities":[1,1],"fillGradientColors":[0,0],"fillColor":16777215,"fillGradientRatios":[0,255],"borderBlending":"Normal","borderOpacity":100,"borderPosition":"Inside","fontOption":"Regular","textVerticalAlign":"top","x":25,"borderThickness":1,"y":70,"scaleX":1,"scaleY":1,"rotation":0,"blending":"Normal","opacity":100,"fillBlending":"Normal","textAlign":"Right","fillOpacity":100,"font":"Bitter"}],"height":315,"name":"Sunset city","width":851,"fillOpacity":100}],"description":"","name":"Sunset city","workspace":true}