{"id":"1480435130039","version":"1.0.3","description":"","artboards":[{"x":0,"height":1440,"name":"Empty street","y":0,"items":[{"fillGradientRatios":[0,255],"fillColor":16777215,"lineSpacing":0,"type":"Image","name":"7c12127a64408bf10fd9993d1efab6bc.jpeg","characterSpacing":0,"fontColor":0,"fontSize":12,"radiusTopLeft":0,"radiusTopRight":0,"radiusBottomLeft":0,"radiusBottomRight":0,"width":2560,"height":1958,"borderColor":5855577,"fillGradientOpacities":[1,1],"fillGradientColors":[0,0],"borderBlending":"Normal","borderOpacity":0,"borderPosition":"Inside","x":0,"textVerticalAlign":"top","y":-329,"fontOption":"Regular","borderThickness":1,"scaleX":1,"scaleY":1,"rotation":0,"blending":"Normal","opacity":40,"textAlign":"Left","fillBlending":"Normal","font":"Noto Sans","fillOpacity":0},{"fillGradientRatios":[0,255],"fillColor":0,"lineSpacing":0,"type":"Text","name":"Channel description","characterSpacing":0,"fontColor":13416530,"fontSize":56,"radiusTopLeft":0,"radiusTopRight":0,"radiusBottomLeft":0,"radiusBottomRight":0,"width":1200,"height":100,"borderColor":0,"fillGradientOpacities":[1,1],"fillGradientColors":[0,0],"borderBlending":"Normal","borderOpacity":100,"borderPosition":"Inside","x":680,"textVerticalAlign":"top","y":790,"fontOption":"Regular","borderThickness":1,"scaleX":1,"scaleY":1,"rotation":0,"blending":"Normal","opacity":100,"textAlign":"Center","fillBlending":"Normal","font":"Thabit","fillOpacity":100},{"fillGradientRatios":[0,255],"fillColor":0,"lineSpacing":0,"type":"Text","name":"Channel name","characterSpacing":0,"fontColor":16777215,"fontSize":112,"radiusTopLeft":0,"radiusTopRight":0,"radiusBottomLeft":0,"radiusBottomRight":0,"width":1200,"height":140,"borderColor":0,"fillGradientOpacities":[1,1],"fillGradientColors":[0,0],"borderBlending":"Normal","borderOpacity":100,"borderPosition":"Inside","x":680,"textVerticalAlign":"top","y":650,"fontOption":"Regular","borderThickness":1,"scaleX":1,"scaleY":1,"rotation":0,"blending":"Normal","opacity":100,"textAlign":"Center","fillBlending":"Normal","font":"Thabit","fillOpacity":100}],"fillColor":0,"width":2560,"fillOpacity":100}],"name":"Empty street","workspace":true}