{"description":"","id":"1482062454137","version":"1.0.4","workspace":true,"artboards":[{"x":0,"width":1200,"height":600,"y":0,"name":"Sunset city","fillColor":0,"items":[{"fillGradientOpacities":[1,1],"fillGradientColors":[0,0],"fillGradientRatios":[0,255],"borderColor":16777215,"lineSpacing":0,"fillColor":0,"type":"Image","fontSize":12,"fontColor":0,"name":"5262e94c6e394cec14da52446432e2c6.jpeg","width":1200,"characterSpacing":0,"radiusTopLeft":0,"radiusTopRight":0,"height":799,"radiusBottomLeft":0,"radiusBottomRight":0,"fillBlending":"Normal","textVerticalAlign":"top","textAlign":"Left","x":0,"borderBlending":"Normal","borderOpacity":0,"y":-100,"borderThickness":1,"scaleX":1,"fontOption":"Regular","scaleY":1,"fillOpacity":0,"rotation":0,"blending":"Normal","opacity":100,"borderPosition":"Inside","font":"Noto Sans"},{"fillGradientOpacities":[1,1],"fillGradientColors":[0,0],"fillGradientRatios":[0,255],"borderColor":0,"lineSpacing":0,"fillColor":0,"type":"Shape","fontSize":12,"fontColor":0,"name":"Rectangle","width":1200,"characterSpacing":0,"radiusTopLeft":0,"radiusTopRight":0,"height":190,"radiusBottomLeft":0,"radiusBottomRight":0,"fillBlending":"Normal","textVerticalAlign":"top","textAlign":"Left","x":0,"borderBlending":"Normal","borderOpacity":0,"y":410,"borderThickness":1,"scaleX":1,"fontOption":"Regular","scaleY":1,"fillOpacity":100,"rotation":0,"blending":"Multiply","opacity":60,"borderPosition":"Inside","font":"Noto Sans"},{"fillGradientOpacities":[1,1],"fillGradientColors":[0,0],"fillGradientRatios":[0,255],"borderColor":0,"lineSpacing":0,"fillColor":16777215,"type":"Text","fontSize":68,"fontColor":16772761,"name":"Title","width":800,"characterSpacing":0,"radiusTopLeft":0,"radiusTopRight":0,"height":100,"radiusBottomLeft":0,"radiusBottomRight":0,"fillBlending":"Normal","textVerticalAlign":"top","textAlign":"Right","x":359,"borderBlending":"Normal","borderOpacity":100,"y":430,"borderThickness":1,"scaleX":1,"fontOption":"Bold","scaleY":1,"fillOpacity":100,"rotation":0,"blending":"Normal","opacity":100,"borderPosition":"Inside","font":"Bitter"},{"fillGradientOpacities":[1,1],"fillGradientColors":[0,0],"fillGradientRatios":[0,255],"borderColor":0,"lineSpacing":0,"fillColor":16777215,"type":"Text","fontSize":44,"fontColor":15101207,"name":"Description","width":800,"characterSpacing":0,"radiusTopLeft":0,"radiusTopRight":0,"height":60,"radiusBottomLeft":0,"radiusBottomRight":0,"fillBlending":"Normal","textVerticalAlign":"top","textAlign":"Right","x":360,"borderBlending":"Normal","borderOpacity":100,"y":520,"borderThickness":1,"scaleX":1,"fontOption":"Regular","scaleY":1,"fillOpacity":100,"rotation":0,"blending":"Normal","opacity":100,"borderPosition":"Inside","font":"Bitter"}],"fillOpacity":100}],"name":"Sunset city"}