{"id":"1480730002309","version":"1.0.3","workspace":true,"description":"","name":"Night city","artboards":[{"fillColor":0,"x":0,"width":1500,"y":0,"items":[{"fillColor":16777215,"characterSpacing":0,"radiusTopLeft":0,"type":"Image","radiusTopRight":0,"radiusBottomLeft":0,"name":"0e7e8d632ad91c81ca3af3aeea326280.jpeg","radiusBottomRight":0,"fillGradientOpacities":[1,1],"fillGradientColors":[0,0],"fillGradientRatios":[0,255],"fontSize":12,"width":1500,"lineSpacing":0,"height":1500,"borderColor":5855577,"fontColor":0,"fontOption":"Regular","blending":"Normal","opacity":50,"x":0,"y":-500,"fillBlending":"Normal","scaleX":1,"rotation":0,"scaleY":1,"fillOpacity":0,"borderPosition":"Inside","textVerticalAlign":"top","borderBlending":"Normal","borderOpacity":0,"borderThickness":1,"textAlign":"Left","font":"Noto Sans"},{"fillColor":16777215,"characterSpacing":0,"radiusTopLeft":0,"type":"Shape","radiusTopRight":0,"radiusBottomLeft":0,"name":null,"radiusBottomRight":0,"fillGradientOpacities":[1,1],"fillGradientColors":[0,0],"fillGradientRatios":[0,255],"fontSize":12,"width":1460,"lineSpacing":0,"height":330,"borderColor":16777215,"fontColor":0,"fontOption":"Regular","blending":"Normal","opacity":100,"x":20,"y":85,"fillBlending":"Normal","scaleX":1,"rotation":0,"scaleY":1,"fillOpacity":0,"borderPosition":"Inside","textVerticalAlign":"top","borderBlending":"Normal","borderOpacity":100,"borderThickness":4,"textAlign":"Left","font":"Noto Sans"},{"fillColor":16777215,"characterSpacing":0,"radiusTopLeft":0,"type":"Text","radiusTopRight":0,"radiusBottomLeft":0,"name":"Title","radiusBottomRight":0,"fillGradientOpacities":[1,1],"fillGradientColors":[0,0],"fillGradientRatios":[0,255],"fontSize":80,"width":800,"lineSpacing":0,"height":80,"borderColor":0,"fontColor":16777215,"fontOption":"Regular","blending":"Normal","opacity":100,"x":350,"y":110,"fillBlending":"Normal","scaleX":1,"rotation":0,"scaleY":1,"fillOpacity":100,"borderPosition":"Inside","textVerticalAlign":"top","borderBlending":"Normal","borderOpacity":100,"borderThickness":1,"textAlign":"Center","font":"Josefin Sans"},{"fillColor":16777215,"characterSpacing":0,"radiusTopLeft":0,"type":"Text","radiusTopRight":0,"radiusBottomLeft":0,"name":"Description","radiusBottomRight":0,"fillGradientOpacities":[1,1],"fillGradientColors":[0,0],"fillGradientRatios":[0,255],"fontSize":40,"width":800,"lineSpacing":0,"height":60,"borderColor":0,"fontColor":16777215,"fontOption":"Regular","blending":"Normal","opacity":100,"x":350,"y":360,"fillBlending":"Normal","scaleX":1,"rotation":0,"scaleY":1,"fillOpacity":100,"borderPosition":"Inside","textVerticalAlign":"top","borderBlending":"Normal","borderOpacity":100,"borderThickness":1,"textAlign":"Center","font":"Josefin Sans"}],"height":500,"name":"Night city","fillOpacity":100}]}