{
    "version": 0
    , "workspace": true
    , "artboards": [{
        "items": [{
            "fillColor": 16777215
            , "type": "Image"
            , "name": "CVO3TozRVp8.jpg"
            , "fontColor": 0
            , "lineSpacing": 0
            , "fontSize": 12
            , "fillGradientOpacities": [1, 1]
            , "characterSpacing": 0
            , "radiusTopLeft": 0
            , "radiusTopRight": 0
            , "width": 1830
            , "radiusBottomLeft": 0
            , "height": 1400
            , "fillGradientColors": [0, 0]
            , "radiusBottomRight": 0
            , "borderColor": 5855577
            , "fillGradientRatios": [0, 255]
            , "font": "Noto Sans"
            , "borderBlending": "Normal"
            , "borderOpacity": 0
            , "borderPosition": "Inside"
            , "borderThickness": 1
            , "textVerticalAlign": "Top"
            , "x": -215
            , "y": 0
            , "scaleX": 1
            , "fillOpacity": 0
            , "scaleY": 1
            , "rotation": 0
            , "blending": "Normal"
            , "opacity": 50
            , "fillBlending": "Normal"
            , "fontOption": "Regular"
            , "textAlign": "Left"
        }, {
            "fillColor": 0
            , "type": "Text"
            , "name": "Subheading"
            , "fontColor": 13416530
            , "lineSpacing": 0
            , "fontSize": 58
            , "fillGradientOpacities": [1, 1]
            , "characterSpacing": 0
            , "radiusTopLeft": 0
            , "radiusTopRight": 0
            , "width": 1200
            , "radiusBottomLeft": 0
            , "height": 100
            , "fillGradientColors": [0, 0]
            , "radiusBottomRight": 0
            , "borderColor": 0
            , "fillGradientRatios": [0, 255]
            , "font": "Thabit"
            , "borderBlending": "Normal"
            , "borderOpacity": 100
            , "borderPosition": "Inside"
            , "borderThickness": 1
            , "textVerticalAlign": "Top"
            , "x": 100
            , "y": 1160
            , "scaleX": 1
            , "fillOpacity": 100
            , "scaleY": 1
            , "rotation": 0
            , "blending": "Normal"
            , "opacity": 100
            , "fillBlending": "Normal"
            , "fontOption": "Regular"
            , "textAlign": "Center"
        }, {
            "fillColor": 0
            , "type": "Text"
            , "name": "Heading"
            , "fontColor": 16777215
            , "lineSpacing": 0
            , "fontSize": 120
            , "fillGradientOpacities": [1, 1]
            , "characterSpacing": 0
            , "radiusTopLeft": 0
            , "radiusTopRight": 0
            , "width": 1200
            , "radiusBottomLeft": 0
            , "height": 140
            , "fillGradientColors": [0, 0]
            , "radiusBottomRight": 0
            , "borderColor": 0
            , "fillGradientRatios": [0, 255]
            , "font": "Thabit"
            , "borderBlending": "Normal"
            , "borderOpacity": 100
            , "borderPosition": "Inside"
            , "borderThickness": 1
            , "textVerticalAlign": "Top"
            , "x": 100
            , "y": 1000
            , "scaleX": 1
            , "fillOpacity": 100
            , "scaleY": 1
            , "rotation": 0
            , "blending": "Normal"
            , "opacity": 100
            , "fillBlending": "Normal"
            , "fontOption": "Regular"
            , "textAlign": "Center"
        }]
        , "width": 1400
        , "y": 0
        , "x": 0
        , "height": 1400
        , "name": "Empty street"
        , "fillColor": 0
        , "fillOpacity": 100
    }]
    , "description": ""
    , "name": "Empty street"
}