{"description":"","id":"1482061337395","version":"1.0.4","artboards":[{"x":0,"height":600,"y":0,"items":[{"characterSpacing":0,"borderColor":0,"fillGradientOpacities":[1,1],"fillGradientColors":[0,0],"fillGradientRatios":[0,255],"type":"Image","fillColor":0,"fontSize":12,"name":"4eda603d2365ea2fb60f40a0ee03b856.jpeg","width":1200,"fontColor":0,"height":797,"radiusTopLeft":0,"lineSpacing":0,"radiusTopRight":0,"radiusBottomLeft":0,"radiusBottomRight":0,"textAlign":"Left","blending":"Normal","fontOption":"Regular","opacity":100,"borderPosition":"Inside","fillBlending":"Normal","textVerticalAlign":"top","x":0,"y":-99,"borderBlending":"Normal","borderOpacity":0,"scaleX":1,"scaleY":1,"borderThickness":1,"rotation":0,"fillOpacity":0,"font":"Noto Sans"},{"characterSpacing":0,"borderColor":0,"fillGradientOpacities":[1,1],"fillGradientColors":[0,0],"fillGradientRatios":[0,255],"type":"Shape","fillColor":0,"fontSize":12,"name":null,"width":280,"fontColor":0,"height":120,"radiusTopLeft":0,"lineSpacing":0,"radiusTopRight":0,"radiusBottomLeft":0,"radiusBottomRight":0,"textAlign":"Left","blending":"Normal","fontOption":"Regular","opacity":100,"borderPosition":"Inside","fillBlending":"Normal","textVerticalAlign":"top","x":880,"y":50,"borderBlending":"Normal","borderOpacity":0,"scaleX":1,"scaleY":1,"borderThickness":1,"rotation":0,"fillOpacity":80,"font":"Noto Sans"},{"characterSpacing":0,"borderColor":0,"fillGradientOpacities":[1,1],"fillGradientColors":[0,0],"fillGradientRatios":[0,255],"type":"Shape","fillColor":0,"fontSize":12,"name":null,"width":340,"fontColor":0,"height":111,"radiusTopLeft":0,"lineSpacing":0,"radiusTopRight":0,"radiusBottomLeft":0,"radiusBottomRight":0,"textAlign":"Left","blending":"Normal","fontOption":"Regular","opacity":100,"borderPosition":"Inside","fillBlending":"Normal","textVerticalAlign":"top","x":820,"y":190,"borderBlending":"Normal","borderOpacity":0,"scaleX":1,"scaleY":1,"borderThickness":1,"rotation":0,"fillOpacity":80,"font":"Noto Sans"},{"characterSpacing":0,"borderColor":0,"fillGradientOpacities":[1,1],"fillGradientColors":[0,0],"fillGradientRatios":[0,255],"type":"Text","fillColor":16738816,"fontSize":48,"name":"Description","width":320,"fontColor":16738816,"height":80,"radiusTopLeft":0,"lineSpacing":0,"radiusTopRight":0,"radiusBottomLeft":0,"radiusBottomRight":0,"textAlign":"Right","blending":"Normal","fontOption":"Bold","opacity":100,"borderPosition":"Inside","fillBlending":"Normal","textVerticalAlign":"top","x":810,"y":220,"borderBlending":"Normal","borderOpacity":100,"scaleX":1,"scaleY":1,"borderThickness":1,"rotation":0,"fillOpacity":100,"font":"Noto Sans"},{"characterSpacing":0,"borderColor":0,"fillGradientOpacities":[1,1],"fillGradientColors":[0,0],"fillGradientRatios":[0,255],"type":"Text","fillColor":16777215,"fontSize":80,"name":"Title","width":280,"fontColor":16777215,"height":120,"radiusTopLeft":0,"lineSpacing":0,"radiusTopRight":0,"radiusBottomLeft":0,"radiusBottomRight":0,"textAlign":"Right","blending":"Normal","fontOption":"Regular","opacity":100,"borderPosition":"Inside","fillBlending":"Normal","textVerticalAlign":"top","x":850,"y":50,"borderBlending":"Normal","borderOpacity":100,"scaleX":1,"scaleY":1,"borderThickness":1,"rotation":0,"fillOpacity":100,"font":"Alfa Slab One"}],"name":"Dawn city","fillColor":0,"width":1200,"fillOpacity":100}],"name":"Dawn city","workspace":true}