{
    "id": "1480513047279"
    , "version": "1.0.3"
    , "artboards": [{
        "fillColor": 0
        , "x": 0
        , "y": 0
        , "items": [{
            "lineSpacing": 0
            , "characterSpacing": 0
            , "type": "Image"
            , "name": "soGoAfesWO8.jpg"
            , "fontColor": 0
            , "radiusTopLeft": 0
            , "fontSize": 12
            , "radiusTopRight": 0
            , "radiusBottomLeft": 0
            , "radiusBottomRight": 0
            , "width": 851
            , "height": 567
            , "borderColor": 0
            , "fillColor": 0
            , "fillGradientOpacities": [1, 1]
            , "fillGradientColors": [0, 0]
            , "fillGradientRatios": [0, 255]
            , "borderBlending": "Normal"
            , "borderOpacity": 0
            , "borderPosition": "Inside"
            , "fontOption": "Regular"
            , "textVerticalAlign": "Top"
            , "x": 0
            , "borderThickness": 1
            , "y": -176
            , "scaleY": 1
            , "scaleX": 1
            , "rotation": 0
            , "blending": "Normal"
            , "opacity": 80
            , "fillBlending": "Normal"
            , "textAlign": "Left"
            , "fillOpacity": 0
            , "font": "Noto Sans"
        }, {
            "lineSpacing": 0
            , "characterSpacing": 0
            , "type": "Text"
            , "name": "Title"
            , "fontColor": 16777215
            , "radiusTopLeft": 0
            , "fontSize": 60
            , "radiusTopRight": 0
            , "radiusBottomLeft": 0
            , "radiusBottomRight": 0
            , "width": 800
            , "height": 80
            , "borderColor": 0
            , "fillColor": 16777215
            , "fillGradientOpacities": [1, 1]
            , "fillGradientColors": [0, 0]
            , "fillGradientRatios": [0, 255]
            , "borderBlending": "Normal"
            , "borderOpacity": 100
            , "borderPosition": "Inside"
            , "fontOption": "Bold"
            , "textVerticalAlign": "Top"
            , "x": 25
            , "borderThickness": 1
            , "y": 160
            , "scaleY": 1
            , "scaleX": 1
            , "rotation": 0
            , "blending": "Difference"
            , "opacity": 100
            , "fillBlending": "Normal"
            , "textAlign": "Center"
            , "fillOpacity": 100
            , "font": "Amatic SC"
        }, {
            "lineSpacing": 0
            , "characterSpacing": 0
            , "type": "Text"
            , "name": "Description"
            , "fontColor": 9103070
            , "radiusTopLeft": 0
            , "fontSize": 40
            , "radiusTopRight": 0
            , "radiusBottomLeft": 0
            , "radiusBottomRight": 0
            , "width": 800
            , "height": 60
            , "borderColor": 0
            , "fillColor": 16777215
            , "fillGradientOpacities": [1, 1]
            , "fillGradientColors": [0, 0]
            , "fillGradientRatios": [0, 255]
            , "borderBlending": "Normal"
            , "borderOpacity": 100
            , "borderPosition": "Inside"
            , "fontOption": "Regular"
            , "textVerticalAlign": "Top"
            , "x": 25
            , "borderThickness": 1
            , "y": 240
            , "scaleY": 1
            , "scaleX": 1
            , "rotation": 0
            , "blending": "Normal"
            , "opacity": 100
            , "fillBlending": "Normal"
            , "textAlign": "Center"
            , "fillOpacity": 100
            , "font": "Amatic SC"
        }]
        , "height": 315
        , "name": "Afternoon of rainy day"
        , "width": 851
        , "fillOpacity": 100
    }]
    , "description": ""
    , "name": "Afternoon of rainy day"
    , "workspace": true
}