{"id":"1480345544990","version":"1.0.3","workspace":true,"artboards":[{"x":0,"height":1080,"width":1080,"y":0,"fillColor":0,"items":[{"characterSpacing":0,"type":"Image","name":"77d590cfaead708dc16b2e810eb984b4.jpeg","fontColor":0,"radiusTopLeft":0,"radiusTopRight":0,"fontSize":12,"radiusBottomLeft":0,"radiusBottomRight":0,"width":1080,"height":1350,"fillGradientOpacities":[1,1],"fillColor":0,"lineSpacing":0,"fillGradientColors":[0,0],"fillGradientRatios":[0,255],"borderColor":0,"borderOpacity":0,"fontOption":"Regular","borderThickness":1,"borderPosition":"Inside","textVerticalAlign":"top","x":0,"y":-135,"scaleX":1,"scaleY":1,"rotation":0,"fillOpacity":50,"blending":"Normal","opacity":90,"fillBlending":"Overlay","textAlign":"Left","font":"Noto Sans","borderBlending":"Normal"},{"characterSpacing":0,"type":"Shape","name":null,"fontColor":0,"radiusTopLeft":500,"radiusTopRight":500,"fontSize":12,"radiusBottomLeft":500,"radiusBottomRight":500,"width":800,"height":800,"fillGradientOpacities":[1,1],"fillColor":0,"lineSpacing":0,"fillGradientColors":[0,0],"fillGradientRatios":[0,255],"borderColor":16777215,"borderOpacity":100,"fontOption":"Regular","borderThickness":5,"borderPosition":"Inside","textVerticalAlign":"top","x":140,"y":140,"scaleX":1,"scaleY":1,"rotation":0,"fillOpacity":0,"blending":"Normal","opacity":100,"fillBlending":"Overlay","textAlign":"Left","font":"Noto Sans","borderBlending":"Normal"},{"characterSpacing":0,"type":"Text","name":"Title","fontColor":16777215,"radiusTopLeft":0,"radiusTopRight":0,"fontSize":128,"radiusBottomLeft":0,"radiusBottomRight":0,"width":1080,"height":160,"fillGradientOpacities":[1,1],"fillColor":16777215,"lineSpacing":0,"fillGradientColors":[0,0],"fillGradientRatios":[0,255],"borderColor":0,"borderOpacity":100,"fontOption":"Bold Italic","borderThickness":1,"borderPosition":"Inside","textVerticalAlign":"top","x":0,"y":550,"scaleX":1,"scaleY":1,"rotation":0,"fillOpacity":100,"blending":"Normal","opacity":100,"fillBlending":"Normal","textAlign":"Center","font":"Arvo","borderBlending":"Normal"},{"characterSpacing":0,"type":"Text","name":"Description","fontColor":16777215,"radiusTopLeft":0,"radiusTopRight":0,"fontSize":72,"radiusBottomLeft":0,"radiusBottomRight":0,"width":1080,"height":80,"fillGradientOpacities":[1,1],"fillColor":16777215,"lineSpacing":0,"fillGradientColors":[0,0],"fillGradientRatios":[0,255],"borderColor":0,"borderOpacity":100,"fontOption":"Regular Italic","borderThickness":1,"borderPosition":"Inside","textVerticalAlign":"top","x":0,"y":430,"scaleX":1,"scaleY":1,"rotation":0,"fillOpacity":100,"blending":"Normal","opacity":100,"fillBlending":"Normal","textAlign":"Center","font":"Arvo","borderBlending":"Normal"}],"name":"To the mountain","fillOpacity":100}],"description":"","name":"To the mountain"}