{"id":"1480729564963","version":"1.0.3","workspace":true,"description":"","name":"Fallen leaves","artboards":[{"fillColor":0,"x":0,"width":1500,"y":0,"items":[{"fillColor":16777215,"characterSpacing":0,"radiusTopLeft":0,"type":"Image","radiusTopRight":0,"radiusBottomLeft":0,"name":"wsowOKsHLDU.jpg","radiusBottomRight":0,"fillGradientOpacities":[1,1],"fillGradientColors":[0,0],"fillGradientRatios":[0,255],"fontSize":12,"width":1500,"lineSpacing":0,"height":1069,"borderColor":5855577,"fontColor":0,"fontOption":"Regular","blending":"Normal","opacity":100,"x":0,"y":-389,"fillBlending":"Normal","scaleX":1,"rotation":0,"scaleY":1,"fillOpacity":0,"borderPosition":"Inside","textVerticalAlign":"top","borderBlending":"Normal","borderOpacity":0,"borderThickness":1,"textAlign":"Left","font":"Noto Sans"},{"fillColor":16777215,"characterSpacing":0,"radiusTopLeft":0,"type":"Shape","radiusTopRight":0,"radiusBottomLeft":0,"name":"Rectangle","radiusBottomRight":0,"fillGradientOpacities":[1,1],"fillGradientColors":[0,0],"fillGradientRatios":[0,255],"fontSize":12,"width":1500,"lineSpacing":0,"height":120,"borderColor":0,"fontColor":0,"fontOption":"Regular","blending":"Normal","opacity":100,"x":0,"y":190,"fillBlending":"Normal","scaleX":1,"rotation":0,"scaleY":1,"fillOpacity":60,"borderPosition":"Inside","textVerticalAlign":"top","borderBlending":"Normal","borderOpacity":0,"borderThickness":0,"textAlign":"Left","font":"Noto Sans"},{"fillColor":0,"characterSpacing":0,"radiusTopLeft":0,"type":"Text","radiusTopRight":0,"radiusBottomLeft":0,"name":"Description","radiusBottomRight":0,"fillGradientOpacities":[1,1],"fillGradientColors":[0,0],"fillGradientRatios":[0,255],"fontSize":32,"width":240,"lineSpacing":0,"height":40,"borderColor":0,"fontColor":4489254,"fontOption":"Regular","blending":"Normal","opacity":100,"x":1220,"y":260,"fillBlending":"Normal","scaleX":1,"rotation":0,"scaleY":1,"fillOpacity":100,"borderPosition":"Inside","textVerticalAlign":"top","borderBlending":"Normal","borderOpacity":100,"borderThickness":1,"textAlign":"Right","font":"Special Elite"},{"fillColor":16777215,"characterSpacing":0,"radiusTopLeft":0,"type":"Text","radiusTopRight":0,"radiusBottomLeft":0,"name":"Title","radiusBottomRight":0,"fillGradientOpacities":[1,1],"fillGradientColors":[0,0],"fillGradientRatios":[0,255],"fontSize":52,"width":240,"lineSpacing":0,"height":60,"borderColor":0,"fontColor":1920264,"fontOption":"Regular","blending":"Normal","opacity":100,"x":1220,"y":210,"fillBlending":"Normal","scaleX":1,"rotation":0,"scaleY":1,"fillOpacity":100,"borderPosition":"Inside","textVerticalAlign":"top","borderBlending":"Normal","borderOpacity":100,"borderThickness":1,"textAlign":"Right","font":"Special Elite"}],"height":500,"name":"Fallen leaves","fillOpacity":100}]}