{"id":"1480730006676","version":"1.0.3","workspace":true,"description":"","name":"Old bookshelf","artboards":[{"fillColor":0,"x":0,"width":1500,"y":0,"items":[{"fillColor":0,"characterSpacing":0,"radiusTopLeft":0,"type":"Image","radiusTopRight":0,"radiusBottomLeft":0,"name":"lIWF2uHxs0Q.jpg","radiusBottomRight":0,"fillGradientOpacities":[1,1],"fillGradientColors":[0,0],"fillGradientRatios":[0,255],"fontSize":12,"width":1500,"lineSpacing":0,"height":2254,"borderColor":0,"fontColor":0,"fontOption":"Regular","blending":"Normal","opacity":40,"x":0,"y":-877,"fillBlending":"Normal","scaleX":1,"rotation":0,"scaleY":1,"fillOpacity":0,"borderPosition":"Inside","textVerticalAlign":"top","borderBlending":"Normal","borderOpacity":0,"borderThickness":1,"textAlign":"Left","font":"Noto Sans"},{"fillColor":0,"characterSpacing":0,"radiusTopLeft":0,"type":"Shape","radiusTopRight":0,"radiusBottomLeft":0,"name":null,"radiusBottomRight":0,"fillGradientOpacities":[1,1],"fillGradientColors":[0,0],"fillGradientRatios":[0,255],"fontSize":12,"width":520,"lineSpacing":0,"height":140,"borderColor":16777215,"fontColor":0,"fontOption":"Regular","blending":"Normal","opacity":100,"x":490,"y":180,"fillBlending":"Normal","scaleX":1,"rotation":0,"scaleY":1,"fillOpacity":0,"borderPosition":"Inside","textVerticalAlign":"top","borderBlending":"Normal","borderOpacity":100,"borderThickness":6,"textAlign":"Left","font":"Noto Sans"},{"fillColor":16777215,"characterSpacing":0,"radiusTopLeft":0,"type":"Text","radiusTopRight":0,"radiusBottomLeft":0,"name":"Description","radiusBottomRight":0,"fillGradientOpacities":[1,1],"fillGradientColors":[0,0],"fillGradientRatios":[0,255],"fontSize":40,"width":460,"lineSpacing":0,"height":60,"borderColor":0,"fontColor":16724787,"fontOption":"Regular","blending":"Normal","opacity":100,"x":520,"y":330,"fillBlending":"Normal","scaleX":1,"rotation":0,"scaleY":1,"fillOpacity":100,"borderPosition":"Inside","textVerticalAlign":"top","borderBlending":"Normal","borderOpacity":100,"borderThickness":1,"textAlign":"Center","font":"Bitter"},{"fillColor":16777215,"characterSpacing":0,"radiusTopLeft":0,"type":"Text","radiusTopRight":0,"radiusBottomLeft":0,"name":"Title","radiusBottomRight":0,"fillGradientOpacities":[1,1],"fillGradientColors":[0,0],"fillGradientRatios":[0,255],"fontSize":80,"width":460,"lineSpacing":0,"height":88,"borderColor":0,"fontColor":16777215,"fontOption":"Regular","blending":"Normal","opacity":100,"x":520,"y":200,"fillBlending":"Normal","scaleX":1,"rotation":0,"scaleY":1,"fillOpacity":100,"borderPosition":"Inside","textVerticalAlign":"top","borderBlending":"Normal","borderOpacity":100,"borderThickness":1,"textAlign":"Center","font":"Graduate"}],"height":500,"name":"Old bookshelf","fillOpacity":100}]}