{"id":"1480432161060","version":"1.0.3","description":"","artboards":[{"x":0,"height":1440,"name":"Bridge to the lake","y":0,"items":[{"fillGradientRatios":[0,255],"fillColor":0,"lineSpacing":0,"type":"Image","name":"f23c5157d382e635378c2a486ad106cf.jpeg","characterSpacing":0,"fontColor":0,"fontSize":12,"radiusTopLeft":0,"radiusTopRight":0,"radiusBottomLeft":0,"radiusBottomRight":0,"width":2560,"height":1708,"borderColor":0,"fillGradientOpacities":[1,1],"fillGradientColors":[0,0],"borderBlending":"Normal","borderOpacity":0,"borderPosition":"Inside","x":-0.9,"textVerticalAlign":"top","y":-134,"fontOption":"Regular","borderThickness":1,"scaleX":1,"scaleY":1,"rotation":0,"blending":"Normal","opacity":100,"textAlign":"Left","fillBlending":"Normal","font":"Noto Sans","fillOpacity":0},{"fillGradientRatios":[0,255],"fillColor":16777215,"lineSpacing":0,"type":"Text","name":"Channel name","characterSpacing":0,"fontColor":10065546,"fontSize":120,"radiusTopLeft":0,"radiusTopRight":0,"radiusBottomLeft":0,"radiusBottomRight":0,"width":1200,"height":120,"borderColor":0,"fillGradientOpacities":[1,1],"fillGradientColors":[0,0],"borderBlending":"Normal","borderOpacity":100,"borderPosition":"Inside","x":1280,"textVerticalAlign":"top","y":650,"fontOption":"Regular Italic","borderThickness":1,"scaleX":1,"scaleY":1,"rotation":0,"blending":"Normal","opacity":100,"textAlign":"Right","fillBlending":"Normal","font":"Josefin Sans","fillOpacity":100},{"fillGradientRatios":[0,255],"fillColor":16777215,"lineSpacing":0,"type":"Text","name":"Channel description","characterSpacing":0,"fontColor":10065546,"fontSize":72,"radiusTopLeft":0,"radiusTopRight":0,"radiusBottomLeft":0,"radiusBottomRight":0,"width":1200,"height":80,"borderColor":0,"fillGradientOpacities":[1,1],"fillGradientColors":[0,0],"borderBlending":"Normal","borderOpacity":100,"borderPosition":"Inside","x":1280,"textVerticalAlign":"top","y":560,"fontOption":"Regular Italic","borderThickness":1,"scaleX":1,"scaleY":1,"rotation":0,"blending":"Normal","opacity":100,"textAlign":"Right","fillBlending":"Normal","font":"Josefin Sans","fillOpacity":100}],"fillColor":0,"width":2560,"fillOpacity":100}],"name":"Bridge to the lake","workspace":true}