{
    "version": 0
    , "workspace": true
    , "artboards": [{
        "items": [{
            "fillColor": 0
            , "type": "Image"
            , "name": "fa814558295fd1c7f158e24e7d4aa911.jpeg"
            , "fontColor": 0
            , "lineSpacing": 0
            , "fontSize": 12
            , "fillGradientOpacities": [1, 1]
            , "characterSpacing": 0
            , "radiusTopLeft": 0
            , "radiusTopRight": 0
            , "width": 2400
            , "radiusBottomLeft": 0
            , "height": 1600
            , "fillGradientColors": [0, 0]
            , "radiusBottomRight": 0
            , "borderColor": 0
            , "fillGradientRatios": [0, 255]
            , "font": "Noto Sans"
            , "borderBlending": "Normal"
            , "borderOpacity": 0
            , "borderPosition": "Inside"
            , "borderThickness": 1
            , "textVerticalAlign": "Top"
            , "x": -500
            , "y": 0
            , "scaleX": 1
            , "fillOpacity": 0
            , "scaleY": 1
            , "rotation": 0
            , "blending": "Normal"
            , "opacity": 90
            , "fillBlending": "Normal"
            , "fontOption": "Regular"
            , "textAlign": "Left"
        }, {
            "fillColor": 16777215
            , "type": "Text"
            , "name": "Heading"
            , "fontColor": 16777215
            , "lineSpacing": 0
            , "fontSize": 120
            , "fillGradientOpacities": [1, 1]
            , "characterSpacing": 0
            , "radiusTopLeft": 0
            , "radiusTopRight": 0
            , "width": 1200
            , "radiusBottomLeft": 0
            , "height": 160
            , "fillGradientColors": [0, 0]
            , "radiusBottomRight": 0
            , "borderColor": 0
            , "fillGradientRatios": [0, 255]
            , "font": "Noticia Text"
            , "borderBlending": "Normal"
            , "borderOpacity": 100
            , "borderPosition": "Inside"
            , "borderThickness": 1
            , "textVerticalAlign": "Top"
            , "x": 106
            , "y": 100
            , "scaleX": 1
            , "fillOpacity": 100
            , "scaleY": 1
            , "rotation": 0
            , "blending": "Normal"
            , "opacity": 100
            , "fillBlending": "Normal"
            , "fontOption": "Bold Italic"
            , "textAlign": "Center"
        }, {
            "fillColor": 16777215
            , "type": "Shape"
            , "name": null
            , "fontColor": 0
            , "lineSpacing": 0
            , "fontSize": 12
            , "fillGradientOpacities": [1, 1]
            , "characterSpacing": 0
            , "radiusTopLeft": 0
            , "radiusTopRight": 0
            , "width": 1000
            , "radiusBottomLeft": 0
            , "height": 10
            , "fillGradientColors": [0, 0]
            , "radiusBottomRight": 0
            , "borderColor": 5855577
            , "fillGradientRatios": [0, 255]
            , "font": "Noto Sans"
            , "borderBlending": "Normal"
            , "borderOpacity": 0
            , "borderPosition": "Inside"
            , "borderThickness": 1
            , "textVerticalAlign": "Top"
            , "x": 200
            , "y": 260
            , "scaleX": 1
            , "fillOpacity": 100
            , "scaleY": 1
            , "rotation": 0
            , "blending": "Normal"
            , "opacity": 100
            , "fillBlending": "Normal"
            , "fontOption": "Regular"
            , "textAlign": "Left"
        }, {
            "fillColor": 16777215
            , "type": "Text"
            , "name": "Subheading"
            , "fontColor": 16777215
            , "lineSpacing": 0
            , "fontSize": 64
            , "fillGradientOpacities": [1, 1]
            , "characterSpacing": 0
            , "radiusTopLeft": 0
            , "radiusTopRight": 0
            , "width": 1200
            , "radiusBottomLeft": 0
            , "height": 80
            , "fillGradientColors": [0, 0]
            , "radiusBottomRight": 0
            , "borderColor": 0
            , "fillGradientRatios": [0, 255]
            , "font": "Noticia Text"
            , "borderBlending": "Normal"
            , "borderOpacity": 100
            , "borderPosition": "Inside"
            , "borderThickness": 1
            , "textVerticalAlign": "Top"
            , "x": 100
            , "y": 270
            , "scaleX": 1
            , "fillOpacity": 100
            , "scaleY": 1
            , "rotation": 0
            , "blending": "Normal"
            , "opacity": 100
            , "fillBlending": "Normal"
            , "fontOption": "Regular"
            , "textAlign": "Center"
        }]
        , "width": 1400
        , "y": 0
        , "x": 0
        , "height": 1400
        , "name": "On the road"
        , "fillColor": 0
        , "fillOpacity": 100
    }]
    , "description": ""
    , "name": "On the road"
}