{
    "name": "Let's surf",
    "id": "1529115757610",
    "version": "2.0.0",
    "artboards": [{
        "x": 0,
        "name": "Night road",
        "y": 0,
        "height": 1400,
        "width": 1400,
        "items": [{
            "fillGradientRatios": [0, 255],
            "type": "Image",
            "characterSpacing": 0,
            "fontColor": 0,
            "lineSpacing": 0,
            "name": "7jSkK3DLmnM.jpg",
            "borderColor": 0,
            "fontSize": 12,
            "width": 1440,
            "height": 1800,
            "fillColor": 0,
            "radiusTopLeft": 0,
            "fillGradientOpacities": [1, 1],
            "radiusTopRight": 0,
            "radiusBottomLeft": 0,
            "fillGradientColors": [0, 0],
            "radiusBottomRight": 0,
            "textAlign": "Left",
            "font": "Noto Sans",
            "textDecoration": "none",
            "borderPosition": "Inside",
            "x": -19,
            "y": -200,
            "scaleX": 1,
            "textVerticalAlign": "Top",
            "blending": "Normal",
            "scaleY": 1,
            "borderBlending": "Normal",
            "rotation": 0,
            "borderOpacity": 0,
            "fillBlending": "Normal",
            "borderThickness": 1,
            "opacity": 100,
            "fillOpacity": 0,
            "typographicCase": "default",
            "fontOption": "Regular"
        }, {
            "fillGradientRatios": [0, 255],
            "type": "Text",
            "characterSpacing": 0,
            "fontColor": 5256220,
            "lineSpacing": 0,
            "name": "Artist name",
            "borderColor": 0,
            "fontSize": 150,
            "width": 1200,
            "height": 190,
            "fillColor": 0,
            "radiusTopLeft": 0,
            "fillGradientOpacities": [1, 1],
            "radiusTopRight": 0,
            "radiusBottomLeft": 0,
            "fillGradientColors": [0, 0],
            "radiusBottomRight": 0,
            "textAlign": "Center",
            "font": "Racing Sans One",
            "textDecoration": "none",
            "borderPosition": "Inside",
            "x": 100,
            "y": 90,
            "scaleX": 1,
            "textVerticalAlign": "Top",
            "blending": "Normal",
            "scaleY": 1,
            "borderBlending": "Normal",
            "rotation": 0,
            "borderOpacity": 100,
            "fillBlending": "Normal",
            "borderThickness": 1,
            "opacity": 100,
            "fillOpacity": 100,
            "typographicCase": "default",
            "fontOption": "Regular"
        }, {
            "fillGradientRatios": [0, 255],
            "type": "Text",
            "characterSpacing": 0,
            "fontColor": 5256220,
            "lineSpacing": 0,
            "name": "Album title",
            "borderColor": 0,
            "fontSize": 72,
            "width": 1200,
            "height": 100,
            "fillColor": 0,
            "radiusTopLeft": 0,
            "fillGradientOpacities": [1, 1],
            "radiusTopRight": 0,
            "radiusBottomLeft": 0,
            "fillGradientColors": [0, 0],
            "radiusBottomRight": 0,
            "textAlign": "Center",
            "font": "Kanit",
            "textDecoration": "none",
            "borderPosition": "Inside",
            "x": 100,
            "y": 320,
            "scaleX": 1,
            "textVerticalAlign": "Top",
            "blending": "Normal",
            "scaleY": 1,
            "borderBlending": "Normal",
            "rotation": 0,
            "borderOpacity": 100,
            "fillBlending": "Normal",
            "borderThickness": 1,
            "opacity": 100,
            "fillOpacity": 100,
            "typographicCase": "default",
            "fontOption": "Regular Italic"
        }, {
            "fillGradientRatios": [0, 255],
            "type": "Shape",
            "characterSpacing": 0,
            "fontColor": 0,
            "lineSpacing": 0,
            "name": null,
            "borderColor": 0,
            "fontSize": 12,
            "width": 600,
            "height": 5,
            "fillColor": 5256477,
            "radiusTopLeft": 0,
            "fillGradientOpacities": [1, 1],
            "radiusTopRight": 0,
            "radiusBottomLeft": 0,
            "fillGradientColors": [0, 0],
            "radiusBottomRight": 0,
            "textAlign": "Left",
            "font": "Noto Sans",
            "textDecoration": "none",
            "borderPosition": "Inside",
            "x": 400,
            "y": 290,
            "scaleX": 1,
            "textVerticalAlign": "Top",
            "blending": "Normal",
            "scaleY": 1,
            "borderBlending": "Normal",
            "rotation": 0,
            "borderOpacity": 0,
            "fillBlending": "Normal",
            "borderThickness": 1,
            "opacity": 100,
            "fillOpacity": 100,
            "typographicCase": "default",
            "fontOption": "Regular"
        }],
        "fillColor": 0,
        "fillOpacity": 100
    }],
    "workspace": true,
    "description": ""
}
