{"description":"","id":"1482062238744","version":"1.0.4","workspace":true,"artboards":[{"x":0,"width":1200,"height":600,"y":0,"name":"Sandy beach","fillColor":0,"items":[{"fillGradientOpacities":[1,1],"fillGradientColors":[0,0],"fillGradientRatios":[0,255],"borderColor":0,"lineSpacing":0,"fillColor":16777215,"type":"Image","fontSize":12,"fontColor":0,"name":"1a31fa0f630acbfae02b79702eada97f.jpeg","width":1200,"characterSpacing":0,"radiusTopLeft":0,"radiusTopRight":0,"height":672,"radiusBottomLeft":0,"radiusBottomRight":0,"fillBlending":"Overlay","textVerticalAlign":"top","textAlign":"Left","x":0,"borderBlending":"Normal","borderOpacity":0,"y":-36,"borderThickness":1,"scaleX":1,"fontOption":"Regular","scaleY":1,"fillOpacity":20,"rotation":0,"blending":"Normal","opacity":90,"borderPosition":"Inside","font":"Noto Sans"},{"fillGradientOpacities":[1,1],"fillGradientColors":[0,0],"fillGradientRatios":[0,255],"borderColor":0,"lineSpacing":0,"fillColor":0,"type":"Text","fontSize":88,"fontColor":2523256,"name":"Title","width":760,"characterSpacing":0,"radiusTopLeft":0,"radiusTopRight":0,"height":100,"radiusBottomLeft":0,"radiusBottomRight":0,"fillBlending":"Normal","textVerticalAlign":"top","textAlign":"Center","x":220,"borderBlending":"Normal","borderOpacity":100,"y":160,"borderThickness":1,"scaleX":1,"fontOption":"Regular","scaleY":1,"fillOpacity":100,"rotation":0,"blending":"Normal","opacity":100,"borderPosition":"Inside","font":"Rock Salt"},{"fillGradientOpacities":[1,1],"fillGradientColors":[0,0],"fillGradientRatios":[0,255],"borderColor":0,"lineSpacing":0,"fillColor":0,"type":"Text","fontSize":48,"fontColor":16777215,"name":"Description","width":760,"characterSpacing":0,"radiusTopLeft":0,"radiusTopRight":0,"height":60,"radiusBottomLeft":0,"radiusBottomRight":0,"fillBlending":"Normal","textVerticalAlign":"top","textAlign":"Center","x":220,"borderBlending":"Normal","borderOpacity":100,"y":380,"borderThickness":1,"scaleX":1,"fontOption":"Regular","scaleY":1,"fillOpacity":100,"rotation":0,"blending":"Normal","opacity":100,"borderPosition":"Inside","font":"Noto Sans"}],"fillOpacity":100}],"name":"Sandy beach"}