{"id":"1480374029208","version":"1.0.3","workspace":true,"artboards":[{"x":0,"height":1080,"width":1080,"y":0,"fillColor":0,"items":[{"characterSpacing":0,"type":"Image","name":"567da51855aa3601e69603291fce431d.jpeg","fontColor":0,"radiusTopLeft":0,"radiusTopRight":0,"fontSize":12,"radiusBottomLeft":0,"radiusBottomRight":0,"width":1596,"height":1200,"fillGradientOpacities":[1,1],"fillColor":0,"lineSpacing":0,"fillGradientColors":[0,0],"fillGradientRatios":[0,255],"borderColor":5855577,"borderOpacity":0,"fontOption":"Regular","borderThickness":1,"borderPosition":"Inside","textVerticalAlign":"top","x":-258,"y":0,"scaleX":1,"scaleY":1,"rotation":0,"fillOpacity":0,"blending":"Normal","opacity":80,"fillBlending":"Normal","textAlign":"Left","font":"Noto Sans","borderBlending":"Normal"},{"characterSpacing":0,"type":"Text","name":"Title","fontColor":0,"radiusTopLeft":0,"radiusTopRight":0,"fontSize":112,"radiusBottomLeft":0,"radiusBottomRight":0,"width":900,"height":160,"fillGradientOpacities":[1,1],"fillColor":16777215,"lineSpacing":0,"fillGradientColors":[0,0],"fillGradientRatios":[0,255],"borderColor":0,"borderOpacity":100,"fontOption":"Regular","borderThickness":1,"borderPosition":"Inside","textVerticalAlign":"top","x":90,"y":420,"scaleX":1,"scaleY":1,"rotation":0,"fillOpacity":100,"blending":"Overlay","opacity":100,"fillBlending":"Normal","textAlign":"Right","font":"Alfa Slab One","borderBlending":"Normal"},{"characterSpacing":0,"type":"Text","name":"Description","fontColor":0,"radiusTopLeft":0,"radiusTopRight":0,"fontSize":64,"radiusBottomLeft":0,"radiusBottomRight":0,"width":900,"height":80,"fillGradientOpacities":[1,1],"fillColor":16777215,"lineSpacing":0,"fillGradientColors":[0,0],"fillGradientRatios":[0,255],"borderColor":0,"borderOpacity":100,"fontOption":"Regular","borderThickness":1,"borderPosition":"Inside","textVerticalAlign":"top","x":90,"y":580,"scaleX":1,"scaleY":1,"rotation":0,"fillOpacity":100,"blending":"Overlay","opacity":100,"fillBlending":"Normal","textAlign":"Right","font":"Noto Sans","borderBlending":"Normal"}],"name":"Rainy day","fillOpacity":100}],"description":"","name":"Rainy day"}