{
    "workspace": true,
    "artboards": [{
        "x": 0,
        "name": null,
        "fillColor": 0,
        "y": 0,
        "height": 1400,
        "width": 1400,
        "items": [{
            "fillGradientRatios": [0, 255],
            "type": "Image",
            "fontColor": 0,
            "characterSpacing": 0,
            "name": "N0lm0ZRc9y4.jpg",
            "borderColor": 5855577,
            "width": 1400,
            "height": 2097,
            "fillColor": 5855577,
            "fontSize": 12,
            "radiusTopLeft": 0,
            "fillGradientOpacities": [1, 1],
            "radiusTopRight": 0,
            "lineSpacing": 0,
            "radiusBottomLeft": 0,
            "fillGradientColors": [0, 0],
            "radiusBottomRight": 0,
            "borderPosition": "Inside",
            "textAlign": "Left",
            "font": "Noto Sans",
            "textDecoration": "none",
            "fontOption": "Regular",
            "x": 0,
            "y": -349,
            "textVerticalAlign": "Top",
            "scaleX": 1,
            "opacity": 100,
            "blending": "Normal",
            "borderOpacity": 0,
            "fillBlending": "Normal",
            "borderBlending": "Normal",
            "rotation": 0,
            "borderThickness": 1,
            "fillOpacity": 0,
            "scaleY": 1,
            "typographicCase": "default"
        }, {
            "fillGradientRatios": [0, 255],
            "type": "Text",
            "fontColor": 16777215,
            "characterSpacing": 0,
            "name": "Artist name",
            "borderColor": 0,
            "width": 1000,
            "height": 200,
            "fillColor": 16777215,
            "fontSize": 140,
            "radiusTopLeft": 0,
            "fillGradientOpacities": [1, 1],
            "radiusTopRight": 0,
            "lineSpacing": 0,
            "radiusBottomLeft": 0,
            "fillGradientColors": [0, 0],
            "radiusBottomRight": 0,
            "borderPosition": "Inside",
            "textAlign": "Center",
            "font": "Peace Sans",
            "textDecoration": "none",
            "fontOption": "Regular",
            "x": 200,
            "y": 140,
            "textVerticalAlign": "Top",
            "scaleX": 1,
            "opacity": 100,
            "blending": "Normal",
            "borderOpacity": 100,
            "fillBlending": "Normal",
            "borderBlending": "Normal",
            "rotation": 0,
            "borderThickness": 1,
            "fillOpacity": 100,
            "scaleY": 1,
            "typographicCase": "default"
        }, {
            "fillGradientRatios": [0, 255],
            "type": "Text",
            "fontColor": 16777215,
            "characterSpacing": 0,
            "name": "Album title",
            "borderColor": 0,
            "width": 1000,
            "height": 100,
            "fillColor": 16777215,
            "fontSize": 72,
            "radiusTopLeft": 0,
            "fillGradientOpacities": [1, 1],
            "radiusTopRight": 0,
            "lineSpacing": 0,
            "radiusBottomLeft": 0,
            "fillGradientColors": [0, 0],
            "radiusBottomRight": 0,
            "borderPosition": "Inside",
            "textAlign": "Center",
            "font": "Peace Sans",
            "textDecoration": "none",
            "fontOption": "Regular",
            "x": 200,
            "y": 390,
            "textVerticalAlign": "Top",
            "scaleX": 1,
            "opacity": 100,
            "blending": "Normal",
            "borderOpacity": 100,
            "fillBlending": "Normal",
            "borderBlending": "Normal",
            "rotation": 0,
            "borderThickness": 1,
            "fillOpacity": 100,
            "scaleY": 1,
            "typographicCase": "default"
        }, {
            "fillGradientRatios": [0, 255],
            "type": "Shape",
            "fontColor": 0,
            "characterSpacing": 0,
            "name": null,
            "borderColor": 5855577,
            "width": 1000,
            "height": 10,
            "fillColor": 16777215,
            "fontSize": 12,
            "radiusTopLeft": 0,
            "fillGradientOpacities": [1, 1],
            "radiusTopRight": 0,
            "lineSpacing": 0,
            "radiusBottomLeft": 0,
            "fillGradientColors": [0, 0],
            "radiusBottomRight": 0,
            "borderPosition": "Inside",
            "textAlign": "Left",
            "font": "Noto Sans",
            "textDecoration": "none",
            "fontOption": "Regular",
            "x": 200,
            "y": 350,
            "textVerticalAlign": "Top",
            "scaleX": 1,
            "opacity": 100,
            "blending": "Normal",
            "borderOpacity": 0,
            "fillBlending": "Normal",
            "borderBlending": "Normal",
            "rotation": 0,
            "borderThickness": 1,
            "fillOpacity": 100,
            "scaleY": 1,
            "typographicCase": "default"
        }, {
            "fillGradientRatios": [0, 255],
            "type": "Shape",
            "fontColor": 0,
            "characterSpacing": 0,
            "name": null,
            "borderColor": 5855577,
            "width": 1000,
            "height": 10,
            "fillColor": 16777215,
            "fontSize": 12,
            "radiusTopLeft": 0,
            "fillGradientOpacities": [1, 1],
            "radiusTopRight": 0,
            "lineSpacing": 0,
            "radiusBottomLeft": 0,
            "fillGradientColors": [0, 0],
            "radiusBottomRight": 0,
            "borderPosition": "Inside",
            "textAlign": "Left",
            "font": "Noto Sans",
            "textDecoration": "none",
            "fontOption": "Regular",
            "x": 200,
            "y": 120,
            "textVerticalAlign": "Top",
            "scaleX": 1,
            "opacity": 100,
            "blending": "Normal",
            "borderOpacity": 0,
            "fillBlending": "Normal",
            "borderBlending": "Normal",
            "rotation": 0,
            "borderThickness": 1,
            "fillOpacity": 100,
            "scaleY": 1,
            "typographicCase": "default"
        }],
        "fillOpacity": 100
    }],
    "name": "Toughroad",
    "id": "1529194568079",
    "version": "2.0.0",
    "description": ""
}
