{"name":"Snowy village","id":"1528849722328","version":"2.0.0","artboards":[{"x":0,"name":"Snowy village","fillColor":0,"y":0,"height":500,"width":1500,"items":[{"fontColor":0,"type":"Image","characterSpacing":0,"fillColor":0,"name":"fQdtnuap4O4.jpg","fillGradientOpacities":[1,1],"borderColor":5855577,"fontSize":12,"width":1500,"fillGradientColors":[0,0],"height":999,"fillGradientRatios":[0,255],"radiusTopLeft":0,"radiusTopRight":0,"radiusBottomLeft":0,"radiusBottomRight":0,"lineSpacing":0,"fontOption":"Regular","textAlign":"Left","font":"Noto Sans","textDecoration":"none","x":0,"y":-132,"blending":"Normal","textVerticalAlign":"Top","opacity":100,"fillBlending":"Normal","fillOpacity":20,"scaleX":1,"borderBlending":"Normal","scaleY":1,"borderThickness":1,"rotation":0,"borderOpacity":0,"typographicCase":"default","borderPosition":"Inside"},{"fontColor":0,"type":"Text","characterSpacing":0,"fillColor":16777215,"name":"Title","fillGradientOpacities":[1,1],"borderColor":0,"fontSize":80,"width":760,"fillGradientColors":[0,0],"height":100,"fillGradientRatios":[0,255],"radiusTopLeft":0,"radiusTopRight":0,"radiusBottomLeft":0,"radiusBottomRight":0,"lineSpacing":0,"fontOption":"Bold Italic","textAlign":"Center","font":"Lobster Two","textDecoration":"none","x":370,"y":130,"blending":"Overlay","textVerticalAlign":"Top","opacity":100,"fillBlending":"Normal","fillOpacity":100,"scaleX":1,"borderBlending":"Normal","scaleY":1,"borderThickness":1,"rotation":0,"borderOpacity":100,"typographicCase":"default","borderPosition":"Inside"},{"fontColor":0,"type":"Text","characterSpacing":0,"fillColor":16777215,"name":"Description","fillGradientOpacities":[1,1],"borderColor":0,"fontSize":48,"width":760,"fillGradientColors":[0,0],"height":60,"fillGradientRatios":[0,255],"radiusTopLeft":0,"radiusTopRight":0,"radiusBottomLeft":0,"radiusBottomRight":0,"lineSpacing":0,"fontOption":"Regular","textAlign":"Center","font":"Lobster Two","textDecoration":"none","x":370,"y":80,"blending":"Overlay","textVerticalAlign":"Top","opacity":100,"fillBlending":"Normal","fillOpacity":100,"scaleX":1,"borderBlending":"Normal","scaleY":1,"borderThickness":1,"rotation":0,"borderOpacity":100,"typographicCase":"default","borderPosition":"Inside"}],"fillOpacity":100}],"workspace":true,"description":""}