{
    "version": 0
    , "workspace": true
    , "artboards": [{
        "items": [{
            "fillColor": 0
            , "type": "Image"
            , "name": "0761b5c53873ca6e223337ba8fe0d910.jpeg"
            , "fontColor": 0
            , "lineSpacing": 0
            , "fontSize": 12
            , "fillGradientOpacities": [1, 1]
            , "characterSpacing": 0
            , "radiusTopLeft": 0
            , "radiusTopRight": 0
            , "width": 2100
            , "radiusBottomLeft": 0
            , "height": 1400
            , "fillGradientColors": [0, 0]
            , "radiusBottomRight": 0
            , "borderColor": 5855577
            , "fillGradientRatios": [0, 255]
            , "font": "Noto Sans"
            , "borderBlending": "Normal"
            , "borderOpacity": 0
            , "borderPosition": "Inside"
            , "borderThickness": 1
            , "textVerticalAlign": "Top"
            , "x": -350
            , "y": 0
            , "scaleX": 1
            , "fillOpacity": 0
            , "scaleY": 1
            , "rotation": 0
            , "blending": "Normal"
            , "opacity": 100
            , "fillBlending": "Normal"
            , "fontOption": "Regular"
            , "textAlign": "Left"
        }, {
            "fillColor": 16738816
            , "type": "Text"
            , "name": "Heading"
            , "fontColor": 10050350
            , "lineSpacing": 0
            , "fontSize": 120
            , "fillGradientOpacities": [1, 1]
            , "characterSpacing": 0
            , "radiusTopLeft": 0
            , "radiusTopRight": 0
            , "width": 1200
            , "radiusBottomLeft": 0
            , "height": 160
            , "fillGradientColors": [0, 0]
            , "radiusBottomRight": 0
            , "borderColor": 0
            , "fillGradientRatios": [0, 255]
            , "font": "Nanum Barun Pen"
            , "borderBlending": "Normal"
            , "borderOpacity": 100
            , "borderPosition": "Inside"
            , "borderThickness": 1
            , "textVerticalAlign": "Top"
            , "x": 100
            , "y": 150
            , "scaleX": 1
            , "fillOpacity": 100
            , "scaleY": 1
            , "rotation": 0
            , "blending": "Normal"
            , "opacity": 100
            , "fillBlending": "Normal"
            , "fontOption": "Regular"
            , "textAlign": "Center"
        }, {
            "fillColor": 16738816
            , "type": "Text"
            , "name": "Subheading"
            , "fontColor": 11760711
            , "lineSpacing": 0
            , "fontSize": 72
            , "fillGradientOpacities": [1, 1]
            , "characterSpacing": 0
            , "radiusTopLeft": 0
            , "radiusTopRight": 0
            , "width": 1200
            , "radiusBottomLeft": 0
            , "height": 120
            , "fillGradientColors": [0, 0]
            , "radiusBottomRight": 0
            , "borderColor": 0
            , "fillGradientRatios": [0, 255]
            , "font": "Nanum Barun Pen"
            , "borderBlending": "Normal"
            , "borderOpacity": 100
            , "borderPosition": "Inside"
            , "borderThickness": 1
            , "textVerticalAlign": "Top"
            , "x": 100
            , "y": 350
            , "scaleX": 1
            , "fillOpacity": 100
            , "scaleY": 1
            , "rotation": 0
            , "blending": "Normal"
            , "opacity": 100
            , "fillBlending": "Normal"
            , "fontOption": "Regular"
            , "textAlign": "Center"
        }, {
            "fillColor": 11760711
            , "type": "Shape"
            , "name": "Rectangle"
            , "fontColor": 0
            , "lineSpacing": 0
            , "fontSize": 12
            , "fillGradientOpacities": [1, 1]
            , "characterSpacing": 0
            , "radiusTopLeft": 0
            , "radiusTopRight": 0
            , "width": 1200
            , "radiusBottomLeft": 0
            , "height": 5
            , "fillGradientColors": [0, 0]
            , "radiusBottomRight": 0
            , "borderColor": 0
            , "fillGradientRatios": [0, 255]
            , "font": "Noto Sans"
            , "borderBlending": "Normal"
            , "borderOpacity": 0
            , "borderPosition": "Inside"
            , "borderThickness": 1
            , "textVerticalAlign": "Top"
            , "x": 100
            , "y": 310
            , "scaleX": 1
            , "fillOpacity": 100
            , "scaleY": 1
            , "rotation": 0
            , "blending": "Normal"
            , "opacity": 100
            , "fillBlending": "Normal"
            , "fontOption": "Regular"
            , "textAlign": "Left"
        }]
        , "width": 1400
        , "y": 0
        , "x": 0
        , "height": 1400
        , "name": "Tiny island"
        , "fillColor": 0
        , "fillOpacity": 100
    }]
    , "description": ""
    , "name": "Tiny island"
}