{"id":"1480730961417","version":"1.0.3","workspace":true,"artboards":[{"x":0,"fillColor":0,"y":0,"items":[{"characterSpacing":0,"radiusTopLeft":0,"type":"Image","radiusTopRight":0,"radiusBottomLeft":0,"name":"wxGwllldlIQ.jpg","radiusBottomRight":0,"fillGradientOpacities":[1,1],"fillGradientColors":[0,0],"fillGradientRatios":[0,255],"fontSize":12,"width":1500,"lineSpacing":0,"fillColor":16777215,"height":840,"borderColor":0,"fontColor":0,"font":"Noto Sans","blending":"Normal","opacity":90,"x":0,"y":-120,"fillBlending":"Overlay","scaleX":1,"rotation":0,"scaleY":1,"fillOpacity":20,"borderPosition":"Inside","textVerticalAlign":"top","borderBlending":"Normal","borderOpacity":0,"borderThickness":1,"textAlign":"Left","fontOption":"Regular"},{"characterSpacing":0,"radiusTopLeft":0,"type":"Text","radiusTopRight":0,"radiusBottomLeft":0,"name":"Title","radiusBottomRight":0,"fillGradientOpacities":[1,1],"fillGradientColors":[0,0],"fillGradientRatios":[0,255],"fontSize":80,"width":760,"lineSpacing":0,"fillColor":0,"height":100,"borderColor":0,"fontColor":2523256,"font":"Rock Salt","blending":"Normal","opacity":100,"x":370,"y":150,"fillBlending":"Normal","scaleX":1,"rotation":0,"scaleY":1,"fillOpacity":100,"borderPosition":"Inside","textVerticalAlign":"top","borderBlending":"Normal","borderOpacity":100,"borderThickness":1,"textAlign":"Center","fontOption":"Regular"},{"characterSpacing":0,"radiusTopLeft":0,"type":"Text","radiusTopRight":0,"radiusBottomLeft":0,"name":"Description","radiusBottomRight":0,"fillGradientOpacities":[1,1],"fillGradientColors":[0,0],"fillGradientRatios":[0,255],"fontSize":40,"width":760,"lineSpacing":0,"fillColor":0,"height":60,"borderColor":0,"fontColor":16777215,"font":"Noto Sans","blending":"Normal","opacity":100,"x":370,"y":380,"fillBlending":"Normal","scaleX":1,"rotation":0,"scaleY":1,"fillOpacity":100,"borderPosition":"Inside","textVerticalAlign":"top","borderBlending":"Normal","borderOpacity":100,"borderThickness":1,"textAlign":"Center","fontOption":"Regular"}],"height":500,"width":1500,"name":"Sandy beach","fillOpacity":100}],"description":"","name":"Sandy beach"}