{"id":"1480345336392","version":"1.0.3","artboards":[{"x":0,"y":0,"fillColor":0,"items":[{"type":"Image","fontColor":0,"name":"CVO3TozRVp8.jpg","radiusTopRight":0,"radiusBottomLeft":0,"radiusBottomRight":0,"fontSize":12,"lineSpacing":0,"fillGradientOpacities":[1,1],"radiusTopLeft":0,"fillGradientColors":[0,0],"fillGradientRatios":[0,255],"height":1080,"width":1411,"fillColor":16777215,"borderColor":5855577,"characterSpacing":0,"textVerticalAlign":"top","x":-166,"blending":"Normal","opacity":50,"y":0,"fillBlending":"Normal","scaleX":1,"rotation":0,"fillOpacity":0,"scaleY":1,"fontOption":"Regular","textAlign":"Left","borderBlending":"Normal","borderOpacity":0,"borderThickness":1,"font":"Noto Sans","borderPosition":"Inside"},{"type":"Text","fontColor":13416530,"name":"Description","radiusTopRight":0,"radiusBottomLeft":0,"radiusBottomRight":0,"fontSize":58,"lineSpacing":0,"fillGradientOpacities":[1,1],"radiusTopLeft":0,"fillGradientColors":[0,0],"fillGradientRatios":[0,255],"height":100,"width":1080,"fillColor":0,"borderColor":0,"characterSpacing":0,"textVerticalAlign":"top","x":0,"blending":"Normal","opacity":100,"y":920,"fillBlending":"Normal","scaleX":1,"rotation":0,"fillOpacity":100,"scaleY":1,"fontOption":"Regular","textAlign":"Center","borderBlending":"Normal","borderOpacity":100,"borderThickness":1,"font":"Thabit","borderPosition":"Inside"},{"type":"Text","fontColor":16777215,"name":"Title","radiusTopRight":0,"radiusBottomLeft":0,"radiusBottomRight":0,"fontSize":112,"lineSpacing":0,"fillGradientOpacities":[1,1],"radiusTopLeft":0,"fillGradientColors":[0,0],"fillGradientRatios":[0,255],"height":140,"width":1080,"fillColor":0,"borderColor":0,"characterSpacing":0,"textVerticalAlign":"top","x":0,"blending":"Normal","opacity":100,"y":780,"fillBlending":"Normal","scaleX":1,"rotation":0,"fillOpacity":100,"scaleY":1,"fontOption":"Regular","textAlign":"Center","borderBlending":"Normal","borderOpacity":100,"borderThickness":1,"font":"Thabit","borderPosition":"Inside"}],"height":1080,"name":"Empty street","width":1080,"fillOpacity":100}],"workspace":true,"description":"","name":"Empty street"}