<?xml version="1.0" encoding="utf-8" standalone="no"?>
<application xmlns="http://ns.adobe.com/air/application/31.0">
	<id>com.wittenlab.membrane</id>
	<filename>Membrane</filename>
	<name>Membrane</name>
	<versionNumber>2.2.0</versionNumber>
	<copyright>© Witten Lab</copyright>
	<initialWindow>
		<content>Membrane.swf</content>
        <renderMode>direct</renderMode>
        <depthAndStencil>true</depthAndStencil>
		<requestedDisplayResolution>high</requestedDisplayResolution>
        <visible>true</visible>
    </initialWindow>
    <supportedProfiles>extendedDesktop</supportedProfiles>
    <supportedLanguages>en ko</supportedLanguages>
	<extensions>
    	<extensionID>com.lazarecki.MacOSFullScreen</extensionID>
    </extensions>
    <fileTypes>
		<fileType>
			<name>com.wittenlab.membrane.document</name>
			<extension>membrane</extension>
			<description>Membrane document file</description>
			<contentType>application/membrane</contentType>
			<icon>
				<image16x16>/Assets/Icons/Document/icon_16x16.png</image16x16>
				<image32x32>/Assets/Icons/Document/icon_32x32.png</image32x32>
				<image48x48>/Assets/Icons/Document/icon_48x48.png</image48x48>
				<image128x128>/Assets/Icons/Document/icon_128x128.png</image128x128>
				<image512x512>/Assets/Icons/Document/icon_512x512.png</image512x512>
			</icon>
		</fileType>
	</fileTypes>
</application>
