<?xml version="1.0" ?>
<swc xmlns="http://www.adobe.com/flash/swccatalog/9">
    <versions>
        <swc version="1.2"/>
        <compiler name="ActionScript Compiler" version="2.0.0" build="354208"/>
    </versions>
    <features>
        <feature-script-deps/>
    </features>
    <libraries>
        <library path="library.swf">
            <script name="avmplus/DescribeTypeJSON" mod="1555177404457">
                <def id="avmplus:DescribeTypeJSON"/>
                <dep id="Boolean" type="s"/>
                <dep id="Class" type="s"/>
                <dep id="Object" type="i"/>
                <dep id="avmplus:HIDE_OBJECT" type="e"/>
                <dep id="avmplus:INCLUDE_TRAITS" type="e"/>
                <dep id="avmplus:INCLUDE_VARIABLES" type="e"/>
                <dep id="avmplus:USE_ITRAITS" type="e"/>
                <dep id="avmplus:describeTypeJSON" type="e"/>
                <dep id="uint" type="s"/>
            </script>
            <script name="com/tuarua/FreSwift" mod="1582228726768">
                <def id="com.tuarua:FreSwift"/>
                <dep id="Error" type="s"/>
                <dep id="String" type="s"/>
                <dep id="flash.events:EventDispatcher" type="i"/>
                <dep id="flash.external:ExtensionContext" type="s"/>
                <dep id="flash.system:Capabilities" type="e"/>
                <dep id="trace" type="e"/>
            </script>
            <script name="com/tuarua/fre/ANEError" mod="1522362855000">
                <def id="com.tuarua.fre:ANEError"/>
                <dep id="Array" type="s"/>
                <dep id="Error" type="i"/>
                <dep id="String" type="s"/>
                <dep id="flash.system:Capabilities" type="e"/>
                <dep id="int" type="s"/>
            </script>
            <script name="com/tuarua/fre/ANEUtils" mod="1578254349591">
                <def id="com.tuarua.fre:ANEUtils"/>
                <dep id="Array" type="e"/>
                <dep id="Boolean" type="e"/>
                <dep id="Class" type="e"/>
                <dep id="Date" type="e"/>
                <dep id="Number" type="e"/>
                <dep id="Object" type="i"/>
                <dep id="String" type="s"/>
                <dep id="XML" type="e"/>
                <dep id="__AS3__.vec:Vector" type="s"/>
                <dep id="avmplus:DescribeTypeJSON" type="e"/>
                <dep id="flash.utils:describeType" type="e"/>
                <dep id="flash.utils:getDefinitionByName" type="e"/>
                <dep id="flash.utils:getQualifiedClassName" type="e"/>
                <dep id="int" type="e"/>
            </script>
            <digests>
                <digest type="SHA-256" signed="false" value="2cca6b92d9b306b76aa5a432268d02349d7021fda49831025d6190ceffc2068e"/>
            </digests>
        </library>
    </libraries>
</swc>