{"id":"1480435321493","version":"1.0.3","workspace":true,"description":"","artboards":[{"items":[{"fillGradientRatios":[0,255],"fillColor":16777215,"lineSpacing":0,"type":"Image","name":"3a395734ecf6b761c0cb86224c7a2f95.jpeg","characterSpacing":0,"fontColor":0,"fontSize":12,"radiusTopLeft":0,"radiusTopRight":0,"radiusBottomLeft":0,"radiusBottomRight":0,"width":2800,"height":1998,"borderColor":5855577,"fillGradientOpacities":[1,1],"fillGradientColors":[0,0],"font":"Noto Sans","borderBlending":"Normal","borderOpacity":0,"borderPosition":"Inside","x":-120,"textVerticalAlign":"top","y":-279,"fontOption":"Regular","borderThickness":1,"scaleX":1,"scaleY":1,"rotation":0,"blending":"Normal","opacity":100,"textAlign":"Left","fillBlending":"Normal","fillOpacity":0},{"fillGradientRatios":[0,255],"fillColor":16777215,"lineSpacing":0,"type":"Shape","name":"Rectangle","characterSpacing":0,"fontColor":0,"fontSize":12,"radiusTopLeft":0,"radiusTopRight":0,"radiusBottomLeft":0,"radiusBottomRight":0,"width":2560,"height":240,"borderColor":0,"fillGradientOpacities":[1,1],"fillGradientColors":[0,0],"font":"Noto Sans","borderBlending":"Normal","borderOpacity":0,"borderPosition":"Inside","x":0,"textVerticalAlign":"top","y":600,"fontOption":"Regular","borderThickness":0,"scaleX":1,"scaleY":1,"rotation":0,"blending":"Normal","opacity":100,"textAlign":"Left","fillBlending":"Normal","fillOpacity":80},{"fillGradientRatios":[0,255],"fillColor":0,"lineSpacing":0,"type":"Text","name":"Channel description","characterSpacing":0,"fontColor":4489254,"fontSize":64,"radiusTopLeft":0,"radiusTopRight":0,"radiusBottomLeft":0,"radiusBottomRight":0,"width":1000,"height":64,"borderColor":0,"fillGradientOpacities":[1,1],"fillGradientColors":[0,0],"font":"Special Elite","borderBlending":"Normal","borderOpacity":100,"borderPosition":"Inside","x":1500,"textVerticalAlign":"top","y":760,"fontOption":"Regular","borderThickness":1,"scaleX":1,"scaleY":1,"rotation":0,"blending":"Normal","opacity":100,"textAlign":"Right","fillBlending":"Normal","fillOpacity":100},{"fillGradientRatios":[0,255],"fillColor":16777215,"lineSpacing":0,"type":"Text","name":"Channel name","characterSpacing":0,"fontColor":1920264,"fontSize":112,"radiusTopLeft":0,"radiusTopRight":0,"radiusBottomLeft":0,"radiusBottomRight":0,"width":1000,"height":140,"borderColor":0,"fillGradientOpacities":[1,1],"fillGradientColors":[0,0],"font":"Special Elite","borderBlending":"Normal","borderOpacity":100,"borderPosition":"Inside","x":1500,"textVerticalAlign":"top","y":640,"fontOption":"Regular","borderThickness":1,"scaleX":1,"scaleY":1,"rotation":0,"blending":"Normal","opacity":100,"textAlign":"Right","fillBlending":"Normal","fillOpacity":100}],"height":1440,"name":"Fallen leaves","y":0,"x":0,"fillColor":0,"width":2560,"fillOpacity":100}],"name":"Fallen leaves"}