{"workspace":true,"artboards":[{"x":0,"name":"On the road","y":0,"height":1400,"fillColor":0,"width":1400,"items":[{"type":"Image","lineSpacing":0,"fontColor":0,"fillColor":0,"name":"M3DmUMGP1do.jpg","borderColor":0,"fontSize":12,"width":2400,"fillGradientOpacities":[1,1],"height":1600,"fillGradientColors":[0,0],"radiusTopLeft":0,"radiusTopRight":0,"characterSpacing":0,"radiusBottomLeft":0,"fillGradientRatios":[0,255],"radiusBottomRight":0,"borderPosition":"Inside","textAlign":"Left","font":"Noto Sans","textDecoration":"none","fontOption":"Regular","x":-501,"y":2,"textVerticalAlign":"Top","opacity":80,"blending":"Normal","scaleX":1,"fillBlending":"Normal","fillOpacity":0,"rotation":0,"scaleY":1,"borderThickness":1,"borderOpacity":0,"borderBlending":"Normal","typographicCase":"default"},{"type":"Text","lineSpacing":0,"fontColor":16777215,"fillColor":16777215,"name":"Artist name","borderColor":0,"fontSize":120,"width":1000,"fillGradientOpacities":[1,1],"height":160,"fillGradientColors":[0,0],"radiusTopLeft":0,"radiusTopRight":0,"characterSpacing":0,"radiusBottomLeft":0,"fillGradientRatios":[0,255],"radiusBottomRight":0,"borderPosition":"Inside","textAlign":"Center","font":"Noticia Text","textDecoration":"none","fontOption":"Bold Italic","x":200,"y":500,"textVerticalAlign":"Top","opacity":100,"blending":"Normal","scaleX":1,"fillBlending":"Normal","fillOpacity":100,"rotation":0,"scaleY":1,"borderThickness":1,"borderOpacity":100,"borderBlending":"Normal","typographicCase":"default"},{"type":"Shape","lineSpacing":0,"fontColor":0,"fillColor":16777215,"name":null,"borderColor":5855577,"fontSize":12,"width":800,"fillGradientOpacities":[1,1],"height":10,"fillGradientColors":[0,0],"radiusTopLeft":0,"radiusTopRight":0,"characterSpacing":0,"radiusBottomLeft":0,"fillGradientRatios":[0,255],"radiusBottomRight":0,"borderPosition":"Inside","textAlign":"Left","font":"Noto Sans","textDecoration":"none","fontOption":"Regular","x":300,"y":695,"textVerticalAlign":"Top","opacity":100,"blending":"Normal","scaleX":1,"fillBlending":"Normal","fillOpacity":100,"rotation":0,"scaleY":1,"borderThickness":1,"borderOpacity":0,"borderBlending":"Normal","typographicCase":"default"},{"type":"Text","lineSpacing":0,"fontColor":16777215,"fillColor":16777215,"name":"Album title","borderColor":0,"fontSize":64,"width":1000,"fillGradientOpacities":[1,1],"height":100,"fillGradientColors":[0,0],"radiusTopLeft":0,"radiusTopRight":0,"characterSpacing":0,"radiusBottomLeft":0,"fillGradientRatios":[0,255],"radiusBottomRight":0,"borderPosition":"Inside","textAlign":"Center","font":"Noticia Text","textDecoration":"none","fontOption":"Regular","x":200,"y":720,"textVerticalAlign":"Top","opacity":100,"blending":"Normal","scaleX":1,"fillBlending":"Normal","fillOpacity":100,"rotation":0,"scaleY":1,"borderThickness":1,"borderOpacity":100,"borderBlending":"Normal","typographicCase":"default"}],"fillOpacity":100}],"name":"On the road","id":"1529197198812","version":"2.0.0","description":""}