{"id":"1480460465531","version":"1.0.3","artboards":[{"x":0,"width":2560,"y":0,"items":[{"lineSpacing":0,"type":"Image","characterSpacing":0,"name":"008b9f02d7df4237794b825de4b1e15f.jpeg","fontColor":0,"fontSize":12,"radiusTopLeft":0,"radiusTopRight":0,"radiusBottomLeft":0,"radiusBottomRight":0,"width":1921,"height":1440,"fillGradientOpacities":[1,1],"fillColor":5855577,"borderColor":5855577,"fillGradientColors":[0,0],"fillGradientRatios":[0,255],"borderBlending":"Normal","borderOpacity":0,"fillOpacity":0,"borderPosition":"Inside","fontOption":"Regular","textVerticalAlign":"top","x":0,"y":0,"borderThickness":1,"scaleX":1,"scaleY":1,"rotation":0,"blending":"Normal","opacity":80,"textAlign":"Left","fillBlending":"Normal","font":"Noto Sans"},{"lineSpacing":0,"type":"Text","characterSpacing":0,"name":"Channel name","fontColor":16777215,"fontSize":100,"radiusTopLeft":0,"radiusTopRight":0,"radiusBottomLeft":0,"radiusBottomRight":0,"width":1000,"height":140,"fillGradientOpacities":[1,1],"fillColor":16777215,"borderColor":0,"fillGradientColors":[0,0],"fillGradientRatios":[0,255],"borderBlending":"Normal","borderOpacity":100,"fillOpacity":100,"borderPosition":"Inside","fontOption":"Bold","textVerticalAlign":"top","x":1420,"y":700,"borderThickness":1,"scaleX":1,"scaleY":1,"rotation":0,"blending":"Normal","opacity":100,"textAlign":"Right","fillBlending":"Normal","font":"Peace Sans"},{"lineSpacing":0,"type":"Text","characterSpacing":0,"name":"Channel description","fontColor":4023907,"fontSize":64,"radiusTopLeft":0,"radiusTopRight":0,"radiusBottomLeft":0,"radiusBottomRight":0,"width":1000,"height":120,"fillGradientOpacities":[1,1],"fillColor":16777215,"borderColor":0,"fillGradientColors":[0,0],"fillGradientRatios":[0,255],"borderBlending":"Normal","borderOpacity":100,"fillOpacity":100,"borderPosition":"Inside","fontOption":"Regular","textVerticalAlign":"top","x":1420,"y":620,"borderThickness":1,"scaleX":1,"scaleY":1,"rotation":0,"blending":"Normal","opacity":100,"textAlign":"Right","fillBlending":"Normal","font":"Noto Sans"}],"height":1440,"name":"Mic in the dark","fillColor":2572,"fillOpacity":100}],"description":"","name":"Mic in the dark","workspace":true}