{
    "version": 0
    , "workspace": true
    , "artboards": [{
        "x": 0
        , "name": "Old bookshelf"
        , "y": 0
        , "items": [{
            "type": "Image"
            , "fontColor": 0
            , "name": "fb1b333804fb0aa8951e773d2b4910b2.jpeg"
            , "radiusTopLeft": 0
            , "radiusTopRight": 0
            , "radiusBottomLeft": 0
            , "radiusBottomRight": 0
            , "fillGradientOpacities": [1, 1]
            , "fontSize": 12
            , "fillGradientColors": [0, 0]
            , "lineSpacing": 0
            , "characterSpacing": 0
            , "width": 1400
            , "height": 2105
            , "fillGradientRatios": [0, 255]
            , "fillColor": 0
            , "borderColor": 0
            , "textVerticalAlign": "Top"
            , "x": 0
            , "blending": "Normal"
            , "y": -353
            , "opacity": 40
            , "fillBlending": "Normal"
            , "rotation": 0
            , "scaleY": 1
            , "scaleX": 1
            , "textAlign": "Left"
            , "fontOption": "Regular"
            , "borderBlending": "Normal"
            , "fillOpacity": 0
            , "borderOpacity": 0
            , "borderThickness": 1
            , "font": "Noto Sans"
            , "borderPosition": "Inside"
        }, {
            "type": "Shape"
            , "fontColor": 0
            , "name": null
            , "radiusTopLeft": 0
            , "radiusTopRight": 0
            , "radiusBottomLeft": 0
            , "radiusBottomRight": 0
            , "fillGradientOpacities": [1, 1]
            , "fontSize": 12
            , "fillGradientColors": [0, 0]
            , "lineSpacing": 0
            , "characterSpacing": 0
            , "width": 1200
            , "height": 260
            , "fillGradientRatios": [0, 255]
            , "fillColor": 0
            , "borderColor": 16777215
            , "textVerticalAlign": "Top"
            , "x": 100
            , "blending": "Normal"
            , "y": 540
            , "opacity": 100
            , "fillBlending": "Normal"
            , "rotation": 0
            , "scaleY": 1
            , "scaleX": 1
            , "textAlign": "Left"
            , "fontOption": "Regular"
            , "borderBlending": "Normal"
            , "fillOpacity": 0
            , "borderOpacity": 100
            , "borderThickness": 10
            , "font": "Noto Sans"
            , "borderPosition": "Inside"
        }, {
            "type": "Text"
            , "fontColor": 16724787
            , "name": "Subheading"
            , "radiusTopLeft": 0
            , "radiusTopRight": 0
            , "radiusBottomLeft": 0
            , "radiusBottomRight": 0
            , "fillGradientOpacities": [1, 1]
            , "fontSize": 72
            , "fillGradientColors": [0, 0]
            , "lineSpacing": 0
            , "characterSpacing": 0
            , "width": 1200
            , "height": 120
            , "fillGradientRatios": [0, 255]
            , "fillColor": 16777215
            , "borderColor": 0
            , "textVerticalAlign": "Top"
            , "x": 100
            , "blending": "Normal"
            , "y": 820
            , "opacity": 100
            , "fillBlending": "Normal"
            , "rotation": 0
            , "scaleY": 1
            , "scaleX": 1
            , "textAlign": "Center"
            , "fontOption": "Regular"
            , "borderBlending": "Normal"
            , "fillOpacity": 100
            , "borderOpacity": 100
            , "borderThickness": 1
            , "font": "Bitter"
            , "borderPosition": "Inside"
        }, {
            "type": "Text"
            , "fontColor": 16777215
            , "name": "Heading"
            , "radiusTopLeft": 0
            , "radiusTopRight": 0
            , "radiusBottomLeft": 0
            , "radiusBottomRight": 0
            , "fillGradientOpacities": [1, 1]
            , "fontSize": 112
            , "fillGradientColors": [0, 0]
            , "lineSpacing": 0
            , "characterSpacing": 0
            , "width": 1200
            , "height": 160
            , "fillGradientRatios": [0, 255]
            , "fillColor": 16777215
            , "borderColor": 0
            , "textVerticalAlign": "Top"
            , "x": 100
            , "blending": "Normal"
            , "y": 600
            , "opacity": 100
            , "fillBlending": "Normal"
            , "rotation": 0
            , "scaleY": 1
            , "scaleX": 1
            , "textAlign": "Center"
            , "fontOption": "Regular"
            , "borderBlending": "Normal"
            , "fillOpacity": 100
            , "borderOpacity": 100
            , "borderThickness": 1
            , "font": "Graduate"
            , "borderPosition": "Inside"
        }]
        , "height": 1400
        , "fillColor": 0
        , "width": 1400
        , "fillOpacity": 100
    }]
    , "description": ""
    , "name": "Old bookshelf"
}