{"name":"On the stage","id":"1529310820381","version":"2.0.0","artboards":[{"x":0,"name":"On the stage","fillColor":0,"y":0,"height":1080,"width":1080,"items":[{"fontColor":0,"type":"Image","characterSpacing":0,"fillColor":0,"fillGradientOpacities":[1,1],"name":"mewgXLWI_iQ.jpg","fillGradientColors":[0,0],"fillGradientRatios":[0,255],"width":1620,"height":1080,"borderColor":0,"radiusTopRight":0,"radiusBottomLeft":0,"fontSize":12,"radiusTopLeft":0,"radiusBottomRight":0,"lineSpacing":0,"textAlign":"Left","font":"Noto Sans","textDecoration":"none","fontOption":"Regular","x":-377,"y":0,"blending":"Normal","opacity":80,"textVerticalAlign":"Top","fillOpacity":0,"fillBlending":"Normal","scaleX":1,"borderBlending":"Normal","borderOpacity":0,"rotation":0,"borderThickness":0,"scaleY":1,"borderPosition":"Inside","typographicCase":"default"},{"fontColor":16777215,"type":"Text","characterSpacing":0,"fillColor":16777215,"fillGradientOpacities":[1,1],"name":"Title","fillGradientColors":[0,0],"fillGradientRatios":[0,255],"width":800,"height":140,"borderColor":0,"radiusTopRight":0,"radiusBottomLeft":0,"fontSize":120,"radiusTopLeft":0,"radiusBottomRight":0,"lineSpacing":0,"textAlign":"Center","font":"Megrim","textDecoration":"none","fontOption":"Regular","x":140,"y":440,"blending":"Normal","opacity":100,"textVerticalAlign":"Top","fillOpacity":100,"fillBlending":"Normal","scaleX":1,"borderBlending":"Normal","borderOpacity":100,"rotation":0,"borderThickness":1,"scaleY":1,"borderPosition":"Inside","typographicCase":"default"},{"fontColor":16777215,"type":"Text","characterSpacing":0,"fillColor":16777215,"fillGradientOpacities":[1,1],"name":"Description","fillGradientColors":[0,0],"fillGradientRatios":[0,255],"width":800,"height":80,"borderColor":0,"radiusTopRight":0,"radiusBottomLeft":0,"fontSize":60,"radiusTopLeft":0,"radiusBottomRight":0,"lineSpacing":0,"textAlign":"Center","font":"Megrim","textDecoration":"none","fontOption":"Regular","x":140,"y":580,"blending":"Normal","opacity":100,"textVerticalAlign":"Top","fillOpacity":100,"fillBlending":"Normal","scaleX":1,"borderBlending":"Normal","borderOpacity":100,"rotation":0,"borderThickness":1,"scaleY":1,"borderPosition":"Inside","typographicCase":"default"},{"fontColor":0,"type":"Shape","characterSpacing":0,"fillColor":16777215,"fillGradientOpacities":[1,1],"name":null,"fillGradientColors":[0,0],"fillGradientRatios":[0,255],"width":5,"height":240,"borderColor":5855577,"radiusTopRight":0,"radiusBottomLeft":0,"fontSize":12,"radiusTopLeft":0,"radiusBottomRight":0,"lineSpacing":0,"textAlign":"Left","font":"Noto Sans","textDecoration":"none","fontOption":"Regular","x":855,"y":420,"blending":"Normal","opacity":100,"textVerticalAlign":"Top","fillOpacity":100,"fillBlending":"Normal","scaleX":1,"borderBlending":"Normal","borderOpacity":0,"rotation":0,"borderThickness":1,"scaleY":1,"borderPosition":"Inside","typographicCase":"default"},{"fontColor":0,"type":"Shape","characterSpacing":0,"fillColor":16777215,"fillGradientOpacities":[1,1],"name":null,"fillGradientColors":[0,0],"fillGradientRatios":[0,255],"width":5,"height":240,"borderColor":5855577,"radiusTopRight":0,"radiusBottomLeft":0,"fontSize":12,"radiusTopLeft":0,"radiusBottomRight":0,"lineSpacing":0,"textAlign":"Left","font":"Noto Sans","textDecoration":"none","fontOption":"Regular","x":220,"y":420,"blending":"Normal","opacity":100,"textVerticalAlign":"Top","fillOpacity":100,"fillBlending":"Normal","scaleX":1,"borderBlending":"Normal","borderOpacity":0,"rotation":0,"borderThickness":1,"scaleY":1,"borderPosition":"Inside","typographicCase":"default"}],"fillOpacity":100}],"workspace":true,"description":""}