{
    "id": "1480546975083",
    "version": "1.0.3",
    "artboards": [{
        "fillColor": 0,
        "x": 0,
        "y": 0,
        "items": [{
            "lineSpacing": 0,
            "characterSpacing": 0,
            "type": "Image",
            "name": "tqT-Ef68y44.jpg",
            "fontColor": 0,
            "radiusTopLeft": 0,
            "fontSize": 12,
            "radiusTopRight": 0,
            "radiusBottomLeft": 0,
            "radiusBottomRight": 0,
            "width": 851,
            "height": 851,
            "borderColor": 0,
            "fillColor": 0,
            "fillGradientOpacities": [1, 1],
            "fillGradientColors": [0, 0],
            "fillGradientRatios": [0, 255],
            "borderBlending": "Normal",
            "borderOpacity": 0,
            "borderPosition": "Inside",
            "fontOption": "Regular",
            "textVerticalAlign": "top",
            "x": 0,
            "borderThickness": 0,
            "y": -208,
            "scaleY": 1,
            "scaleX": 1,
            "rotation": 0,
            "blending": "Normal",
            "opacity": 50,
            "fillBlending": "Normal",
            "textAlign": "Left",
            "fillOpacity": 0,
            "font": "Noto Sans"
        }, {
            "lineSpacing": 0,
            "characterSpacing": 0,
            "type": "Shape",
            "name": null,
            "fontColor": 0,
            "radiusTopLeft": 0,
            "fontSize": 12,
            "radiusTopRight": 0,
            "radiusBottomLeft": 0,
            "radiusBottomRight": 0,
            "width": 811,
            "height": 275,
            "borderColor": 16777215,
            "fillColor": 16777215,
            "fillGradientOpacities": [1, 1],
            "fillGradientColors": [0, 0],
            "fillGradientRatios": [0, 255],
            "borderBlending": "Normal",
            "borderOpacity": 100,
            "borderPosition": "Inside",
            "fontOption": "Regular",
            "textVerticalAlign": "top",
            "x": 19,
            "borderThickness": 4,
            "y": 20,
            "scaleY": 1,
            "scaleX": 1,
            "rotation": 0,
            "blending": "Normal",
            "opacity": 100,
            "fillBlending": "Normal",
            "textAlign": "Left",
            "fillOpacity": 0,
            "font": "Noto Sans"
        }, {
            "lineSpacing": 0,
            "characterSpacing": 0,
            "type": "Text",
            "name": "Title",
            "fontColor": 16777215,
            "radiusTopLeft": 0,
            "fontSize": 48,
            "radiusTopRight": 0,
            "radiusBottomLeft": 0,
            "radiusBottomRight": 0,
            "width": 800,
            "height": 60,
            "borderColor": 0,
            "fillColor": 16777215,
            "fillGradientOpacities": [1, 1],
            "fillGradientColors": [0, 0],
            "fillGradientRatios": [0, 255],
            "borderBlending": "Normal",
            "borderOpacity": 100,
            "borderPosition": "Inside",
            "fontOption": "Regular",
            "textVerticalAlign": "top",
            "x": 25,
            "borderThickness": 1,
            "y": 50,
            "scaleY": 1,
            "scaleX": 1,
            "rotation": 0,
            "blending": "Normal",
            "opacity": 100,
            "fillBlending": "Normal",
            "textAlign": "Center",
            "fillOpacity": 100,
            "font": "Josefin Sans"
        }, {
            "lineSpacing": 0,
            "characterSpacing": 0,
            "type": "Text",
            "name": "Description",
            "fontColor": 16777215,
            "radiusTopLeft": 0,
            "fontSize": 32,
            "radiusTopRight": 0,
            "radiusBottomLeft": 0,
            "radiusBottomRight": 0,
            "width": 800,
            "height": 80,
            "borderColor": 0,
            "fillColor": 16777215,
            "fillGradientOpacities": [1, 1],
            "fillGradientColors": [0, 0],
            "fillGradientRatios": [0, 255],
            "borderBlending": "Normal",
            "borderOpacity": 100,
            "borderPosition": "Inside",
            "fontOption": "Regular",
            "textVerticalAlign": "top",
            "x": 25,
            "borderThickness": 1,
            "y": 240,
            "scaleY": 1,
            "scaleX": 1,
            "rotation": 0,
            "blending": "Normal",
            "opacity": 100,
            "fillBlending": "Normal",
            "textAlign": "Center",
            "fillOpacity": 100,
            "font": "Josefin Sans"
        }],
        "height": 315,
        "name": "Night city",
        "width": 851,
        "fillOpacity": 100
    }],
    "description": "",
    "name": "Night city",
    "workspace": true
}
