{"id":"1480513358593","version":"1.0.3","artboards":[{"fillColor":0,"x":0,"y":0,"items":[{"lineSpacing":0,"characterSpacing":0,"type":"Image","name":"f23c5157d382e635378c2a486ad106cf.jpeg","fontColor":0,"radiusTopLeft":0,"fontSize":12,"radiusTopRight":0,"radiusBottomLeft":0,"radiusBottomRight":0,"width":851,"height":567,"borderColor":0,"fillColor":0,"fillGradientOpacities":[1,1],"fillGradientColors":[0,0],"fillGradientRatios":[0,255],"borderBlending":"Normal","borderOpacity":0,"borderPosition":"Inside","fontOption":"Regular","textVerticalAlign":"top","x":0,"borderThickness":1,"y":-86,"scaleY":1,"scaleX":1,"rotation":0,"blending":"Normal","opacity":100,"fillBlending":"Normal","textAlign":"Left","fillOpacity":0,"font":"Noto Sans"},{"lineSpacing":0,"characterSpacing":0,"type":"Text","name":"Title","fontColor":0,"radiusTopLeft":0,"fontSize":64,"radiusTopRight":0,"radiusBottomLeft":0,"radiusBottomRight":0,"width":800,"height":80,"borderColor":0,"fillColor":16777215,"fillGradientOpacities":[1,1],"fillGradientColors":[0,0],"fillGradientRatios":[0,255],"borderBlending":"Normal","borderOpacity":100,"borderPosition":"Inside","fontOption":"Regular Italic","textVerticalAlign":"top","x":20,"borderThickness":1,"y":70,"scaleY":1,"scaleX":1,"rotation":0,"blending":"Overlay","opacity":100,"fillBlending":"Normal","textAlign":"Center","fillOpacity":100,"font":"Josefin Sans"},{"lineSpacing":0,"characterSpacing":0,"type":"Text","name":"Description","fontColor":0,"radiusTopLeft":0,"fontSize":40,"radiusTopRight":0,"radiusBottomLeft":0,"radiusBottomRight":0,"width":800,"height":40,"borderColor":0,"fillColor":16777215,"fillGradientOpacities":[1,1],"fillGradientColors":[0,0],"fillGradientRatios":[0,255],"borderBlending":"Normal","borderOpacity":100,"borderPosition":"Inside","fontOption":"Regular Italic","textVerticalAlign":"top","x":20,"borderThickness":1,"y":20,"scaleY":1,"scaleX":1,"rotation":0,"blending":"Overlay","opacity":100,"fillBlending":"Normal","textAlign":"Center","fillOpacity":100,"font":"Josefin Sans"}],"height":315,"name":"Bridge to the lake","width":851,"fillOpacity":100}],"description":"","name":"Bridge to the lake","workspace":true}