{"id":"1480729999902","version":"1.0.3","workspace":true,"description":"","name":"Mic in the dark","artboards":[{"fillColor":2572,"x":0,"width":1500,"y":0,"items":[{"fillColor":5855577,"characterSpacing":0,"radiusTopLeft":0,"type":"Image","radiusTopRight":0,"radiusBottomLeft":0,"name":"008b9f02d7df4237794b825de4b1e15f.jpeg","radiusBottomRight":0,"fillGradientOpacities":[1,1],"fillGradientColors":[0,0],"fillGradientRatios":[0,255],"fontSize":12,"width":666,"lineSpacing":0,"height":500,"borderColor":5855577,"fontColor":0,"fontOption":"Regular","blending":"Normal","opacity":80,"x":120,"y":0,"fillBlending":"Normal","scaleX":1,"rotation":0,"scaleY":1,"fillOpacity":0,"borderPosition":"Inside","textVerticalAlign":"top","borderBlending":"Normal","borderOpacity":0,"borderThickness":1,"textAlign":"Left","font":"Noto Sans"},{"fillColor":16777215,"characterSpacing":0,"radiusTopLeft":0,"type":"Text","radiusTopRight":0,"radiusBottomLeft":0,"name":"Title","radiusBottomRight":0,"fillGradientOpacities":[1,1],"fillGradientColors":[0,0],"fillGradientRatios":[0,255],"fontSize":72,"width":680,"lineSpacing":0,"height":100,"borderColor":0,"fontColor":16777215,"fontOption":"Bold","blending":"Normal","opacity":100,"x":660,"y":240,"fillBlending":"Normal","scaleX":1,"rotation":0,"scaleY":1,"fillOpacity":100,"borderPosition":"Inside","textVerticalAlign":"top","borderBlending":"Normal","borderOpacity":100,"borderThickness":1,"textAlign":"Right","font":"Peace Sans"},{"fillColor":16777215,"characterSpacing":0,"radiusTopLeft":0,"type":"Text","radiusTopRight":0,"radiusBottomLeft":0,"name":"Description","radiusBottomRight":0,"fillGradientOpacities":[1,1],"fillGradientColors":[0,0],"fillGradientRatios":[0,255],"fontSize":40,"width":680,"lineSpacing":0,"height":50,"borderColor":0,"fontColor":4023907,"fontOption":"Regular","blending":"Normal","opacity":100,"x":660,"y":180,"fillBlending":"Normal","scaleX":1,"rotation":0,"scaleY":1,"fillOpacity":100,"borderPosition":"Inside","textVerticalAlign":"top","borderBlending":"Normal","borderOpacity":100,"borderThickness":1,"textAlign":"Right","font":"Noto Sans"}],"height":500,"name":"Mic in the dark","fillOpacity":100}]}