{"name":"On the stage","id":"1529306403489","version":"2.0.0","artboards":[{"x":0,"name":"On the stage","y":0,"fillColor":0,"height":500,"width":1500,"items":[{"fillColor":0,"type":"Image","characterSpacing":0,"fillGradientOpacities":[1,1],"fillGradientColors":[0,0],"fillGradientRatios":[0,255],"radiusTopLeft":0,"radiusTopRight":0,"radiusBottomLeft":0,"radiusBottomRight":0,"name":"mewgXLWI_iQ.jpg","borderColor":0,"fontSize":12,"width":1500,"fontColor":0,"height":1440,"lineSpacing":0,"opacity":80,"textAlign":"Left","fontOption":"Regular","textDecoration":"none","fillBlending":"Normal","borderBlending":"Normal","fillOpacity":0,"font":"Noto Sans","borderOpacity":0,"x":1,"borderThickness":0,"y":-671,"scaleX":1,"rotation":0,"borderPosition":"Inside","scaleY":1,"textVerticalAlign":"Top","blending":"Normal","typographicCase":"default"},{"fillColor":16777215,"type":"Text","characterSpacing":0,"fillGradientOpacities":[1,1],"fillGradientColors":[0,0],"fillGradientRatios":[0,255],"radiusTopLeft":0,"radiusTopRight":0,"radiusBottomLeft":0,"radiusBottomRight":0,"name":"Artist name","borderColor":0,"fontSize":100,"width":720,"fontColor":16777215,"height":120,"lineSpacing":0,"opacity":100,"textAlign":"Center","fontOption":"Regular","textDecoration":"none","fillBlending":"Normal","borderBlending":"Normal","fillOpacity":100,"font":"Megrim","borderOpacity":100,"x":390,"borderThickness":1,"y":150,"scaleX":1,"rotation":0,"borderPosition":"Inside","scaleY":1,"textVerticalAlign":"Top","blending":"Normal","typographicCase":"default"},{"fillColor":16777215,"type":"Text","characterSpacing":0,"fillGradientOpacities":[1,1],"fillGradientColors":[0,0],"fillGradientRatios":[0,255],"radiusTopLeft":0,"radiusTopRight":0,"radiusBottomLeft":0,"radiusBottomRight":0,"name":"Album title","borderColor":0,"fontSize":60,"width":720,"fontColor":16777215,"height":80,"lineSpacing":0,"opacity":100,"textAlign":"Center","fontOption":"Regular","textDecoration":"none","fillBlending":"Normal","borderBlending":"Normal","fillOpacity":100,"font":"Megrim","borderOpacity":100,"x":390,"borderThickness":1,"y":270,"scaleX":1,"rotation":0,"borderPosition":"Inside","scaleY":1,"textVerticalAlign":"Top","blending":"Normal","typographicCase":"default"},{"fillColor":16777215,"type":"Shape","characterSpacing":0,"fillGradientOpacities":[1,1],"fillGradientColors":[0,0],"fillGradientRatios":[0,255],"radiusTopLeft":0,"radiusTopRight":0,"radiusBottomLeft":0,"radiusBottomRight":0,"name":null,"borderColor":5855577,"fontSize":12,"width":5,"fontColor":0,"height":180,"lineSpacing":0,"opacity":100,"textAlign":"Left","fontOption":"Regular","textDecoration":"none","fillBlending":"Normal","borderBlending":"Normal","fillOpacity":100,"font":"Noto Sans","borderOpacity":0,"x":1115,"borderThickness":1,"y":160,"scaleX":1,"rotation":0,"borderPosition":"Inside","scaleY":1,"textVerticalAlign":"Top","blending":"Normal","typographicCase":"default"},{"fillColor":16777215,"type":"Shape","characterSpacing":0,"fillGradientOpacities":[1,1],"fillGradientColors":[0,0],"fillGradientRatios":[0,255],"radiusTopLeft":0,"radiusTopRight":0,"radiusBottomLeft":0,"radiusBottomRight":0,"name":null,"borderColor":5855577,"fontSize":12,"width":5,"fontColor":0,"height":180,"lineSpacing":0,"opacity":100,"textAlign":"Left","fontOption":"Regular","textDecoration":"none","fillBlending":"Normal","borderBlending":"Normal","fillOpacity":100,"font":"Noto Sans","borderOpacity":0,"x":380,"borderThickness":1,"y":160,"scaleX":1,"rotation":0,"borderPosition":"Inside","scaleY":1,"textVerticalAlign":"Top","blending":"Normal","typographicCase":"default"}],"fillOpacity":100}],"workspace":true,"description":""}