{"id":"1480344247735","version":"1.0.3","artboards":[{"x":0,"height":1080,"y":0,"fillColor":0,"items":[{"type":"Image","fontColor":0,"name":"soGoAfesWO8.jpg","radiusTopRight":0,"radiusBottomLeft":0,"radiusBottomRight":0,"fontSize":12,"lineSpacing":0,"fillGradientOpacities":[1,1],"radiusTopLeft":0,"fillGradientColors":[0,0],"fillGradientRatios":[0,255],"height":1080,"width":1620,"fillColor":0,"borderColor":0,"characterSpacing":0,"textVerticalAlign":"top","x":-270,"blending":"Normal","opacity":80,"y":0,"fillBlending":"Normal","scaleX":1,"rotation":0,"fillOpacity":0,"scaleY":1,"fontOption":"Regular","textAlign":"Left","borderBlending":"Normal","borderOpacity":0,"borderThickness":1,"font":"Noto Sans","borderPosition":"Inside"},{"type":"Text","fontColor":16777215,"name":"Title","radiusTopRight":0,"radiusBottomLeft":0,"radiusBottomRight":0,"fontSize":180,"lineSpacing":0,"fillGradientOpacities":[1,1],"radiusTopLeft":0,"fillGradientColors":[0,0],"fillGradientRatios":[0,255],"height":240,"width":1080,"fillColor":16777215,"borderColor":0,"characterSpacing":0,"textVerticalAlign":"top","x":0,"blending":"Difference","opacity":100,"y":660,"fillBlending":"Normal","scaleX":1,"rotation":0,"fillOpacity":100,"scaleY":1,"fontOption":"Bold","textAlign":"Center","borderBlending":"Normal","borderOpacity":100,"borderThickness":1,"font":"Amatic SC","borderPosition":"Inside"},{"type":"Text","fontColor":9103070,"name":"Description","radiusTopRight":0,"radiusBottomLeft":0,"radiusBottomRight":0,"fontSize":80,"lineSpacing":0,"fillGradientOpacities":[1,1],"radiusTopLeft":0,"fillGradientColors":[0,0],"fillGradientRatios":[0,255],"height":120,"width":1080,"fillColor":16777215,"borderColor":0,"characterSpacing":0,"textVerticalAlign":"top","x":0,"blending":"Normal","opacity":100,"y":900,"fillBlending":"Normal","scaleX":1,"rotation":0,"fillOpacity":100,"scaleY":1,"fontOption":"Regular","textAlign":"Center","borderBlending":"Normal","borderOpacity":100,"borderThickness":1,"font":"Amatic SC","borderPosition":"Inside"}],"name":"Afternoon of rainy day","width":1080,"fillOpacity":100}],"description":"","workspace":true,"name":"Afternoon of rainy day"}