{"name":"Let's surf","id":"1529310830739","version":"2.0.0","artboards":[{"x":0,"name":"Let's surf","fillColor":0,"y":0,"height":1080,"width":1080,"items":[{"fontColor":0,"type":"Image","characterSpacing":0,"fillColor":0,"fillGradientOpacities":[1,1],"name":"7jSkK3DLmnM.jpg","fillGradientColors":[0,0],"fillGradientRatios":[0,255],"width":1080,"height":1350,"borderColor":0,"radiusTopRight":0,"radiusBottomLeft":0,"fontSize":12,"radiusTopLeft":0,"radiusBottomRight":0,"lineSpacing":0,"textAlign":"Left","font":"Noto Sans","textDecoration":"none","fontOption":"Regular","x":0,"y":-125,"blending":"Normal","opacity":100,"textVerticalAlign":"Top","fillOpacity":0,"fillBlending":"Normal","scaleX":1,"borderBlending":"Normal","borderOpacity":0,"rotation":0,"borderThickness":1,"scaleY":1,"borderPosition":"Inside","typographicCase":"default"},{"fontColor":5256220,"type":"Text","characterSpacing":0,"fillColor":0,"fillGradientOpacities":[1,1],"name":"Title","fillGradientColors":[0,0],"fillGradientRatios":[0,255],"width":800,"height":150,"borderColor":0,"radiusTopRight":0,"radiusBottomLeft":0,"fontSize":112,"radiusTopLeft":0,"radiusBottomRight":0,"lineSpacing":0,"textAlign":"Center","font":"Racing Sans One","textDecoration":"none","fontOption":"Regular","x":140,"y":80,"blending":"Normal","opacity":100,"textVerticalAlign":"Top","fillOpacity":100,"fillBlending":"Normal","scaleX":1,"borderBlending":"Normal","borderOpacity":100,"rotation":0,"borderThickness":1,"scaleY":1,"borderPosition":"Inside","typographicCase":"default"},{"fontColor":5256220,"type":"Text","characterSpacing":0,"fillColor":0,"fillGradientOpacities":[1,1],"name":"Description","fillGradientColors":[0,0],"fillGradientRatios":[0,255],"width":800,"height":80,"borderColor":0,"radiusTopRight":0,"radiusBottomLeft":0,"fontSize":64,"radiusTopLeft":0,"radiusBottomRight":0,"lineSpacing":0,"textAlign":"Center","font":"Kanit","textDecoration":"none","fontOption":"Regular Italic","x":139,"y":250,"blending":"Normal","opacity":100,"textVerticalAlign":"Top","fillOpacity":100,"fillBlending":"Normal","scaleX":1,"borderBlending":"Normal","borderOpacity":100,"rotation":0,"borderThickness":1,"scaleY":1,"borderPosition":"Inside","typographicCase":"default"},{"fontColor":0,"type":"Shape","characterSpacing":0,"fillColor":5256477,"fillGradientOpacities":[1,1],"name":null,"fillGradientColors":[0,0],"fillGradientRatios":[0,255],"width":500,"height":4,"borderColor":0,"radiusTopRight":0,"radiusBottomLeft":0,"fontSize":12,"radiusTopLeft":0,"radiusBottomRight":0,"lineSpacing":0,"textAlign":"Left","font":"Noto Sans","textDecoration":"none","fontOption":"Regular","x":290,"y":230,"blending":"Normal","opacity":100,"textVerticalAlign":"Top","fillOpacity":100,"fillBlending":"Normal","scaleX":1,"borderBlending":"Normal","borderOpacity":0,"rotation":0,"borderThickness":1,"scaleY":1,"borderPosition":"Inside","typographicCase":"default"}],"fillOpacity":100}],"workspace":true,"description":""}