{"description":"","id":"1482062631996","version":"1.0.4","workspace":true,"artboards":[{"x":0,"width":1200,"height":600,"y":0,"name":"To the mountain","fillColor":0,"items":[{"fillGradientOpacities":[1,1],"fillGradientColors":[0,0],"fillGradientRatios":[0,255],"borderColor":0,"lineSpacing":0,"fillColor":0,"type":"Image","fontSize":12,"fontColor":0,"name":"77d590cfaead708dc16b2e810eb984b4.jpeg","width":1200,"characterSpacing":0,"radiusTopLeft":0,"radiusTopRight":0,"height":1500,"radiusBottomLeft":0,"radiusBottomRight":0,"fillBlending":"Overlay","textVerticalAlign":"top","textAlign":"Left","x":0,"borderBlending":"Normal","borderOpacity":0,"y":-450,"borderThickness":1,"scaleX":1,"fontOption":"Regular","scaleY":1,"fillOpacity":50,"rotation":0,"blending":"Normal","opacity":80,"borderPosition":"Inside","font":"Noto Sans"},{"fillGradientOpacities":[1,1],"fillGradientColors":[0,0],"fillGradientRatios":[0,255],"borderColor":16777215,"lineSpacing":0,"fillColor":0,"type":"Shape","fontSize":12,"fontColor":0,"name":null,"width":500,"characterSpacing":0,"radiusTopLeft":500,"radiusTopRight":500,"height":500,"radiusBottomLeft":500,"radiusBottomRight":500,"fillBlending":"Overlay","textVerticalAlign":"top","textAlign":"Left","x":350,"borderBlending":"Normal","borderOpacity":100,"y":50,"borderThickness":2,"scaleX":1,"fontOption":"Regular","scaleY":1,"fillOpacity":0,"rotation":0,"blending":"Normal","opacity":100,"borderPosition":"Inside","font":"Noto Sans"},{"fillGradientOpacities":[1,1],"fillGradientColors":[0,0],"fillGradientRatios":[0,255],"borderColor":0,"lineSpacing":0,"fillColor":16777215,"type":"Text","fontSize":80,"fontColor":16777215,"name":"Title","width":480,"characterSpacing":0,"radiusTopLeft":0,"radiusTopRight":0,"height":100,"radiusBottomLeft":0,"radiusBottomRight":0,"fillBlending":"Normal","textVerticalAlign":"top","textAlign":"Center","x":360,"borderBlending":"Normal","borderOpacity":100,"y":300,"borderThickness":1,"scaleX":1,"fontOption":"Bold Italic","scaleY":1,"fillOpacity":100,"rotation":0,"blending":"Normal","opacity":100,"borderPosition":"Inside","font":"Arvo"},{"fillGradientOpacities":[1,1],"fillGradientColors":[0,0],"fillGradientRatios":[0,255],"borderColor":0,"lineSpacing":0,"fillColor":16777215,"type":"Text","fontSize":48,"fontColor":16777215,"name":"Description","width":480,"characterSpacing":0,"radiusTopLeft":0,"radiusTopRight":0,"height":60,"radiusBottomLeft":0,"radiusBottomRight":0,"fillBlending":"Normal","textVerticalAlign":"top","textAlign":"Center","x":360,"borderBlending":"Normal","borderOpacity":100,"y":230,"borderThickness":1,"scaleX":1,"fontOption":"Regular Italic","scaleY":1,"fillOpacity":100,"rotation":0,"blending":"Normal","opacity":100,"borderPosition":"Inside","font":"Arvo"}],"fillOpacity":100}],"name":"To the mountain"}