{"workspace":true,"artboards":[{"x":0,"name":"Night city","y":0,"fillColor":0,"height":1440,"width":2560,"items":[{"fillGradientColors":[0,0],"type":"Image","fillGradientRatios":[0,255],"characterSpacing":0,"fontColor":0,"name":"tqT-Ef68y44.jpg","borderColor":5855577,"width":2560,"height":2560,"fontSize":12,"fillColor":16777215,"lineSpacing":0,"radiusTopLeft":0,"radiusTopRight":0,"fillGradientOpacities":[1,1],"radiusBottomLeft":0,"radiusBottomRight":0,"borderPosition":"Inside","font":"Noto Sans","textDecoration":"none","textAlign":"Left","x":0,"y":-560,"textVerticalAlign":"Top","scaleX":1,"blending":"Normal","rotation":0,"borderOpacity":0,"borderBlending":"Normal","opacity":30,"borderThickness":1,"fillOpacity":0,"fillBlending":"Normal","fontOption":"Regular","typographicCase":"default","scaleY":1},{"fillGradientColors":[0,0],"type":"Shape","fillGradientRatios":[0,255],"characterSpacing":0,"fontColor":0,"name":null,"borderColor":16777215,"width":2520,"height":1400,"fontSize":12,"fillColor":16777215,"lineSpacing":0,"radiusTopLeft":0,"radiusTopRight":0,"fillGradientOpacities":[1,1],"radiusBottomLeft":0,"radiusBottomRight":0,"borderPosition":"Inside","font":"Noto Sans","textDecoration":"none","textAlign":"Left","x":20,"y":20,"textVerticalAlign":"Top","scaleX":1,"blending":"Normal","rotation":0,"borderOpacity":100,"borderBlending":"Normal","opacity":100,"borderThickness":5,"fillOpacity":0,"fillBlending":"Normal","fontOption":"Regular","typographicCase":"default","scaleY":1},{"fillGradientColors":[0,0],"type":"Text","fillGradientRatios":[0,255],"characterSpacing":0,"fontColor":16777215,"name":"Channel name","borderColor":0,"width":1200,"height":160,"fontSize":120,"fillColor":16777215,"lineSpacing":0,"radiusTopLeft":0,"radiusTopRight":0,"fillGradientOpacities":[1,1],"radiusBottomLeft":0,"radiusBottomRight":0,"borderPosition":"Inside","font":"Josefin Sans","textDecoration":"none","textAlign":"Center","x":680,"y":570,"textVerticalAlign":"Top","scaleX":1,"blending":"Normal","rotation":0,"borderOpacity":100,"borderBlending":"Normal","opacity":100,"borderThickness":1,"fillOpacity":100,"fillBlending":"Normal","fontOption":"Regular","typographicCase":"default","scaleY":1},{"fillGradientColors":[0,0],"type":"Text","fillGradientRatios":[0,255],"characterSpacing":0,"fontColor":16777215,"name":"Channel description","borderColor":0,"width":1200,"height":80,"fontSize":68,"fillColor":16777215,"lineSpacing":0,"radiusTopLeft":0,"radiusTopRight":0,"fillGradientOpacities":[1,1],"radiusBottomLeft":0,"radiusBottomRight":0,"borderPosition":"Inside","font":"Josefin Sans","textDecoration":"none","textAlign":"Center","x":680,"y":810,"textVerticalAlign":"Top","scaleX":1,"blending":"Normal","rotation":0,"borderOpacity":100,"borderBlending":"Normal","opacity":100,"borderThickness":1,"fillOpacity":100,"fillBlending":"Normal","fontOption":"Regular","typographicCase":"default","scaleY":1}],"fillOpacity":100}],"name":"Night city","id":"1529112238540","version":"2.0.0","description":""}