{
    "version": 0
    , "workspace": true
    , "description": ""
    , "name": "Flowers in hands"
    , "artboards": [{
        "x": 0
        , "height": 1400
        , "name": "Flowers in hands"
        , "width": 1400
        , "y": 0
        , "items": [{
            "fontColor": 0
            , "radiusTopLeft": 0
            , "type": "Image"
            , "fillColor": 16777215
            , "name": "31c5d017968af1e9b84a5aab6baa7974.jpeg"
            , "lineSpacing": 0
            , "radiusTopRight": 0
            , "fillGradientOpacities": [1, 1]
            , "radiusBottomRight": 0
            , "radiusBottomLeft": 0
            , "fillGradientColors": [0, 0]
            , "characterSpacing": 0
            , "fillGradientRatios": [0, 255]
            , "fontSize": 12
            , "height": 1400
            , "width": 2100
            , "borderColor": 5855577
            , "borderPosition": "Inside"
            , "textVerticalAlign": "Top"
            , "blending": "Normal"
            , "y": 0
            , "x": -350
            , "opacity": 50
            , "scaleX": 1
            , "fillBlending": "Normal"
            , "scaleY": 1
            , "rotation": 0
            , "fontOption": "Regular"
            , "borderBlending": "Normal"
            , "borderOpacity": 0
            , "textAlign": "Left"
            , "borderThickness": 1
            , "fillOpacity": 0
            , "font": "Noto Sans"
        }, {
            "fontColor": 0
            , "radiusTopLeft": 0
            , "type": "Shape"
            , "fillColor": 0
            , "name": "Rectangle"
            , "lineSpacing": 0
            , "radiusTopRight": 0
            , "fillGradientOpacities": [1, 1]
            , "radiusBottomRight": 0
            , "radiusBottomLeft": 0
            , "fillGradientColors": [0, 0]
            , "characterSpacing": 0
            , "fillGradientRatios": [0, 255]
            , "fontSize": 12
            , "height": 1400
            , "width": 1400
            , "borderColor": 16777215
            , "borderPosition": "Inside"
            , "textVerticalAlign": "Top"
            , "blending": "Normal"
            , "y": 0
            , "x": 0
            , "opacity": 100
            , "scaleX": 1
            , "fillBlending": "Normal"
            , "scaleY": 1
            , "rotation": 0
            , "fontOption": "Regular"
            , "borderBlending": "Normal"
            , "borderOpacity": 100
            , "textAlign": "Left"
            , "borderThickness": 20
            , "fillOpacity": 20
            , "font": "Noto Sans"
        }, {
            "fontColor": 16777215
            , "radiusTopLeft": 0
            , "type": "Text"
            , "fillColor": 0
            , "name": "Heading"
            , "lineSpacing": 0.6
            , "radiusTopRight": 0
            , "fillGradientOpacities": [1, 1]
            , "radiusBottomRight": 0
            , "radiusBottomLeft": 0
            , "fillGradientColors": [0, 0]
            , "characterSpacing": 0
            , "fillGradientRatios": [0, 255]
            , "fontSize": 240
            , "height": 640
            , "width": 1200
            , "borderColor": 0
            , "borderPosition": "Inside"
            , "textVerticalAlign": "Middle"
            , "blending": "Normal"
            , "y": 400
            , "x": 100
            , "opacity": 100
            , "scaleX": 1
            , "fillBlending": "Normal"
            , "scaleY": 1
            , "rotation": 0
            , "fontOption": "Regular"
            , "borderBlending": "Normal"
            , "borderOpacity": 100
            , "textAlign": "Center"
            , "borderThickness": 1
            , "fillOpacity": 100
            , "font": "Rock Salt"
        }, {
            "fontColor": 14011647
            , "radiusTopLeft": 0
            , "type": "Text"
            , "fillColor": 0
            , "name": "Subheading"
            , "lineSpacing": 0
            , "radiusTopRight": 0
            , "fillGradientOpacities": [1, 1]
            , "radiusBottomRight": 0
            , "radiusBottomLeft": 0
            , "fillGradientColors": [0, 0]
            , "characterSpacing": 0
            , "fillGradientRatios": [0, 255]
            , "fontSize": 96
            , "height": 100
            , "width": 1200
            , "borderColor": 0
            , "borderPosition": "Inside"
            , "textVerticalAlign": "Top"
            , "blending": "Normal"
            , "y": 1080
            , "x": 110
            , "opacity": 100
            , "scaleX": 1
            , "fillBlending": "Normal"
            , "scaleY": 1
            , "rotation": 0
            , "fontOption": "Regular"
            , "borderBlending": "Normal"
            , "borderOpacity": 100
            , "textAlign": "Center"
            , "borderThickness": 1
            , "fillOpacity": 100
            , "font": "Permanent Marker"
        }]
        , "fillColor": 0
        , "fillOpacity": 100
    }]
}