{
    "version": "1.0.3"
    , "artboards": [{
        "x": 0
        , "y": 0
        , "fillColor": 0
        , "items": [{
            "characterSpacing": 0
            , "type": "Image"
            , "name": "sm8OE9daK2A.jpg"
            , "fontColor": 0
            , "radiusTopLeft": 0
            , "radiusTopRight": 0
            , "fontSize": 12
            , "radiusBottomLeft": 0
            , "radiusBottomRight": 0
            , "width": 1441
            , "height": 1080
            , "fillGradientOpacities": [1, 1]
            , "fillColor": 0
            , "lineSpacing": 0
            , "fillGradientColors": [0, 0]
            , "fillGradientRatios": [0, 255]
            , "borderColor": 0
            , "borderOpacity": 0
            , "fontOption": "Regular"
            , "borderThickness": 1
            , "borderPosition": "Inside"
            , "textVerticalAlign": "Top"
            , "x": -181
            , "y": 0
            , "scaleX": 1
            , "scaleY": 1
            , "rotation": 0
            , "fillOpacity": 0
            , "blending": "Normal"
            , "opacity": 90
            , "fillBlending": "Normal"
            , "textAlign": "Left"
            , "font": "Noto Sans"
            , "borderBlending": "Normal"
        }, {
            "characterSpacing": 0
            , "type": "Text"
            , "name": "Title"
            , "fontColor": 16777215
            , "radiusTopLeft": 0
            , "radiusTopRight": 0
            , "fontSize": 112
            , "radiusBottomLeft": 0
            , "radiusBottomRight": 0
            , "width": 900
            , "height": 140
            , "fillGradientOpacities": [1, 1]
            , "fillColor": 16777215
            , "lineSpacing": 0
            , "fillGradientColors": [0, 0]
            , "fillGradientRatios": [0, 255]
            , "borderColor": 0
            , "borderOpacity": 100
            , "fontOption": "Bold"
            , "borderThickness": 1
            , "borderPosition": "Inside"
            , "textVerticalAlign": "Top"
            , "x": 89
            , "y": 810
            , "scaleX": 1
            , "scaleY": 1
            , "rotation": 0
            , "fillOpacity": 100
            , "blending": "Normal"
            , "opacity": 100
            , "fillBlending": "Normal"
            , "textAlign": "Left"
            , "font": "Seoul Hangang"
            , "borderBlending": "Normal"
        }, {
            "characterSpacing": 0
            , "type": "Text"
            , "name": "Description"
            , "fontColor": 15079191
            , "radiusTopLeft": 0
            , "radiusTopRight": 0
            , "fontSize": 72
            , "radiusBottomLeft": 0
            , "radiusBottomRight": 0
            , "width": 900
            , "height": 100
            , "fillGradientOpacities": [1, 1]
            , "fillColor": 16777215
            , "lineSpacing": 0
            , "fillGradientColors": [0, 0]
            , "fillGradientRatios": [0, 255]
            , "borderColor": 0
            , "borderOpacity": 100
            , "fontOption": "Regular"
            , "borderThickness": 1
            , "borderPosition": "Inside"
            , "textVerticalAlign": "Top"
            , "x": 89
            , "y": 940
            , "scaleX": 1
            , "scaleY": 1
            , "rotation": 0
            , "fillOpacity": 100
            , "blending": "Normal"
            , "opacity": 100
            , "fillBlending": "Normal"
            , "textAlign": "Left"
            , "font": "Seoul Hangang"
            , "borderBlending": "Normal"
        }]
        , "height": 1080
        , "name": "Red lighthouse"
        , "width": 1080
        , "fillOpacity": 100
    }]
    , "workspace": true
    , "description": ""
    , "name": "Red lighthouse"
}