{
    "version": "1.0.3"
    , "artboards": [{
        "fillColor": 0
        , "x": 0
        , "y": 0
        , "items": [{
            "lineSpacing": 0
            , "characterSpacing": 0
            , "type": "Image"
            , "name": "a317c1ae2042abe13a6ec0058897b696.jpeg"
            , "fontColor": 0
            , "radiusTopLeft": 0
            , "fontSize": 12
            , "radiusTopRight": 0
            , "radiusBottomLeft": 0
            , "radiusBottomRight": 0
            , "width": 2560
            , "height": 3412
            , "borderColor": 5855577
            , "fillColor": 5855577
            , "fillGradientOpacities": [1, 1]
            , "fillGradientColors": [0, 0]
            , "fillGradientRatios": [0, 255]
            , "borderBlending": "Normal"
            , "borderOpacity": 0
            , "borderPosition": "Inside"
            , "fontOption": "Regular"
            , "textVerticalAlign": "Top"
            , "x": 0
            , "borderThickness": 1
            , "y": -986
            , "scaleY": 1
            , "scaleX": 1
            , "rotation": 0
            , "blending": "Normal"
            , "opacity": 60
            , "fillBlending": "Normal"
            , "textAlign": "Left"
            , "fillOpacity": 0
            , "font": "Noto Sans"
        }, {
            "lineSpacing": 0
            , "characterSpacing": 0
            , "type": "Text"
            , "name": "Channel name"
            , "fontColor": 16777215
            , "radiusTopLeft": 0
            , "fontSize": 150
            , "radiusTopRight": 0
            , "radiusBottomLeft": 0
            , "radiusBottomRight": 0
            , "width": 1200
            , "height": 200
            , "borderColor": 0
            , "fillColor": 16777215
            , "fillGradientOpacities": [1, 1]
            , "fillGradientColors": [0, 0]
            , "fillGradientRatios": [0, 255]
            , "borderBlending": "Normal"
            , "borderOpacity": 100
            , "borderPosition": "Inside"
            , "fontOption": "Regular"
            , "textVerticalAlign": "Top"
            , "x": 679
            , "borderThickness": 1
            , "y": 600
            , "scaleY": 1
            , "scaleX": 1
            , "rotation": 0
            , "blending": "Normal"
            , "opacity": 100
            , "fillBlending": "Normal"
            , "textAlign": "Center"
            , "fillOpacity": 100
            , "font": "Racing Sans One"
        }, {
            "lineSpacing": 0
            , "characterSpacing": 0
            , "type": "Text"
            , "name": "Channel description"
            , "fontColor": 16777215
            , "radiusTopLeft": 0
            , "fontSize": 72
            , "radiusTopRight": 0
            , "radiusBottomLeft": 0
            , "radiusBottomRight": 0
            , "width": 1200
            , "height": 103
            , "borderColor": 0
            , "fillColor": 16777215
            , "fillGradientOpacities": [1, 1]
            , "fillGradientColors": [0, 0]
            , "fillGradientRatios": [0, 255]
            , "borderBlending": "Normal"
            , "borderOpacity": 100
            , "borderPosition": "Inside"
            , "fontOption": "Regular Italic"
            , "textVerticalAlign": "Top"
            , "x": 680
            , "borderThickness": 1
            , "y": 840
            , "scaleY": 1
            , "scaleX": 1
            , "rotation": 0
            , "blending": "Normal"
            , "opacity": 100
            , "fillBlending": "Normal"
            , "textAlign": "Center"
            , "fillOpacity": 100
            , "font": "Kanit"
        }, {
            "lineSpacing": 0
            , "characterSpacing": 0
            , "type": "Shape"
            , "name": null
            , "fontColor": 0
            , "radiusTopLeft": 0
            , "fontSize": 12
            , "radiusTopRight": 0
            , "radiusBottomLeft": 0
            , "radiusBottomRight": 0
            , "width": 1200
            , "height": 10
            , "borderColor": 5855577
            , "fillColor": 16777215
            , "fillGradientOpacities": [1, 1]
            , "fillGradientColors": [0, 0]
            , "fillGradientRatios": [0, 255]
            , "borderBlending": "Normal"
            , "borderOpacity": 0
            , "borderPosition": "Inside"
            , "fontOption": "Regular"
            , "textVerticalAlign": "Top"
            , "x": 680
            , "borderThickness": 1
            , "y": 810
            , "scaleY": 1
            , "scaleX": 1
            , "rotation": 0
            , "blending": "Normal"
            , "opacity": 100
            , "fillBlending": "Normal"
            , "textAlign": "Left"
            , "fillOpacity": 100
            , "font": "Noto Sans"
        }, {
            "lineSpacing": 0
            , "characterSpacing": 0
            , "type": "Shape"
            , "name": null
            , "fontColor": 0
            , "radiusTopLeft": 0
            , "fontSize": 12
            , "radiusTopRight": 0
            , "radiusBottomLeft": 0
            , "radiusBottomRight": 0
            , "width": 1200
            , "height": 10
            , "borderColor": 5855577
            , "fillColor": 16777215
            , "fillGradientOpacities": [1, 1]
            , "fillGradientColors": [0, 0]
            , "fillGradientRatios": [0, 255]
            , "borderBlending": "Normal"
            , "borderOpacity": 0
            , "borderPosition": "Inside"
            , "fontOption": "Regular"
            , "textVerticalAlign": "Top"
            , "x": 680
            , "borderThickness": 1
            , "y": 590
            , "scaleY": 1
            , "scaleX": 1
            , "rotation": 0
            , "blending": "Normal"
            , "opacity": 100
            , "fillBlending": "Normal"
            , "textAlign": "Center"
            , "fillOpacity": 100
            , "font": "Noto Sans"
        }]
        , "height": 1440
        , "name": "Night road"
        , "width": 2560
        , "fillOpacity": 100
    }]
    , "workspace": true
    , "description": ""
    , "name": "Night road"
}