{"workspace":true,"artboards":[{"fillColor":0,"x":0,"name":"Snowy village","y":0,"height":1440,"width":2560,"items":[{"radiusBottomRight":0,"fillGradientOpacities":[1,1],"type":"Image","fillGradientColors":[0,0],"fillGradientRatios":[0,255],"characterSpacing":0,"lineSpacing":0,"fontColor":0,"name":"fQdtnuap4O4.jpg","borderColor":5855577,"width":2560,"height":1706,"fontSize":12,"fillColor":0,"radiusTopLeft":0,"radiusTopRight":0,"radiusBottomLeft":0,"fillOpacity":20,"textAlign":"Left","font":"Noto Sans","textDecoration":"none","borderPosition":"Inside","y":280,"x":0,"fontOption":"Regular","scaleX":1,"scaleY":1,"textVerticalAlign":"Top","rotation":0,"borderBlending":"Normal","blending":"Normal","borderOpacity":0,"opacity":90,"borderThickness":1,"fillBlending":"Normal","typographicCase":"default"},{"radiusBottomRight":0,"fillGradientOpacities":[1,1],"type":"Text","fillGradientColors":[0,0],"fillGradientRatios":[0,255],"characterSpacing":0,"lineSpacing":0,"fontColor":0,"name":"Channel name","borderColor":0,"width":1200,"height":220,"fontSize":168,"fillColor":16777215,"radiusTopLeft":0,"radiusTopRight":0,"radiusBottomLeft":0,"fillOpacity":100,"textAlign":"Center","font":"Lobster Two","textDecoration":"none","borderPosition":"Inside","y":590,"x":680,"fontOption":"Bold Italic","scaleX":1,"scaleY":1,"textVerticalAlign":"Top","rotation":0,"borderBlending":"Normal","blending":"Overlay","borderOpacity":100,"opacity":100,"borderThickness":1,"fillBlending":"Normal","typographicCase":"default"},{"radiusBottomRight":0,"fillGradientOpacities":[1,1],"type":"Text","fillGradientColors":[0,0],"fillGradientRatios":[0,255],"characterSpacing":0,"lineSpacing":0,"fontColor":0,"name":"Channel description","borderColor":0,"width":1200,"height":120,"fontSize":80,"fillColor":16777215,"radiusTopLeft":0,"radiusTopRight":0,"radiusBottomLeft":0,"fillOpacity":100,"textAlign":"Center","font":"Lobster Two","textDecoration":"none","borderPosition":"Inside","y":530,"x":680,"fontOption":"Regular","scaleX":1,"scaleY":1,"textVerticalAlign":"Top","rotation":0,"borderBlending":"Normal","blending":"Overlay","borderOpacity":100,"opacity":100,"borderThickness":1,"fillBlending":"Normal","typographicCase":"default"},{"radiusBottomRight":0,"fillGradientOpacities":[1,1],"type":"Image","fillGradientColors":[0,0],"fillGradientRatios":[0,255],"characterSpacing":0,"lineSpacing":0,"fontColor":0,"name":"fQdtnuap4O4.jpg","borderColor":5855577,"width":2560,"height":1706,"fontSize":12,"fillColor":0,"radiusTopLeft":0,"radiusTopRight":0,"radiusBottomLeft":0,"fillOpacity":20,"textAlign":"Left","font":"Noto Sans","textDecoration":"none","borderPosition":"Inside","y":-1426,"x":0,"fontOption":"Regular","scaleX":1,"scaleY":-1,"textVerticalAlign":"Top","rotation":0,"borderBlending":"Normal","blending":"Normal","borderOpacity":0,"opacity":90,"borderThickness":1,"fillBlending":"Normal","typographicCase":"default"}],"fillOpacity":100}],"name":"Snowy village","id":"1528849199491","version":"2.0.0","description":""}