{"id":"1480345548007","version":"1.0.3","artboards":[{"x":0,"height":1080,"y":0,"fillColor":0,"items":[{"type":"Image","fontColor":0,"name":"OJX7gIU3E6U.jpg","radiusTopRight":0,"radiusBottomLeft":0,"radiusBottomRight":0,"fontSize":12,"lineSpacing":0,"fillGradientOpacities":[1,1],"radiusTopLeft":0,"fillGradientColors":[0,0],"fillGradientRatios":[0,255],"height":1080,"width":1620,"fillColor":0,"borderColor":0,"characterSpacing":0,"textVerticalAlign":"top","x":-270,"blending":"Normal","opacity":100,"y":0,"fillBlending":"Normal","scaleX":1,"rotation":0,"fillOpacity":0,"scaleY":1,"fontOption":"Regular","textAlign":"Left","borderBlending":"Normal","borderOpacity":0,"borderThickness":1,"font":"Noto Sans","borderPosition":"Inside"},{"type":"Text","fontColor":6068628,"name":"Description","radiusTopRight":0,"radiusBottomLeft":0,"radiusBottomRight":0,"fontSize":72,"lineSpacing":0,"fillGradientOpacities":[1,1],"radiusTopLeft":0,"fillGradientColors":[0,0],"fillGradientRatios":[0,255],"height":100,"width":900,"fillColor":16738816,"borderColor":0,"characterSpacing":0,"textVerticalAlign":"top","x":90,"blending":"Normal","opacity":100,"y":920,"fillBlending":"Normal","scaleX":1,"rotation":0,"fillOpacity":100,"scaleY":1,"fontOption":"Regular","textAlign":"Right","borderBlending":"Normal","borderOpacity":100,"borderThickness":1,"font":"Nanum Barun Pen","borderPosition":"Inside"},{"type":"Text","fontColor":16777215,"name":"Title","radiusTopRight":0,"radiusBottomLeft":0,"radiusBottomRight":0,"fontSize":112,"lineSpacing":0,"fillGradientOpacities":[1,1],"radiusTopLeft":0,"fillGradientColors":[0,0],"fillGradientRatios":[0,255],"height":140,"width":900,"fillColor":16777215,"borderColor":0,"characterSpacing":0,"textVerticalAlign":"top","x":90,"blending":"Normal","opacity":100,"y":790,"fillBlending":"Normal","scaleX":1,"rotation":0,"fillOpacity":100,"scaleY":1,"fontOption":"Regular","textAlign":"Right","borderBlending":"Normal","borderOpacity":100,"borderThickness":1,"font":"Nanum Barun Pen","borderPosition":"Inside"}],"name":"Vintage road","width":1080,"fillOpacity":100}],"description":"","workspace":true,"name":"Vintage road"}