{
    "name": "Cool motorcycle",
    "id": "1528986355918",
    "version": "2.0.0",
    "artboards": [{
        "name": "Cool motorcycle",
        "y": 0,
        "fillColor": 0,
        "x": 0,
        "height": 1400,
        "items": [{
            "type": "Image",
            "fillColor": 0,
            "fillGradientOpacities": [1, 1],
            "fillGradientColors": [0, 0],
            "fillGradientRatios": [0, 255],
            "radiusTopLeft": 0,
            "radiusTopRight": 0,
            "name": "84lRlahWjbU.jpg",
            "radiusBottomLeft": 0,
            "radiusBottomRight": 0,
            "borderColor": 0,
            "width": 2100,
            "lineSpacing": 0,
            "height": 1400,
            "fontColor": 0,
            "fontSize": 12,
            "characterSpacing": 0,
            "blending": "Normal",
            "textAlign": "Left",
            "opacity": 90,
            "font": "Noto Sans",
            "textVerticalAlign": "Top",
            "fillBlending": "Normal",
            "textDecoration": "none",
            "fillOpacity": 0,
            "y": 0,
            "x": -350,
            "borderBlending": "Normal",
            "borderOpacity": 0,
            "borderThickness": 1,
            "scaleX": 1,
            "rotation": 0,
            "scaleY": 1,
            "fontOption": "Regular",
            "borderPosition": "Inside",
            "typographicCase": "default"
        }, {
            "type": "Shape",
            "fillColor": 16777215,
            "fillGradientOpacities": [1, 1],
            "fillGradientColors": [0, 0],
            "fillGradientRatios": [0, 255],
            "radiusTopLeft": 0,
            "radiusTopRight": 0,
            "name": null,
            "radiusBottomLeft": 0,
            "radiusBottomRight": 0,
            "borderColor": 16777215,
            "width": 700,
            "lineSpacing": 0,
            "height": 10,
            "fontColor": 0,
            "fontSize": 12,
            "characterSpacing": 0,
            "blending": "Normal",
            "textAlign": "Left",
            "opacity": 100,
            "font": "Noto Sans",
            "textVerticalAlign": "Top",
            "fillBlending": "Normal",
            "textDecoration": "none",
            "fillOpacity": 100,
            "y": 230,
            "x": 640,
            "borderBlending": "Normal",
            "borderOpacity": 100,
            "borderThickness": 0,
            "scaleX": 1,
            "rotation": 0,
            "scaleY": 1,
            "fontOption": "Regular",
            "borderPosition": "Inside",
            "typographicCase": "default"
        }, {
            "type": "Text",
            "fillColor": 16777215,
            "fillGradientOpacities": [1, 1],
            "fillGradientColors": [0, 0],
            "fillGradientRatios": [0, 255],
            "radiusTopLeft": 0,
            "radiusTopRight": 0,
            "name": "Album title",
            "radiusBottomLeft": 0,
            "radiusBottomRight": 0,
            "borderColor": 0,
            "width": 800,
            "lineSpacing": 0,
            "height": 120,
            "fontColor": 16777215,
            "fontSize": 80,
            "characterSpacing": 0,
            "blending": "Normal",
            "textAlign": "Right",
            "opacity": 100,
            "font": "Racing Sans One",
            "textVerticalAlign": "Top",
            "fillBlending": "Normal",
            "textDecoration": "none",
            "fillOpacity": 100,
            "y": 250,
            "x": 540,
            "borderBlending": "Normal",
            "borderOpacity": 100,
            "borderThickness": 1,
            "scaleX": 1,
            "rotation": 0,
            "scaleY": 1,
            "fontOption": "Regular",
            "borderPosition": "Inside",
            "typographicCase": "default"
        }, {
            "type": "Text",
            "fillColor": 16777215,
            "fillGradientOpacities": [1, 1],
            "fillGradientColors": [0, 0],
            "fillGradientRatios": [0, 255],
            "radiusTopLeft": 0,
            "radiusTopRight": 0,
            "name": "Artist name",
            "radiusBottomLeft": 0,
            "radiusBottomRight": 0,
            "borderColor": 0,
            "width": 800,
            "lineSpacing": 0,
            "height": 160,
            "fontColor": 16777215,
            "fontSize": 128,
            "characterSpacing": 0,
            "blending": "Normal",
            "textAlign": "Right",
            "opacity": 100,
            "font": "Racing Sans One",
            "textVerticalAlign": "Top",
            "fillBlending": "Normal",
            "textDecoration": "none",
            "fillOpacity": 100,
            "y": 60,
            "x": 540,
            "borderBlending": "Normal",
            "borderOpacity": 100,
            "borderThickness": 1,
            "scaleX": 1,
            "rotation": 0,
            "scaleY": 1,
            "fontOption": "Regular",
            "borderPosition": "Inside",
            "typographicCase": "default"
        }],
        "width": 1400,
        "fillOpacity": 100
    }],
    "workspace": true,
    "description": ""
}
