{"id":"1480730969567","version":"1.0.3","workspace":true,"artboards":[{"x":0,"fillColor":0,"y":0,"items":[{"characterSpacing":0,"radiusTopLeft":0,"type":"Image","radiusTopRight":0,"radiusBottomLeft":0,"name":"0761b5c53873ca6e223337ba8fe0d910.jpeg","radiusBottomRight":0,"fillGradientOpacities":[1,1],"fillGradientColors":[0,0],"fillGradientRatios":[0,255],"fontSize":12,"width":1500,"lineSpacing":0,"fillColor":0,"height":999,"borderColor":5855577,"fontColor":0,"font":"Noto Sans","blending":"Normal","opacity":100,"x":0,"y":-290,"fillBlending":"Normal","scaleX":1,"rotation":0,"scaleY":1,"fillOpacity":0,"borderPosition":"Inside","textVerticalAlign":"top","borderBlending":"Normal","borderOpacity":0,"borderThickness":1,"textAlign":"Left","fontOption":"Regular"},{"characterSpacing":0,"radiusTopLeft":0,"type":"Text","radiusTopRight":0,"radiusBottomLeft":0,"name":"Title","radiusBottomRight":0,"fillGradientOpacities":[1,1],"fillGradientColors":[0,0],"fillGradientRatios":[0,255],"fontSize":80,"width":480,"lineSpacing":0,"fillColor":16738816,"height":80,"borderColor":0,"fontColor":10050350,"font":"Nanum Barun Pen","blending":"Normal","opacity":100,"x":510,"y":110,"fillBlending":"Normal","scaleX":1,"rotation":0,"scaleY":1,"fillOpacity":100,"borderPosition":"Inside","textVerticalAlign":"top","borderBlending":"Normal","borderOpacity":100,"borderThickness":1,"textAlign":"Center","fontOption":"Regular"},{"characterSpacing":0,"radiusTopLeft":0,"type":"Text","radiusTopRight":0,"radiusBottomLeft":0,"name":"Description","radiusBottomRight":0,"fillGradientOpacities":[1,1],"fillGradientColors":[0,0],"fillGradientRatios":[0,255],"fontSize":40,"width":480,"lineSpacing":0,"fillColor":16738816,"height":48,"borderColor":0,"fontColor":11760711,"font":"Nanum Barun Pen","blending":"Normal","opacity":100,"x":510,"y":210,"fillBlending":"Normal","scaleX":1,"rotation":0,"scaleY":1,"fillOpacity":100,"borderPosition":"Inside","textVerticalAlign":"top","borderBlending":"Normal","borderOpacity":100,"borderThickness":1,"textAlign":"Center","fontOption":"Regular"},{"characterSpacing":0,"radiusTopLeft":0,"type":"Shape","radiusTopRight":0,"radiusBottomLeft":0,"name":"Rectangle","radiusBottomRight":0,"fillGradientOpacities":[1,1],"fillGradientColors":[0,0],"fillGradientRatios":[0,255],"fontSize":12,"width":480,"lineSpacing":0,"fillColor":11760711,"height":2,"borderColor":0,"fontColor":0,"font":"Noto Sans","blending":"Normal","opacity":100,"x":510,"y":200,"fillBlending":"Normal","scaleX":1,"rotation":0,"scaleY":1,"fillOpacity":100,"borderPosition":"Inside","textVerticalAlign":"top","borderBlending":"Normal","borderOpacity":0,"borderThickness":1,"textAlign":"Left","fontOption":"Regular"}],"height":500,"width":1500,"name":"Tiny island","fillOpacity":100}],"description":"","name":"Tiny island"}