{"id":"1480345531078","version":"1.0.3","workspace":true,"artboards":[{"x":0,"height":1080,"width":1080,"y":0,"fillColor":0,"items":[{"characterSpacing":0,"type":"Image","name":"wxGwllldlIQ.jpg","fontColor":0,"radiusTopLeft":0,"radiusTopRight":0,"fontSize":12,"radiusBottomLeft":0,"radiusBottomRight":0,"width":2136,"height":1200,"fillGradientOpacities":[1,1],"fillColor":16777215,"lineSpacing":0,"fillGradientColors":[0,0],"fillGradientRatios":[0,255],"borderColor":0,"borderOpacity":0,"fontOption":"Regular","borderThickness":1,"borderPosition":"Inside","textVerticalAlign":"top","x":-528,"y":0,"scaleX":1,"scaleY":1,"rotation":0,"fillOpacity":20,"blending":"Normal","opacity":100,"fillBlending":"Overlay","textAlign":"Left","font":"Noto Sans","borderBlending":"Normal"},{"characterSpacing":0,"type":"Text","name":"Title","fontColor":2523256,"radiusTopLeft":0,"radiusTopRight":0,"fontSize":112,"radiusBottomLeft":0,"radiusBottomRight":0,"width":1080,"height":140,"fillGradientOpacities":[1,1],"fillColor":0,"lineSpacing":0,"fillGradientColors":[0,0],"fillGradientRatios":[0,255],"borderColor":0,"borderOpacity":100,"fontOption":"Regular","borderThickness":1,"borderPosition":"Inside","textVerticalAlign":"top","x":0,"y":240,"scaleX":1,"scaleY":1,"rotation":0,"fillOpacity":100,"blending":"Normal","opacity":100,"fillBlending":"Normal","textAlign":"Center","font":"Rock Salt","borderBlending":"Normal"},{"characterSpacing":0,"type":"Text","name":"Description","fontColor":16777215,"radiusTopLeft":0,"radiusTopRight":0,"fontSize":56,"radiusBottomLeft":0,"radiusBottomRight":0,"width":1200,"height":80,"fillGradientOpacities":[1,1],"fillColor":0,"lineSpacing":0,"fillGradientColors":[0,0],"fillGradientRatios":[0,255],"borderColor":0,"borderOpacity":100,"fontOption":"Regular","borderThickness":1,"borderPosition":"Inside","textVerticalAlign":"top","x":-60,"y":980,"scaleX":1,"scaleY":1,"rotation":0,"fillOpacity":100,"blending":"Normal","opacity":100,"fillBlending":"Normal","textAlign":"Center","font":"Noto Sans","borderBlending":"Normal"}],"name":"Sandy beach","fillOpacity":100}],"description":"","name":"Sandy beach"}