{
    "version": 0
    , "workspace": true
    , "artboards": [{
        "items": [{
            "fillColor": 0
            , "type": "Image"
            , "name": "xES8XBi-RJw.jpg"
            , "fontColor": 0
            , "lineSpacing": 0
            , "fontSize": 12
            , "fillGradientOpacities": [1, 1]
            , "characterSpacing": 0
            , "radiusTopLeft": 0
            , "radiusTopRight": 0
            , "width": 2100
            , "radiusBottomLeft": 0
            , "height": 1400
            , "fillGradientColors": [0, 0]
            , "radiusBottomRight": 0
            , "borderColor": 16777215
            , "fillGradientRatios": [0, 255]
            , "font": "Noto Sans"
            , "borderBlending": "Normal"
            , "borderOpacity": 0
            , "borderPosition": "Inside"
            , "borderThickness": 1
            , "textVerticalAlign": "Top"
            , "x": -349
            , "y": 1
            , "scaleX": 1
            , "fillOpacity": 0
            , "scaleY": 1
            , "rotation": 0
            , "blending": "Normal"
            , "opacity": 100
            , "fillBlending": "Normal"
            , "fontOption": "Regular"
            , "textAlign": "Left"
        }, {
            "fillColor": 0
            , "type": "Shape"
            , "name": "Rectangle"
            , "fontColor": 0
            , "lineSpacing": 0
            , "fontSize": 12
            , "fillGradientOpacities": [1, 1]
            , "characterSpacing": 0
            , "radiusTopLeft": 0
            , "radiusTopRight": 0
            , "width": 1400
            , "radiusBottomLeft": 0
            , "height": 410
            , "fillGradientColors": [0, 0]
            , "radiusBottomRight": 0
            , "borderColor": 0
            , "fillGradientRatios": [0, 255]
            , "font": "Noto Sans"
            , "borderBlending": "Normal"
            , "borderOpacity": 0
            , "borderPosition": "Inside"
            , "borderThickness": 1
            , "textVerticalAlign": "Top"
            , "x": 0
            , "y": 990
            , "scaleX": 1
            , "fillOpacity": 100
            , "scaleY": 1
            , "rotation": 0
            , "blending": "Overlay"
            , "opacity": 50
            , "fillBlending": "Normal"
            , "fontOption": "Regular"
            , "textAlign": "Left"
        }, {
            "fillColor": 16777215
            , "type": "Text"
            , "name": "Heading"
            , "fontColor": 16772761
            , "lineSpacing": 0
            , "fontSize": 120
            , "fillGradientOpacities": [1, 1]
            , "characterSpacing": 0
            , "radiusTopLeft": 0
            , "radiusTopRight": 0
            , "width": 1200
            , "radiusBottomLeft": 0
            , "height": 180
            , "fillGradientColors": [0, 0]
            , "radiusBottomRight": 0
            , "borderColor": 0
            , "fillGradientRatios": [0, 255]
            , "font": "Bitter"
            , "borderBlending": "Normal"
            , "borderOpacity": 100
            , "borderPosition": "Inside"
            , "borderThickness": 1
            , "textVerticalAlign": "Top"
            , "x": 100
            , "y": 1040
            , "scaleX": 1
            , "fillOpacity": 100
            , "scaleY": 1
            , "rotation": 0
            , "blending": "Normal"
            , "opacity": 100
            , "fillBlending": "Normal"
            , "fontOption": "Bold"
            , "textAlign": "Left"
        }, {
            "fillColor": 16777215
            , "type": "Text"
            , "name": "Subheading"
            , "fontColor": 15101207
            , "lineSpacing": 0
            , "fontSize": 68
            , "fillGradientOpacities": [1, 1]
            , "characterSpacing": 0
            , "radiusTopLeft": 0
            , "radiusTopRight": 0
            , "width": 1200
            , "radiusBottomLeft": 0
            , "height": 120
            , "fillGradientColors": [0, 0]
            , "radiusBottomRight": 0
            , "borderColor": 0
            , "fillGradientRatios": [0, 255]
            , "font": "Bitter"
            , "borderBlending": "Normal"
            , "borderOpacity": 100
            , "borderPosition": "Inside"
            , "borderThickness": 1
            , "textVerticalAlign": "Top"
            , "x": 100
            , "y": 1220
            , "scaleX": 1
            , "fillOpacity": 100
            , "scaleY": 1
            , "rotation": 0
            , "blending": "Normal"
            , "opacity": 100
            , "fillBlending": "Normal"
            , "fontOption": "Regular"
            , "textAlign": "Left"
        }]
        , "width": 1400
        , "y": 0
        , "x": 0
        , "height": 1400
        , "name": "Sunset city"
        , "fillColor": 0
        , "fillOpacity": 100
    }]
    , "description": ""
    , "name": "Sunset city"
}