{"id":"1480345550822","version":"1.0.3","artboards":[{"x":0,"height":1080,"y":0,"fillColor":0,"items":[{"type":"Image","fontColor":0,"name":"1hGAXyyav64.jpg","radiusTopRight":0,"radiusBottomLeft":0,"radiusBottomRight":0,"fontSize":12,"lineSpacing":0,"fillGradientOpacities":[1,1],"radiusTopLeft":0,"fillGradientColors":[0,0],"fillGradientRatios":[0,255],"height":1200,"width":2133,"fillColor":0,"borderColor":0,"characterSpacing":0,"textVerticalAlign":"top","x":-527,"blending":"Normal","opacity":100,"y":0,"fillBlending":"Normal","scaleX":1,"rotation":0,"fillOpacity":0,"scaleY":1,"fontOption":"Regular","textAlign":"Left","borderBlending":"Normal","borderOpacity":0,"borderThickness":1,"font":"Noto Sans","borderPosition":"Inside"},{"type":"Shape","fontColor":0,"name":null,"radiusTopRight":10,"radiusBottomLeft":10,"radiusBottomRight":10,"fontSize":12,"lineSpacing":0,"fillGradientOpacities":[1,1],"radiusTopLeft":10,"fillGradientColors":[0,0],"fillGradientRatios":[0,255],"height":900,"width":900,"fillColor":0,"borderColor":0,"characterSpacing":0,"textVerticalAlign":"top","x":90,"blending":"Normal","opacity":100,"y":90,"fillBlending":"Normal","scaleX":1,"rotation":0,"fillOpacity":70,"scaleY":1,"fontOption":"Regular","textAlign":"Left","borderBlending":"Normal","borderOpacity":0,"borderThickness":1,"font":"Noto Sans","borderPosition":"Inside"},{"type":"Text","fontColor":16777215,"name":"Title","radiusTopRight":0,"radiusBottomLeft":0,"radiusBottomRight":0,"fontSize":140,"lineSpacing":0,"fillGradientOpacities":[1,1],"radiusTopLeft":0,"fillGradientColors":[0,0],"fillGradientRatios":[0,255],"height":340,"width":800,"fillColor":16777215,"borderColor":0,"characterSpacing":0,"textVerticalAlign":"top","x":140,"blending":"Normal","opacity":100,"y":440,"fillBlending":"Normal","scaleX":1,"rotation":0,"fillOpacity":100,"scaleY":1,"fontOption":"Regular","textAlign":"Left","borderBlending":"Normal","borderOpacity":100,"borderThickness":1,"font":"Special Elite","borderPosition":"Inside"},{"type":"Text","fontColor":16777215,"name":"Description","radiusTopRight":0,"radiusBottomLeft":0,"radiusBottomRight":0,"fontSize":64,"lineSpacing":0,"fillGradientOpacities":[1,1],"radiusTopLeft":0,"fillGradientColors":[0,0],"fillGradientRatios":[0,255],"height":100,"width":800,"fillColor":16777215,"borderColor":0,"characterSpacing":0,"textVerticalAlign":"top","x":140,"blending":"Normal","opacity":100,"y":860,"fillBlending":"Normal","scaleX":1,"rotation":0,"fillOpacity":100,"scaleY":1,"fontOption":"Regular","textAlign":"Left","borderBlending":"Normal","borderOpacity":100,"borderThickness":1,"font":"Noto Sans","borderPosition":"Inside"},{"type":"Shape","fontColor":0,"name":null,"radiusTopRight":0,"radiusBottomLeft":0,"radiusBottomRight":0,"fontSize":12,"lineSpacing":0,"fillGradientOpacities":[1,1],"radiusTopLeft":0,"fillGradientColors":[0,0],"fillGradientRatios":[0,255],"height":10,"width":800,"fillColor":16777215,"borderColor":0,"characterSpacing":0,"textVerticalAlign":"top","x":140,"blending":"Normal","opacity":100,"y":820,"fillBlending":"Normal","scaleX":1,"rotation":0,"fillOpacity":100,"scaleY":1,"fontOption":"Regular","textAlign":"Left","borderBlending":"Normal","borderOpacity":0,"borderThickness":1,"font":"Noto Sans","borderPosition":"Inside"}],"name":"Yellow benches","width":1080,"fillOpacity":100}],"description":"","workspace":true,"name":"Yellow benches"}