{"name":"On the stage","id":"1529300420488","version":"2.0.0","artboards":[{"x":0,"name":"On the stage","y":0,"fillColor":0,"height":1440,"width":2560,"items":[{"fillColor":0,"type":"Image","fillGradientOpacities":[1,1],"fillGradientColors":[0,0],"fillGradientRatios":[0,255],"radiusTopLeft":0,"radiusTopRight":0,"radiusBottomLeft":0,"lineSpacing":0,"radiusBottomRight":0,"name":"mewgXLWI_iQ.jpg","borderColor":0,"fontSize":12,"width":2560,"fontColor":0,"height":1706,"characterSpacing":0,"opacity":80,"textAlign":"Left","fillBlending":"Normal","textDecoration":"none","fillOpacity":0,"borderBlending":"Normal","font":"Noto Sans","x":0,"borderOpacity":0,"y":-133,"borderThickness":0,"scaleX":1,"rotation":0,"borderPosition":"Inside","fontOption":"Regular","scaleY":1,"textVerticalAlign":"Top","blending":"Normal","typographicCase":"default"},{"fillColor":16777215,"type":"Text","fillGradientOpacities":[1,1],"fillGradientColors":[0,0],"fillGradientRatios":[0,255],"radiusTopLeft":0,"radiusTopRight":0,"radiusBottomLeft":0,"lineSpacing":0,"radiusBottomRight":0,"name":"Channel name","borderColor":0,"fontSize":150,"width":1200,"fontColor":16777215,"height":200,"characterSpacing":0,"opacity":100,"textAlign":"Center","fillBlending":"Normal","textDecoration":"none","fillOpacity":100,"borderBlending":"Normal","font":"Megrim","x":680,"borderOpacity":100,"y":561,"borderThickness":1,"scaleX":1,"rotation":0,"borderPosition":"Inside","fontOption":"Regular","scaleY":1,"textVerticalAlign":"Top","blending":"Normal","typographicCase":"default"},{"fillColor":16777215,"type":"Text","fillGradientOpacities":[1,1],"fillGradientColors":[0,0],"fillGradientRatios":[0,255],"radiusTopLeft":0,"radiusTopRight":0,"radiusBottomLeft":0,"lineSpacing":0,"radiusBottomRight":0,"name":"Channel description","borderColor":0,"fontSize":72,"width":1200,"fontColor":16777215,"height":100,"characterSpacing":0,"opacity":100,"textAlign":"Center","fillBlending":"Normal","textDecoration":"none","fillOpacity":100,"borderBlending":"Normal","font":"Megrim","x":680,"borderOpacity":100,"y":730,"borderThickness":1,"scaleX":1,"rotation":0,"borderPosition":"Inside","fontOption":"Regular","scaleY":1,"textVerticalAlign":"Top","blending":"Normal","typographicCase":"default"},{"fillColor":16777215,"type":"Shape","fillGradientOpacities":[1,1],"fillGradientColors":[0,0],"fillGradientRatios":[0,255],"radiusTopLeft":0,"radiusTopRight":0,"radiusBottomLeft":0,"lineSpacing":0,"radiusBottomRight":0,"name":null,"borderColor":5855577,"fontSize":12,"width":5,"fontColor":0,"height":240,"characterSpacing":0,"opacity":100,"textAlign":"Left","fillBlending":"Normal","textDecoration":"none","fillOpacity":100,"borderBlending":"Normal","font":"Noto Sans","x":1875,"borderOpacity":0,"y":580,"borderThickness":1,"scaleX":1,"rotation":0,"borderPosition":"Inside","fontOption":"Regular","scaleY":1,"textVerticalAlign":"Top","blending":"Normal","typographicCase":"default"},{"fillColor":16777215,"type":"Shape","fillGradientOpacities":[1,1],"fillGradientColors":[0,0],"fillGradientRatios":[0,255],"radiusTopLeft":0,"radiusTopRight":0,"radiusBottomLeft":0,"lineSpacing":0,"radiusBottomRight":0,"name":null,"borderColor":5855577,"fontSize":12,"width":5,"fontColor":0,"height":240,"characterSpacing":0,"opacity":100,"textAlign":"Left","fillBlending":"Normal","textDecoration":"none","fillOpacity":100,"borderBlending":"Normal","font":"Noto Sans","x":680,"borderOpacity":0,"y":580,"borderThickness":1,"scaleX":1,"rotation":0,"borderPosition":"Inside","fontOption":"Regular","scaleY":1,"textVerticalAlign":"Top","blending":"Normal","typographicCase":"default"}],"fillOpacity":100}],"workspace":true,"description":""}