{"id":"1480730974624","version":"1.0.3","workspace":true,"artboards":[{"x":0,"fillColor":0,"y":0,"items":[{"characterSpacing":0,"radiusTopLeft":0,"type":"Image","radiusTopRight":0,"radiusBottomLeft":0,"name":"77d590cfaead708dc16b2e810eb984b4.jpeg","radiusBottomRight":0,"fillGradientOpacities":[1,1],"fillGradientColors":[0,0],"fillGradientRatios":[0,255],"fontSize":12,"width":1500,"lineSpacing":0,"fillColor":0,"height":1875,"borderColor":0,"fontColor":0,"font":"Noto Sans","blending":"Normal","opacity":90,"x":0,"y":-578,"fillBlending":"Overlay","scaleX":1,"rotation":0,"scaleY":1,"fillOpacity":50,"borderPosition":"Inside","textVerticalAlign":"top","borderBlending":"Normal","borderOpacity":0,"borderThickness":1,"textAlign":"Left","fontOption":"Regular"},{"characterSpacing":0,"radiusTopLeft":500,"type":"Shape","radiusTopRight":500,"radiusBottomLeft":500,"name":null,"radiusBottomRight":500,"fillGradientOpacities":[1,1],"fillGradientColors":[0,0],"fillGradientRatios":[0,255],"fontSize":12,"width":400,"lineSpacing":0,"fillColor":0,"height":400,"borderColor":16777215,"fontColor":0,"font":"Noto Sans","blending":"Normal","opacity":100,"x":550,"y":50,"fillBlending":"Overlay","scaleX":1,"rotation":0,"scaleY":1,"fillOpacity":0,"borderPosition":"Inside","textVerticalAlign":"top","borderBlending":"Normal","borderOpacity":100,"borderThickness":2,"textAlign":"Left","fontOption":"Regular"},{"characterSpacing":0,"radiusTopLeft":0,"type":"Text","radiusTopRight":0,"radiusBottomLeft":0,"name":"Title","radiusBottomRight":0,"fillGradientOpacities":[1,1],"fillGradientColors":[0,0],"fillGradientRatios":[0,255],"fontSize":72,"width":480,"lineSpacing":0,"fillColor":16777215,"height":80,"borderColor":0,"fontColor":16777215,"font":"Arvo","blending":"Normal","opacity":100,"x":510,"y":250,"fillBlending":"Normal","scaleX":1,"rotation":0,"scaleY":1,"fillOpacity":100,"borderPosition":"Inside","textVerticalAlign":"top","borderBlending":"Normal","borderOpacity":100,"borderThickness":1,"textAlign":"Center","fontOption":"Bold Italic"},{"characterSpacing":0,"radiusTopLeft":0,"type":"Text","radiusTopRight":0,"radiusBottomLeft":0,"name":"Description","radiusBottomRight":0,"fillGradientOpacities":[1,1],"fillGradientColors":[0,0],"fillGradientRatios":[0,255],"fontSize":40,"width":480,"lineSpacing":0,"fillColor":16777215,"height":48,"borderColor":0,"fontColor":16777215,"font":"Arvo","blending":"Normal","opacity":100,"x":510,"y":190,"fillBlending":"Normal","scaleX":1,"rotation":0,"scaleY":1,"fillOpacity":100,"borderPosition":"Inside","textVerticalAlign":"top","borderBlending":"Normal","borderOpacity":100,"borderThickness":1,"textAlign":"Center","fontOption":"Regular Italic"}],"height":500,"width":1500,"name":"To the mountain","fillOpacity":100}],"description":"","name":"To the mountain"}