{"name":"Toughroad","id":"1529300507276","version":"2.0.0","artboards":[{"x":0,"name":"Toughroad","y":0,"fillColor":0,"height":1440,"width":2560,"items":[{"fillColor":5855577,"type":"Image","fillGradientOpacities":[1,1],"fillGradientColors":[0,0],"fillGradientRatios":[0,255],"radiusTopLeft":0,"radiusTopRight":0,"radiusBottomLeft":0,"lineSpacing":0,"radiusBottomRight":0,"name":"N0lm0ZRc9y4.jpg","borderColor":5855577,"fontSize":12,"width":2560,"fontColor":0,"height":3834,"characterSpacing":0,"opacity":100,"textAlign":"Left","fillBlending":"Normal","textDecoration":"none","fillOpacity":0,"borderBlending":"Normal","font":"Noto Sans","x":0,"borderOpacity":0,"y":-1647,"borderThickness":1,"scaleX":1,"rotation":0,"borderPosition":"Inside","fontOption":"Regular","scaleY":1,"textVerticalAlign":"Top","blending":"Normal","typographicCase":"default"},{"fillColor":16777215,"type":"Text","fillGradientOpacities":[1,1],"fillGradientColors":[0,0],"fillGradientRatios":[0,255],"radiusTopLeft":0,"radiusTopRight":0,"radiusBottomLeft":0,"lineSpacing":0,"radiusBottomRight":0,"name":"Channel name","borderColor":0,"fontSize":140,"width":1100,"fontColor":16777215,"height":200,"characterSpacing":0,"opacity":100,"textAlign":"Center","fillBlending":"Normal","textDecoration":"none","fillOpacity":100,"borderBlending":"Normal","font":"Peace Sans","x":730,"borderOpacity":100,"y":210,"borderThickness":1,"scaleX":1,"rotation":0,"borderPosition":"Inside","fontOption":"Regular","scaleY":1,"textVerticalAlign":"Top","blending":"Normal","typographicCase":"default"},{"fillColor":16777215,"type":"Text","fillGradientOpacities":[1,1],"fillGradientColors":[0,0],"fillGradientRatios":[0,255],"radiusTopLeft":0,"radiusTopRight":0,"radiusBottomLeft":0,"lineSpacing":0,"radiusBottomRight":0,"name":"Channel description","borderColor":0,"fontSize":72,"width":1100,"fontColor":16777215,"height":100,"characterSpacing":0,"opacity":100,"textAlign":"Center","fillBlending":"Normal","textDecoration":"none","fillOpacity":100,"borderBlending":"Normal","font":"Peace Sans","x":730,"borderOpacity":100,"y":461,"borderThickness":1,"scaleX":1,"rotation":0,"borderPosition":"Inside","fontOption":"Regular","scaleY":1,"textVerticalAlign":"Top","blending":"Normal","typographicCase":"default"},{"fillColor":16777215,"type":"Shape","fillGradientOpacities":[1,1],"fillGradientColors":[0,0],"fillGradientRatios":[0,255],"radiusTopLeft":0,"radiusTopRight":0,"radiusBottomLeft":0,"lineSpacing":0,"radiusBottomRight":0,"name":null,"borderColor":5855577,"fontSize":12,"width":1100,"fontColor":0,"height":10,"characterSpacing":0,"opacity":100,"textAlign":"Left","fillBlending":"Normal","textDecoration":"none","fillOpacity":100,"borderBlending":"Normal","font":"Noto Sans","x":730,"borderOpacity":0,"y":420,"borderThickness":1,"scaleX":1,"rotation":0,"borderPosition":"Inside","fontOption":"Regular","scaleY":1,"textVerticalAlign":"Top","blending":"Normal","typographicCase":"default"},{"fillColor":16777215,"type":"Shape","fillGradientOpacities":[1,1],"fillGradientColors":[0,0],"fillGradientRatios":[0,255],"radiusTopLeft":0,"radiusTopRight":0,"radiusBottomLeft":0,"lineSpacing":0,"radiusBottomRight":0,"name":null,"borderColor":5855577,"fontSize":12,"width":1100,"fontColor":0,"height":10,"characterSpacing":0,"opacity":100,"textAlign":"Left","fillBlending":"Normal","textDecoration":"none","fillOpacity":100,"borderBlending":"Normal","font":"Noto Sans","x":730,"borderOpacity":0,"y":190,"borderThickness":1,"scaleX":1,"rotation":0,"borderPosition":"Inside","fontOption":"Regular","scaleY":1,"textVerticalAlign":"Top","blending":"Normal","typographicCase":"default"}],"fillOpacity":100}],"workspace":true,"description":""}