{"id":"1480730950427","version":"1.0.3","workspace":true,"artboards":[{"x":0,"fillColor":0,"y":0,"items":[{"characterSpacing":0,"radiusTopLeft":0,"type":"Image","radiusTopRight":0,"radiusBottomLeft":0,"name":"fa814558295fd1c7f158e24e7d4aa911.jpeg","radiusBottomRight":0,"fillGradientOpacities":[1,1],"fillGradientColors":[0,0],"fillGradientRatios":[0,255],"fontSize":12,"width":1500,"lineSpacing":0,"fillColor":0,"height":999,"borderColor":0,"fontColor":0,"font":"Noto Sans","blending":"Normal","opacity":80,"x":0,"y":-140,"fillBlending":"Overlay","scaleX":1,"rotation":0,"scaleY":1,"fillOpacity":0,"borderPosition":"Inside","textVerticalAlign":"top","borderBlending":"Normal","borderOpacity":0,"borderThickness":1,"textAlign":"Left","fontOption":"Regular"},{"characterSpacing":0,"radiusTopLeft":0,"type":"Text","radiusTopRight":0,"radiusBottomLeft":0,"name":"Title","radiusBottomRight":0,"fillGradientOpacities":[1,1],"fillGradientColors":[0,0],"fillGradientRatios":[0,255],"fontSize":72,"width":480,"lineSpacing":0,"fillColor":16777215,"height":98,"borderColor":0,"fontColor":16777215,"font":"Noticia Text","blending":"Normal","opacity":100,"x":510,"y":70,"fillBlending":"Normal","scaleX":1,"rotation":0,"scaleY":1,"fillOpacity":100,"borderPosition":"Inside","textVerticalAlign":"top","borderBlending":"Normal","borderOpacity":100,"borderThickness":1,"textAlign":"Center","fontOption":"Bold Italic"},{"characterSpacing":0,"radiusTopLeft":0,"type":"Shape","radiusTopRight":0,"radiusBottomLeft":0,"name":null,"radiusBottomRight":0,"fillGradientOpacities":[1,1],"fillGradientColors":[0,0],"fillGradientRatios":[0,255],"fontSize":12,"width":300,"lineSpacing":0,"fillColor":16777215,"height":2,"borderColor":5855577,"fontColor":0,"font":"Noto Sans","blending":"Normal","opacity":100,"x":600,"y":170,"fillBlending":"Normal","scaleX":1,"rotation":0,"scaleY":1,"fillOpacity":100,"borderPosition":"Inside","textVerticalAlign":"top","borderBlending":"Normal","borderOpacity":0,"borderThickness":1,"textAlign":"Left","fontOption":"Regular"},{"characterSpacing":0,"radiusTopLeft":0,"type":"Text","radiusTopRight":0,"radiusBottomLeft":0,"name":"Description","radiusBottomRight":0,"fillGradientOpacities":[1,1],"fillGradientColors":[0,0],"fillGradientRatios":[0,255],"fontSize":40,"width":480,"lineSpacing":0,"fillColor":16777215,"height":60,"borderColor":0,"fontColor":16777215,"font":"Noticia Text","blending":"Normal","opacity":100,"x":510,"y":170,"fillBlending":"Normal","scaleX":1,"rotation":0,"scaleY":1,"fillOpacity":100,"borderPosition":"Inside","textVerticalAlign":"top","borderBlending":"Normal","borderOpacity":100,"borderThickness":1,"textAlign":"Center","fontOption":"Regular"}],"height":500,"width":1500,"name":"On the road","fillOpacity":100}],"description":"","name":"On the road"}