{"id":"1480551270985","version":"1.0.3","artboards":[{"fillColor":0,"x":0,"y":0,"items":[{"lineSpacing":0,"characterSpacing":0,"type":"Image","name":"8045cf72a0fab5dee7c0425378656385.jpeg","fontColor":0,"radiusTopLeft":0,"fontSize":12,"radiusTopRight":0,"radiusBottomLeft":0,"radiusBottomRight":0,"width":851,"height":567,"borderColor":5855577,"fillColor":0,"fillGradientOpacities":[1,1],"fillGradientColors":[0,0],"fillGradientRatios":[0,255],"borderBlending":"Normal","borderOpacity":0,"borderPosition":"Inside","fontOption":"Regular","textVerticalAlign":"top","x":0,"borderThickness":1,"y":0,"scaleY":1,"scaleX":1,"rotation":0,"blending":"Normal","opacity":100,"fillBlending":"Overlay","textAlign":"Left","fillOpacity":20,"font":"Noto Sans"},{"lineSpacing":0,"characterSpacing":0,"type":"Text","name":"Title","fontColor":0,"radiusTopLeft":0,"fontSize":52,"radiusTopRight":0,"radiusBottomLeft":0,"radiusBottomRight":0,"width":760,"height":68,"borderColor":0,"fillColor":16777215,"fillGradientOpacities":[1,1],"fillGradientColors":[0,0],"fillGradientRatios":[0,255],"borderBlending":"Normal","borderOpacity":100,"borderPosition":"Inside","fontOption":"Bold Italic","textVerticalAlign":"top","x":45,"borderThickness":1,"y":60,"scaleY":1,"scaleX":1,"rotation":0,"blending":"Overlay","opacity":100,"fillBlending":"Normal","textAlign":"Center","fillOpacity":100,"font":"Lobster Two"},{"lineSpacing":0,"characterSpacing":0,"type":"Text","name":"Description","fontColor":0,"radiusTopLeft":0,"fontSize":32,"radiusTopRight":0,"radiusBottomLeft":0,"radiusBottomRight":0,"width":760,"height":48,"borderColor":0,"fillColor":16777215,"fillGradientOpacities":[1,1],"fillGradientColors":[0,0],"fillGradientRatios":[0,255],"borderBlending":"Normal","borderOpacity":100,"borderPosition":"Inside","fontOption":"Regular","textVerticalAlign":"top","x":45,"borderThickness":1,"y":20,"scaleY":1,"scaleX":1,"rotation":0,"blending":"Overlay","opacity":100,"fillBlending":"Normal","textAlign":"Center","fillOpacity":100,"font":"Lobster Two"}],"height":315,"name":"Snowy village","width":851,"fillOpacity":100}],"workspace":true,"description":"","name":"Snowy village"}