{"description":"","id":"1482062284628","version":"1.0.4","workspace":true,"artboards":[{"x":0,"width":1200,"height":600,"y":0,"name":"Snowy village","fillColor":0,"items":[{"fillGradientOpacities":[1,1],"fillGradientColors":[0,0],"fillGradientRatios":[0,255],"borderColor":5855577,"lineSpacing":0,"fillColor":0,"type":"Image","fontSize":12,"fontColor":0,"name":"8045cf72a0fab5dee7c0425378656385.jpeg","width":1200,"characterSpacing":0,"radiusTopLeft":0,"radiusTopRight":0,"height":799,"radiusBottomLeft":0,"radiusBottomRight":0,"fillBlending":"Overlay","textVerticalAlign":"top","textAlign":"Left","x":0,"borderBlending":"Normal","borderOpacity":0,"y":-730,"borderThickness":1,"scaleX":1,"fontOption":"Regular","scaleY":-1,"fillOpacity":20,"rotation":0,"blending":"Normal","opacity":100,"borderPosition":"Inside","font":"Noto Sans"},{"fillGradientOpacities":[1,1],"fillGradientColors":[0,0],"fillGradientRatios":[0,255],"borderColor":5855577,"lineSpacing":0,"fillColor":0,"type":"Image","fontSize":12,"fontColor":0,"name":"8045cf72a0fab5dee7c0425378656385.jpeg","width":1200,"characterSpacing":0,"radiusTopLeft":0,"radiusTopRight":0,"height":799,"radiusBottomLeft":0,"radiusBottomRight":0,"fillBlending":"Overlay","textVerticalAlign":"top","textAlign":"Left","x":0,"borderBlending":"Normal","borderOpacity":0,"y":68,"borderThickness":1,"scaleX":1,"fontOption":"Regular","scaleY":1,"fillOpacity":20,"rotation":0,"blending":"Normal","opacity":100,"borderPosition":"Inside","font":"Noto Sans"},{"fillGradientOpacities":[1,1],"fillGradientColors":[0,0],"fillGradientRatios":[0,255],"borderColor":0,"lineSpacing":0,"fillColor":16777215,"type":"Text","fontSize":104,"fontColor":0,"name":"Title","width":760,"characterSpacing":0,"radiusTopLeft":0,"radiusTopRight":0,"height":120,"radiusBottomLeft":0,"radiusBottomRight":0,"fillBlending":"Normal","textVerticalAlign":"top","textAlign":"Center","x":220,"borderBlending":"Normal","borderOpacity":100,"y":110,"borderThickness":1,"scaleX":1,"fontOption":"Bold Italic","scaleY":1,"fillOpacity":100,"rotation":0,"blending":"Overlay","opacity":100,"borderPosition":"Inside","font":"Lobster Two"},{"fillGradientOpacities":[1,1],"fillGradientColors":[0,0],"fillGradientRatios":[0,255],"borderColor":0,"lineSpacing":0,"fillColor":16777215,"type":"Text","fontSize":60,"fontColor":0,"name":"Description","width":760,"characterSpacing":0,"radiusTopLeft":0,"radiusTopRight":0,"height":80,"radiusBottomLeft":0,"radiusBottomRight":0,"fillBlending":"Normal","textVerticalAlign":"top","textAlign":"Center","x":220,"borderBlending":"Normal","borderOpacity":100,"y":50,"borderThickness":1,"scaleX":1,"fontOption":"Regular","scaleY":1,"fillOpacity":100,"rotation":0,"blending":"Overlay","opacity":100,"borderPosition":"Inside","font":"Lobster Two"}],"fillOpacity":100}],"name":"Snowy village"}