{"description":"","id":"1482061927111","version":"1.0.4","workspace":true,"artboards":[{"x":0,"width":1200,"height":600,"y":0,"name":"On the road","fillColor":0,"items":[{"fillGradientOpacities":[1,1],"fillGradientColors":[0,0],"fillGradientRatios":[0,255],"borderColor":0,"lineSpacing":0,"fillColor":0,"type":"Image","fontSize":12,"fontColor":0,"name":"fa814558295fd1c7f158e24e7d4aa911.jpeg","width":1200,"characterSpacing":0,"radiusTopLeft":0,"radiusTopRight":0,"height":799,"radiusBottomLeft":0,"radiusBottomRight":0,"fillBlending":"Overlay","textVerticalAlign":"top","textAlign":"Left","x":0,"borderBlending":"Normal","borderOpacity":0,"y":-30,"borderThickness":1,"scaleX":1,"fontOption":"Regular","scaleY":1,"fillOpacity":0,"rotation":0,"blending":"Normal","opacity":80,"borderPosition":"Inside","font":"Noto Sans"},{"fillGradientOpacities":[1,1],"fillGradientColors":[0,0],"fillGradientRatios":[0,255],"borderColor":0,"lineSpacing":0,"fillColor":16777215,"type":"Text","fontSize":88,"fontColor":16777215,"name":"Title","width":500,"characterSpacing":0,"radiusTopLeft":0,"radiusTopRight":0,"height":120,"radiusBottomLeft":0,"radiusBottomRight":0,"fillBlending":"Normal","textVerticalAlign":"top","textAlign":"Center","x":350,"borderBlending":"Normal","borderOpacity":100,"y":50,"borderThickness":1,"scaleX":1,"fontOption":"Bold Italic","scaleY":1,"fillOpacity":100,"rotation":0,"blending":"Normal","opacity":100,"borderPosition":"Inside","font":"Noticia Text"},{"fillGradientOpacities":[1,1],"fillGradientColors":[0,0],"fillGradientRatios":[0,255],"borderColor":5855577,"lineSpacing":0,"fillColor":16777215,"type":"Shape","fontSize":12,"fontColor":0,"name":null,"width":460,"characterSpacing":0,"radiusTopLeft":0,"radiusTopRight":0,"height":2,"radiusBottomLeft":0,"radiusBottomRight":0,"fillBlending":"Normal","textVerticalAlign":"top","textAlign":"Left","x":370,"borderBlending":"Normal","borderOpacity":0,"y":180,"borderThickness":1,"scaleX":1,"fontOption":"Regular","scaleY":1,"fillOpacity":100,"rotation":0,"blending":"Normal","opacity":100,"borderPosition":"Inside","font":"Noto Sans"},{"fillGradientOpacities":[1,1],"fillGradientColors":[0,0],"fillGradientRatios":[0,255],"borderColor":0,"lineSpacing":0,"fillColor":16777215,"type":"Text","fontSize":48,"fontColor":16777215,"name":"Description","width":500,"characterSpacing":0,"radiusTopLeft":0,"radiusTopRight":0,"height":80,"radiusBottomLeft":0,"radiusBottomRight":0,"fillBlending":"Normal","textVerticalAlign":"top","textAlign":"Center","x":350,"borderBlending":"Normal","borderOpacity":100,"y":180,"borderThickness":1,"scaleX":1,"fontOption":"Regular","scaleY":1,"fillOpacity":100,"rotation":0,"blending":"Normal","opacity":100,"borderPosition":"Inside","font":"Noticia Text"}],"fillOpacity":100}],"name":"On the road"}