{
    "id": "1480511251732"
    , "version": "1.0.3"
    , "artboards": [{
        "fillColor": 0
        , "x": 0
        , "y": 0
        , "items": [{
            "lineSpacing": 0
            , "characterSpacing": 0
            , "type": "Image"
            , "name": "955ab6b71288cf6fa71365767ba6aed2.jpeg"
            , "fontColor": 0
            , "radiusTopLeft": 0
            , "fontSize": 12
            , "radiusTopRight": 0
            , "radiusBottomLeft": 0
            , "radiusBottomRight": 0
            , "width": 2560
            , "height": 1440
            , "borderColor": 0
            , "fillColor": 0
            , "fillGradientOpacities": [1, 1]
            , "fillGradientColors": [0, 0]
            , "fillGradientRatios": [0, 255]
            , "borderBlending": "Normal"
            , "borderOpacity": 0
            , "borderPosition": "Inside"
            , "fontOption": "Regular"
            , "textVerticalAlign": "Top"
            , "x": 0
            , "borderThickness": 1
            , "y": 0
            , "scaleY": 1
            , "scaleX": 1
            , "rotation": 0
            , "blending": "Normal"
            , "opacity": 100
            , "fillBlending": "Normal"
            , "textAlign": "Left"
            , "fillOpacity": 0
            , "font": "Noto Sans"
        }, {
            "lineSpacing": 0
            , "characterSpacing": 0
            , "type": "Shape"
            , "name": null
            , "fontColor": 0
            , "radiusTopLeft": 10
            , "fontSize": 12
            , "radiusTopRight": 10
            , "radiusBottomLeft": 10
            , "radiusBottomRight": 10
            , "width": 960
            , "height": 340
            , "borderColor": 0
            , "fillColor": 0
            , "fillGradientOpacities": [1, 1]
            , "fillGradientColors": [0, 0]
            , "fillGradientRatios": [0, 255]
            , "borderBlending": "Normal"
            , "borderOpacity": 0
            , "borderPosition": "Inside"
            , "fontOption": "Regular"
            , "textVerticalAlign": "Top"
            , "x": 1550
            , "borderThickness": 1
            , "y": 560
            , "scaleY": 1
            , "scaleX": 1
            , "rotation": 0
            , "blending": "Normal"
            , "opacity": 100
            , "fillBlending": "Normal"
            , "textAlign": "Left"
            , "fillOpacity": 70
            , "font": "Noto Sans"
        }, {
            "lineSpacing": 0
            , "characterSpacing": 0
            , "type": "Text"
            , "name": "Channel name"
            , "fontColor": 16777215
            , "radiusTopLeft": 0
            , "fontSize": 96
            , "radiusTopRight": 0
            , "radiusBottomLeft": 0
            , "radiusBottomRight": 0
            , "width": 800
            , "height": 120
            , "borderColor": 0
            , "fillColor": 16777215
            , "fillGradientOpacities": [1, 1]
            , "fillGradientColors": [0, 0]
            , "fillGradientRatios": [0, 255]
            , "borderBlending": "Normal"
            , "borderOpacity": 100
            , "borderPosition": "Inside"
            , "fontOption": "Regular"
            , "textVerticalAlign": "Top"
            , "x": 1630
            , "borderThickness": 1
            , "y": 620
            , "scaleY": 1
            , "scaleX": 1
            , "rotation": 0
            , "blending": "Normal"
            , "opacity": 100
            , "fillBlending": "Normal"
            , "textAlign": "Left"
            , "fillOpacity": 100
            , "font": "Special Elite"
        }, {
            "lineSpacing": 0
            , "characterSpacing": 0
            , "type": "Text"
            , "name": "Channel description"
            , "fontColor": 16777215
            , "radiusTopLeft": 0
            , "fontSize": 60
            , "radiusTopRight": 0
            , "radiusBottomLeft": 0
            , "radiusBottomRight": 0
            , "width": 800
            , "height": 100
            , "borderColor": 0
            , "fillColor": 16777215
            , "fillGradientOpacities": [1, 1]
            , "fillGradientColors": [0, 0]
            , "fillGradientRatios": [0, 255]
            , "borderBlending": "Normal"
            , "borderOpacity": 100
            , "borderPosition": "Inside"
            , "fontOption": "Regular"
            , "textVerticalAlign": "Top"
            , "x": 1630
            , "borderThickness": 1
            , "y": 780
            , "scaleY": 1
            , "scaleX": 1
            , "rotation": 0
            , "blending": "Normal"
            , "opacity": 100
            , "fillBlending": "Normal"
            , "textAlign": "Left"
            , "fillOpacity": 100
            , "font": "Noto Sans"
        }, {
            "lineSpacing": 0
            , "characterSpacing": 0
            , "type": "Shape"
            , "name": null
            , "fontColor": 0
            , "radiusTopLeft": 0
            , "fontSize": 12
            , "radiusTopRight": 0
            , "radiusBottomLeft": 0
            , "radiusBottomRight": 0
            , "width": 800
            , "height": 4
            , "borderColor": 0
            , "fillColor": 16777215
            , "fillGradientOpacities": [1, 1]
            , "fillGradientColors": [0, 0]
            , "fillGradientRatios": [0, 255]
            , "borderBlending": "Normal"
            , "borderOpacity": 0
            , "borderPosition": "Inside"
            , "fontOption": "Regular"
            , "textVerticalAlign": "Top"
            , "x": 1630
            , "borderThickness": 1
            , "y": 746
            , "scaleY": 1
            , "scaleX": 1
            , "rotation": 0
            , "blending": "Normal"
            , "opacity": 100
            , "fillBlending": "Normal"
            , "textAlign": "Left"
            , "fillOpacity": 100
            , "font": "Noto Sans"
        }]
        , "height": 1440
        , "name": "Yellow benches"
        , "width": 2560
        , "fillOpacity": 100
    }]
    , "description": ""
    , "name": "Yellow benches"
    , "workspace": true
}