{"id":"1480460998812","version":"1.0.3","artboards":[{"x":0,"width":2560,"y":0,"items":[{"lineSpacing":0,"type":"Image","characterSpacing":0,"name":"0e7e8d632ad91c81ca3af3aeea326280.jpeg","fontColor":0,"fontSize":12,"radiusTopLeft":0,"radiusTopRight":0,"radiusBottomLeft":0,"radiusBottomRight":0,"width":2560,"height":2560,"fillGradientOpacities":[1,1],"fillColor":16777215,"borderColor":5855577,"fillGradientColors":[0,0],"fillGradientRatios":[0,255],"borderBlending":"Normal","borderOpacity":0,"fillOpacity":0,"borderPosition":"Inside","fontOption":"Regular","textVerticalAlign":"top","x":0,"y":-560,"borderThickness":1,"scaleX":1,"scaleY":1,"rotation":0,"blending":"Normal","opacity":30,"textAlign":"Left","fillBlending":"Normal","font":"Noto Sans"},{"lineSpacing":0,"type":"Shape","characterSpacing":0,"name":null,"fontColor":0,"fontSize":12,"radiusTopLeft":0,"radiusTopRight":0,"radiusBottomLeft":0,"radiusBottomRight":0,"width":2520,"height":380,"fillGradientOpacities":[1,1],"fillColor":16777215,"borderColor":16777215,"fillGradientColors":[0,0],"fillGradientRatios":[0,255],"borderBlending":"Normal","borderOpacity":100,"fillOpacity":0,"borderPosition":"Inside","fontOption":"Regular","textVerticalAlign":"top","x":20,"y":530,"borderThickness":5,"scaleX":1,"scaleY":1,"rotation":0,"blending":"Normal","opacity":100,"textAlign":"Left","fillBlending":"Normal","font":"Noto Sans"},{"lineSpacing":0,"type":"Text","characterSpacing":0,"name":"Channel name","fontColor":16777215,"fontSize":120,"radiusTopLeft":0,"radiusTopRight":0,"radiusBottomLeft":0,"radiusBottomRight":0,"width":1200,"height":160,"fillGradientOpacities":[1,1],"fillColor":16777215,"borderColor":0,"fillGradientColors":[0,0],"fillGradientRatios":[0,255],"borderBlending":"Normal","borderOpacity":100,"fillOpacity":100,"borderPosition":"Inside","fontOption":"Regular","textVerticalAlign":"top","x":680,"y":570,"borderThickness":1,"scaleX":1,"scaleY":1,"rotation":0,"blending":"Normal","opacity":100,"textAlign":"Center","fillBlending":"Normal","font":"Josefin Sans"},{"lineSpacing":0,"type":"Text","characterSpacing":0,"name":"Channel description","fontColor":16777215,"fontSize":68,"radiusTopLeft":0,"radiusTopRight":0,"radiusBottomLeft":0,"radiusBottomRight":0,"width":1200,"height":80,"fillGradientOpacities":[1,1],"fillColor":16777215,"borderColor":0,"fillGradientColors":[0,0],"fillGradientRatios":[0,255],"borderBlending":"Normal","borderOpacity":100,"fillOpacity":100,"borderPosition":"Inside","fontOption":"Regular","textVerticalAlign":"top","x":680,"y":810,"borderThickness":1,"scaleX":1,"scaleY":1,"rotation":0,"blending":"Normal","opacity":100,"textAlign":"Center","fillBlending":"Normal","font":"Josefin Sans"}],"height":1440,"name":"Night city","fillColor":0,"fillOpacity":100}],"description":"","name":"Night city","workspace":true}