{
    "name": "Cool motorcycle",
    "workspace": true,
    "id": "1529237113427",
    "version": "2.0.0",
    "artboards": [{
        "x": 0,
        "name": "Cool motorcycle",
        "y": 0,
        "fillColor": 0,
        "height": 1440,
        "width": 2560,
        "items": [{
            "type": "Image",
            "characterSpacing": 0,
            "fontColor": 0,
            "fillColor": 0,
            "name": "84lRlahWjbU.jpg",
            "borderColor": 0,
            "fontSize": 12,
            "width": 2560,
            "fillGradientOpacities": [1, 1],
            "height": 1706,
            "lineSpacing": 0,
            "fillGradientColors": [0, 0],
            "radiusTopLeft": 0,
            "radiusTopRight": 0,
            "radiusBottomLeft": 0,
            "fillGradientRatios": [0, 255],
            "radiusBottomRight": 0,
            "borderPosition": "Inside",
            "textAlign": "Left",
            "font": "Noto Sans",
            "textDecoration": "none",
            "x": 0,
            "y": -133,
            "textVerticalAlign": "Top",
            "opacity": 90,
            "blending": "Normal",
            "scaleX": 1,
            "fillBlending": "Normal",
            "fillOpacity": 0,
            "rotation": 0,
            "scaleY": 1,
            "borderThickness": 1,
            "fontOption": "Regular",
            "borderOpacity": 0,
            "borderBlending": "Normal",
            "typographicCase": "default"
        }, {
            "type": "Shape",
            "characterSpacing": 0,
            "fontColor": 0,
            "fillColor": 16777215,
            "name": null,
            "borderColor": 16777215,
            "fontSize": 12,
            "width": 860,
            "fillGradientOpacities": [1, 1],
            "height": 10,
            "lineSpacing": 0,
            "fillGradientColors": [0, 0],
            "radiusTopLeft": 0,
            "radiusTopRight": 0,
            "radiusBottomLeft": 0,
            "fillGradientRatios": [0, 255],
            "radiusBottomRight": 0,
            "borderPosition": "Inside",
            "textAlign": "Left",
            "font": "Noto Sans",
            "textDecoration": "none",
            "x": 1580,
            "y": 310,
            "textVerticalAlign": "Top",
            "opacity": 100,
            "blending": "Normal",
            "scaleX": 1,
            "fillBlending": "Normal",
            "fillOpacity": 100,
            "rotation": 0,
            "scaleY": 1,
            "borderThickness": 0,
            "fontOption": "Regular",
            "borderOpacity": 100,
            "borderBlending": "Normal",
            "typographicCase": "default"
        }, {
            "type": "Text",
            "characterSpacing": 0,
            "fontColor": 16777215,
            "fillColor": 16777215,
            "name": "Channel description",
            "borderColor": 0,
            "fontSize": 80,
            "width": 1000,
            "fillGradientOpacities": [1, 1],
            "height": 120,
            "lineSpacing": 0,
            "fillGradientColors": [0, 0],
            "radiusTopLeft": 0,
            "radiusTopRight": 0,
            "radiusBottomLeft": 0,
            "fillGradientRatios": [0, 255],
            "radiusBottomRight": 0,
            "borderPosition": "Inside",
            "textAlign": "Right",
            "font": "Racing Sans One",
            "textDecoration": "none",
            "x": 1440,
            "y": 340,
            "textVerticalAlign": "Top",
            "opacity": 100,
            "blending": "Normal",
            "scaleX": 1,
            "fillBlending": "Normal",
            "fillOpacity": 100,
            "rotation": 0,
            "scaleY": 1,
            "borderThickness": 1,
            "fontOption": "Regular",
            "borderOpacity": 100,
            "borderBlending": "Normal",
            "typographicCase": "default"
        }, {
            "type": "Text",
            "characterSpacing": 0,
            "fontColor": 16777215,
            "fillColor": 16777215,
            "name": "Channel name",
            "borderColor": 0,
            "fontSize": 132,
            "width": 1000,
            "fillGradientOpacities": [1, 1],
            "height": 180,
            "lineSpacing": 0,
            "fillGradientColors": [0, 0],
            "radiusTopLeft": 0,
            "radiusTopRight": 0,
            "radiusBottomLeft": 0,
            "fillGradientRatios": [0, 255],
            "radiusBottomRight": 0,
            "borderPosition": "Inside",
            "textAlign": "Right",
            "font": "Racing Sans One",
            "textDecoration": "none",
            "x": 1440,
            "y": 120,
            "textVerticalAlign": "Top",
            "opacity": 100,
            "blending": "Normal",
            "scaleX": 1,
            "fillBlending": "Normal",
            "fillOpacity": 100,
            "rotation": 0,
            "scaleY": 1,
            "borderThickness": 1,
            "fontOption": "Regular",
            "borderOpacity": 100,
            "borderBlending": "Normal",
            "typographicCase": "default"
        }],
        "fillOpacity": 100
    }],
    "description": ""
}
