{"id":"1480514617536","version":"1.0.3","artboards":[{"fillColor":0,"x":0,"y":0,"items":[{"lineSpacing":0,"characterSpacing":0,"type":"Image","name":"CVO3TozRVp8.jpg","fontColor":0,"radiusTopLeft":0,"fontSize":12,"radiusTopRight":0,"radiusBottomLeft":0,"radiusBottomRight":0,"width":851,"height":651,"borderColor":5855577,"fillGradientOpacities":[1,1],"fillGradientColors":[0,0],"fillColor":16777215,"fillGradientRatios":[0,255],"borderBlending":"Normal","borderOpacity":0,"borderPosition":"Inside","fontOption":"Regular","textVerticalAlign":"top","x":0,"borderThickness":1,"y":-168,"scaleX":1,"scaleY":1,"rotation":0,"blending":"Normal","opacity":40,"fillBlending":"Normal","textAlign":"Left","fillOpacity":0,"font":"Noto Sans"},{"lineSpacing":0,"characterSpacing":0,"type":"Text","name":"Description","fontColor":13416530,"radiusTopLeft":0,"fontSize":32,"radiusTopRight":0,"radiusBottomLeft":0,"radiusBottomRight":0,"width":800,"height":40,"borderColor":0,"fillGradientOpacities":[1,1],"fillGradientColors":[0,0],"fillColor":0,"fillGradientRatios":[0,255],"borderBlending":"Normal","borderOpacity":100,"borderPosition":"Inside","fontOption":"Regular","textVerticalAlign":"top","x":25,"borderThickness":1,"y":170,"scaleX":1,"scaleY":1,"rotation":0,"blending":"Normal","opacity":100,"fillBlending":"Normal","textAlign":"Center","fillOpacity":100,"font":"Thabit"},{"lineSpacing":0,"characterSpacing":0,"type":"Text","name":"Title","fontColor":16777215,"radiusTopLeft":0,"fontSize":60,"radiusTopRight":0,"radiusBottomLeft":0,"radiusBottomRight":0,"width":800,"height":80,"borderColor":0,"fillGradientOpacities":[1,1],"fillGradientColors":[0,0],"fillColor":0,"fillGradientRatios":[0,255],"borderBlending":"Normal","borderOpacity":100,"borderPosition":"Inside","fontOption":"Regular","textVerticalAlign":"top","x":25,"borderThickness":1,"y":110,"scaleX":1,"scaleY":1,"rotation":0,"blending":"Normal","opacity":100,"fillBlending":"Normal","textAlign":"Center","fillOpacity":100,"font":"Thabit"}],"height":315,"name":"Empty street","width":851,"fillOpacity":100}],"description":"","name":"Empty street","workspace":true}