{"description":"","id":"1482061213291","version":"1.0.4","artboards":[{"x":0,"height":600,"y":0,"items":[{"characterSpacing":0,"borderColor":0,"fillGradientOpacities":[1,1],"fillGradientColors":[0,0],"fillGradientRatios":[0,255],"type":"Image","fillColor":0,"fontSize":12,"name":"326fccdb739f89a1d3d61ef02df85436.jpeg","width":1200,"fontColor":0,"height":800,"radiusTopLeft":0,"lineSpacing":0,"radiusTopRight":0,"radiusBottomLeft":0,"radiusBottomRight":0,"textAlign":"Left","blending":"Normal","fontOption":"Regular","opacity":80,"borderPosition":"Inside","fillBlending":"Normal","textVerticalAlign":"top","x":0,"y":-200,"borderBlending":"Normal","borderOpacity":0,"scaleX":1,"scaleY":1,"borderThickness":1,"rotation":0,"fillOpacity":0,"font":"Noto Sans"},{"characterSpacing":0,"borderColor":0,"fillGradientOpacities":[1,1],"fillGradientColors":[0,0],"fillGradientRatios":[0,255],"type":"Text","fillColor":16777215,"fontSize":96,"name":"Title","width":800,"fontColor":16777215,"height":140,"radiusTopLeft":0,"lineSpacing":0,"radiusTopRight":0,"radiusBottomLeft":0,"radiusBottomRight":0,"textAlign":"Center","blending":"Difference","fontOption":"Bold","opacity":100,"borderPosition":"Inside","fillBlending":"Normal","textVerticalAlign":"top","x":200,"y":340,"borderBlending":"Normal","borderOpacity":100,"scaleX":1,"scaleY":1,"borderThickness":1,"rotation":0,"fillOpacity":100,"font":"Amatic SC"},{"characterSpacing":0,"borderColor":0,"fillGradientOpacities":[1,1],"fillGradientColors":[0,0],"fillGradientRatios":[0,255],"type":"Text","fillColor":16777215,"fontSize":60,"name":"Description","width":800,"fontColor":9103070,"height":100,"radiusTopLeft":0,"lineSpacing":0,"radiusTopRight":0,"radiusBottomLeft":0,"radiusBottomRight":0,"textAlign":"Center","blending":"Normal","fontOption":"Regular","opacity":100,"borderPosition":"Inside","fillBlending":"Normal","textVerticalAlign":"top","x":200,"y":470,"borderBlending":"Normal","borderOpacity":100,"scaleX":1,"scaleY":1,"borderThickness":1,"rotation":0,"fillOpacity":100,"font":"Amatic SC"}],"name":"Afternoon of rainy day","fillColor":0,"width":1200,"fillOpacity":100}],"name":"Afternoon of rainy day","workspace":true}