{
    "version": 0
    , "artboards": [{
        "x": 0
        , "y": 0
        , "fillColor": 0
        , "items": [{
            "type": "Image"
            , "name": "L4iI59WB4Yw.jpg"
            , "fontColor": 0
            , "lineSpacing": 0
            , "fontSize": 12
            , "fillGradientOpacities": [1, 1]
            , "characterSpacing": 0
            , "radiusTopLeft": 0
            , "radiusTopRight": 0
            , "width": 2400
            , "radiusBottomLeft": 0
            , "height": 1600
            , "fillGradientColors": [0, 0]
            , "fillColor": 0
            , "borderColor": 0
            , "radiusBottomRight": 0
            , "fillGradientRatios": [0, 255]
            , "borderBlending": "Normal"
            , "borderOpacity": 0
            , "borderPosition": "Inside"
            , "borderThickness": 1
            , "x": -500
            , "textVerticalAlign": "Top"
            , "y": 0
            , "scaleX": 1
            , "fillOpacity": 0
            , "scaleY": 1
            , "rotation": 0
            , "blending": "Normal"
            , "opacity": 100
            , "fillBlending": "Normal"
            , "fontOption": "Regular"
            , "textAlign": "Left"
            , "font": "Noto Sans"
        }, {
            "type": "Shape"
            , "name": null
            , "fontColor": 0
            , "lineSpacing": 0
            , "fontSize": 12
            , "fillGradientOpacities": [1, 1]
            , "characterSpacing": 0
            , "radiusTopLeft": 0
            , "radiusTopRight": 0
            , "width": 1300
            , "radiusBottomLeft": 0
            , "height": 250
            , "fillGradientColors": [0, 0]
            , "fillColor": 0
            , "borderColor": 0
            , "radiusBottomRight": 0
            , "fillGradientRatios": [0, 255]
            , "borderBlending": "Normal"
            , "borderOpacity": 0
            , "borderPosition": "Inside"
            , "borderThickness": 1
            , "x": 50
            , "textVerticalAlign": "Top"
            , "y": 100
            , "scaleX": 1
            , "fillOpacity": 80
            , "scaleY": 1
            , "rotation": 0
            , "blending": "Normal"
            , "opacity": 100
            , "fillBlending": "Normal"
            , "fontOption": "Regular"
            , "textAlign": "Left"
            , "font": "Noto Sans"
        }, {
            "type": "Shape"
            , "name": null
            , "fontColor": 0
            , "lineSpacing": 0
            , "fontSize": 12
            , "fillGradientOpacities": [1, 1]
            , "characterSpacing": 0
            , "radiusTopLeft": 0
            , "radiusTopRight": 0
            , "width": 680
            , "radiusBottomLeft": 0
            , "height": 140
            , "fillGradientColors": [0, 0]
            , "fillColor": 0
            , "borderColor": 0
            , "radiusBottomRight": 0
            , "fillGradientRatios": [0, 255]
            , "borderBlending": "Normal"
            , "borderOpacity": 0
            , "borderPosition": "Inside"
            , "borderThickness": 1
            , "x": 50
            , "textVerticalAlign": "Top"
            , "y": 380
            , "scaleX": 1
            , "fillOpacity": 80
            , "scaleY": 1
            , "rotation": 0
            , "blending": "Normal"
            , "opacity": 100
            , "fillBlending": "Normal"
            , "fontOption": "Regular"
            , "textAlign": "Left"
            , "font": "Noto Sans"
        }, {
            "type": "Text"
            , "name": "Album title"
            , "fontColor": 16738816
            , "lineSpacing": 0
            , "fontSize": 72
            , "fillGradientOpacities": [1, 1]
            , "characterSpacing": 0
            , "radiusTopLeft": 0
            , "radiusTopRight": 0
            , "width": 1200
            , "radiusBottomLeft": 0
            , "height": 100
            , "fillGradientColors": [0, 0]
            , "fillColor": 16738816
            , "borderColor": 0
            , "radiusBottomRight": 0
            , "fillGradientRatios": [0, 255]
            , "borderBlending": "Normal"
            , "borderOpacity": 100
            , "borderPosition": "Inside"
            , "borderThickness": 1
            , "x": 100
            , "textVerticalAlign": "Top"
            , "y": 410
            , "scaleX": 1
            , "fillOpacity": 100
            , "scaleY": 1
            , "rotation": 0
            , "blending": "Normal"
            , "opacity": 100
            , "fillBlending": "Normal"
            , "fontOption": "Bold"
            , "textAlign": "Left"
            , "font": "Noto Sans"
        }, {
            "type": "Text"
            , "name": "Artist name"
            , "fontColor": 16777215
            , "lineSpacing": 0
            , "fontSize": 120
            , "fillGradientOpacities": [1, 1]
            , "characterSpacing": 0
            , "radiusTopLeft": 0
            , "radiusTopRight": 0
            , "width": 1200
            , "radiusBottomLeft": 0
            , "height": 200
            , "fillGradientColors": [0, 0]
            , "fillColor": 16777215
            , "borderColor": 0
            , "radiusBottomRight": 0
            , "fillGradientRatios": [0, 255]
            , "borderBlending": "Normal"
            , "borderOpacity": 100
            , "borderPosition": "Inside"
            , "borderThickness": 1
            , "x": 100
            , "textVerticalAlign": "Top"
            , "y": 140
            , "scaleX": 1
            , "fillOpacity": 100
            , "scaleY": 1
            , "rotation": 0
            , "blending": "Normal"
            , "opacity": 100
            , "fillBlending": "Normal"
            , "fontOption": "Regular"
            , "textAlign": "Left"
            , "font": "Alfa Slab One"
        }]
        , "height": 1400
        , "name": "Dawn city"
        , "width": 1400
        , "fillOpacity": 100
    }]
    , "description": ""
    , "workspace": true
    , "name": "Dawn city"
}