{"name":"Toughroad","id":"1529310826443","version":"2.0.0","artboards":[{"x":0,"name":"Toughroad","fillColor":0,"y":0,"height":1080,"width":1080,"items":[{"fontColor":0,"type":"Image","characterSpacing":0,"fillColor":5855577,"fillGradientOpacities":[1,1],"name":"N0lm0ZRc9y4.jpg","fillGradientColors":[0,0],"fillGradientRatios":[0,255],"width":1080,"height":1617,"borderColor":5855577,"radiusTopRight":0,"radiusBottomLeft":0,"fontSize":12,"radiusTopLeft":0,"radiusBottomRight":0,"lineSpacing":0,"textAlign":"Left","font":"Noto Sans","textDecoration":"none","fontOption":"Regular","x":0,"y":-339,"blending":"Normal","opacity":100,"textVerticalAlign":"Top","fillOpacity":0,"fillBlending":"Normal","scaleX":1,"borderBlending":"Normal","borderOpacity":0,"rotation":0,"borderThickness":1,"scaleY":1,"borderPosition":"Inside","typographicCase":"default"},{"fontColor":16777215,"type":"Text","characterSpacing":0,"fillColor":16777215,"fillGradientOpacities":[1,1],"name":"Title","fillGradientColors":[0,0],"fillGradientRatios":[0,255],"width":800,"height":140,"borderColor":0,"radiusTopRight":0,"radiusBottomLeft":0,"fontSize":112,"radiusTopLeft":0,"radiusBottomRight":0,"lineSpacing":0,"textAlign":"Center","font":"Peace Sans","textDecoration":"none","fontOption":"Regular","x":140,"y":130,"blending":"Normal","opacity":100,"textVerticalAlign":"Top","fillOpacity":100,"fillBlending":"Normal","scaleX":1,"borderBlending":"Normal","borderOpacity":100,"rotation":0,"borderThickness":1,"scaleY":1,"borderPosition":"Inside","typographicCase":"default"},{"fontColor":16777215,"type":"Text","characterSpacing":0,"fillColor":16777215,"fillGradientOpacities":[1,1],"name":"Description","fillGradientColors":[0,0],"fillGradientRatios":[0,255],"width":800,"height":80,"borderColor":0,"radiusTopRight":0,"radiusBottomLeft":0,"fontSize":60,"radiusTopLeft":0,"radiusBottomRight":0,"lineSpacing":0,"textAlign":"Center","font":"Peace Sans","textDecoration":"none","fontOption":"Regular","x":140,"y":320,"blending":"Normal","opacity":100,"textVerticalAlign":"Top","fillOpacity":100,"fillBlending":"Normal","scaleX":1,"borderBlending":"Normal","borderOpacity":100,"rotation":0,"borderThickness":1,"scaleY":1,"borderPosition":"Inside","typographicCase":"default"},{"fontColor":0,"type":"Shape","characterSpacing":0,"fillColor":16777215,"fillGradientOpacities":[1,1],"name":null,"fillGradientColors":[0,0],"fillGradientRatios":[0,255],"width":800,"height":8,"borderColor":5855577,"radiusTopRight":0,"radiusBottomLeft":0,"fontSize":12,"radiusTopLeft":0,"radiusBottomRight":0,"lineSpacing":0,"textAlign":"Left","font":"Noto Sans","textDecoration":"none","fontOption":"Regular","x":140,"y":290,"blending":"Normal","opacity":100,"textVerticalAlign":"Top","fillOpacity":100,"fillBlending":"Normal","scaleX":1,"borderBlending":"Normal","borderOpacity":0,"rotation":0,"borderThickness":1,"scaleY":1,"borderPosition":"Inside","typographicCase":"default"},{"fontColor":0,"type":"Shape","characterSpacing":0,"fillColor":16777215,"fillGradientOpacities":[1,1],"name":null,"fillGradientColors":[0,0],"fillGradientRatios":[0,255],"width":800,"height":8,"borderColor":5855577,"radiusTopRight":0,"radiusBottomLeft":0,"fontSize":12,"radiusTopLeft":0,"radiusBottomRight":0,"lineSpacing":0,"textAlign":"Left","font":"Noto Sans","textDecoration":"none","fontOption":"Regular","x":140,"y":110,"blending":"Normal","opacity":100,"textVerticalAlign":"Top","fillOpacity":100,"fillBlending":"Normal","scaleX":1,"borderBlending":"Normal","borderOpacity":0,"rotation":0,"borderThickness":1,"scaleY":1,"borderPosition":"Inside","typographicCase":"default"}],"fillOpacity":100}],"workspace":true,"description":""}