{"description":"","id":"1482062553591","version":"1.0.4","workspace":true,"artboards":[{"x":0,"width":1200,"height":600,"y":0,"name":"Tiny island","fillColor":0,"items":[{"fillGradientOpacities":[1,1],"fillGradientColors":[0,0],"fillGradientRatios":[0,255],"borderColor":5855577,"lineSpacing":0,"fillColor":0,"type":"Image","fontSize":12,"fontColor":0,"name":"0761b5c53873ca6e223337ba8fe0d910.jpeg","width":1200,"characterSpacing":0,"radiusTopLeft":0,"radiusTopRight":0,"height":799,"radiusBottomLeft":0,"radiusBottomRight":0,"fillBlending":"Normal","textVerticalAlign":"top","textAlign":"Left","x":0,"borderBlending":"Normal","borderOpacity":0,"y":-100,"borderThickness":1,"scaleX":1,"fontOption":"Regular","scaleY":1,"fillOpacity":0,"rotation":0,"blending":"Normal","opacity":100,"borderPosition":"Inside","font":"Noto Sans"},{"fillGradientOpacities":[1,1],"fillGradientColors":[0,0],"fillGradientRatios":[0,255],"borderColor":0,"lineSpacing":0,"fillColor":16738816,"type":"Text","fontSize":88,"fontColor":10050350,"name":"Title","width":600,"characterSpacing":0,"radiusTopLeft":0,"radiusTopRight":0,"height":100,"radiusBottomLeft":0,"radiusBottomRight":0,"fillBlending":"Normal","textVerticalAlign":"top","textAlign":"Center","x":300,"borderBlending":"Normal","borderOpacity":100,"y":100,"borderThickness":1,"scaleX":1,"fontOption":"Regular","scaleY":1,"fillOpacity":100,"rotation":0,"blending":"Normal","opacity":100,"borderPosition":"Inside","font":"Nanum Barun Pen"},{"fillGradientOpacities":[1,1],"fillGradientColors":[0,0],"fillGradientRatios":[0,255],"borderColor":0,"lineSpacing":0,"fillColor":16738816,"type":"Text","fontSize":48,"fontColor":11760711,"name":"Description","width":600,"characterSpacing":0,"radiusTopLeft":0,"radiusTopRight":0,"height":60,"radiusBottomLeft":0,"radiusBottomRight":0,"fillBlending":"Normal","textVerticalAlign":"top","textAlign":"Center","x":300,"borderBlending":"Normal","borderOpacity":100,"y":220,"borderThickness":1,"scaleX":1,"fontOption":"Regular","scaleY":1,"fillOpacity":100,"rotation":0,"blending":"Normal","opacity":100,"borderPosition":"Inside","font":"Nanum Barun Pen"},{"fillGradientOpacities":[1,1],"fillGradientColors":[0,0],"fillGradientRatios":[0,255],"borderColor":0,"lineSpacing":0,"fillColor":11760711,"type":"Shape","fontSize":12,"fontColor":0,"name":"Rectangle","width":480,"characterSpacing":0,"radiusTopLeft":0,"radiusTopRight":0,"height":2,"radiusBottomLeft":0,"radiusBottomRight":0,"fillBlending":"Normal","textVerticalAlign":"top","textAlign":"Left","x":360,"borderBlending":"Normal","borderOpacity":0,"y":210,"borderThickness":1,"scaleX":1,"fontOption":"Regular","scaleY":1,"fillOpacity":100,"rotation":0,"blending":"Normal","opacity":100,"borderPosition":"Inside","font":"Noto Sans"}],"fillOpacity":100}],"name":"Tiny island"}