{"id":"1480432438491","version":"1.0.3","description":"","artboards":[{"x":0,"height":1440,"name":"Dawn city","y":0,"items":[{"fillGradientRatios":[0,255],"fillColor":0,"lineSpacing":0,"type":"Image","name":"4eda603d2365ea2fb60f40a0ee03b856.jpeg","characterSpacing":0,"fontColor":0,"fontSize":12,"radiusTopLeft":0,"radiusTopRight":0,"radiusBottomLeft":0,"radiusBottomRight":0,"width":2560,"height":1706,"borderColor":0,"fillGradientOpacities":[1,1],"fillGradientColors":[0,0],"borderBlending":"Normal","borderOpacity":0,"borderPosition":"Inside","x":0,"textVerticalAlign":"top","y":-83,"fontOption":"Regular","borderThickness":1,"scaleX":1,"scaleY":1,"rotation":0,"blending":"Normal","opacity":100,"textAlign":"Left","fillBlending":"Normal","font":"Noto Sans","fillOpacity":0},{"fillGradientRatios":[0,255],"fillColor":0,"lineSpacing":0,"type":"Shape","name":null,"characterSpacing":0,"fontColor":0,"fontSize":12,"radiusTopLeft":0,"radiusTopRight":0,"radiusBottomLeft":0,"radiusBottomRight":0,"width":1050,"height":240,"borderColor":0,"fillGradientOpacities":[1,1],"fillGradientColors":[0,0],"borderBlending":"Normal","borderOpacity":0,"borderPosition":"Inside","x":1480,"textVerticalAlign":"top","y":480,"fontOption":"Regular","borderThickness":1,"scaleX":1,"scaleY":1,"rotation":0,"blending":"Normal","opacity":100,"textAlign":"Left","fillBlending":"Normal","font":"Noto Sans","fillOpacity":80},{"fillGradientRatios":[0,255],"fillColor":16777215,"lineSpacing":0,"type":"Text","name":"Channel name","characterSpacing":0,"fontColor":16777215,"fontSize":120,"radiusTopLeft":0,"radiusTopRight":0,"radiusBottomLeft":0,"radiusBottomRight":0,"width":1000,"height":180,"borderColor":0,"fillGradientOpacities":[1,1],"fillGradientColors":[0,0],"borderBlending":"Normal","borderOpacity":100,"borderPosition":"Inside","x":1480,"textVerticalAlign":"top","y":520,"fontOption":"Regular","borderThickness":1,"scaleX":1,"scaleY":1,"rotation":0,"blending":"Normal","opacity":100,"textAlign":"Right","fillBlending":"Normal","font":"Alfa Slab One","fillOpacity":100},{"fillGradientRatios":[0,255],"fillColor":16738816,"lineSpacing":0,"type":"Text","name":"Channel description","characterSpacing":0,"fontColor":16738816,"fontSize":64,"radiusTopLeft":0,"radiusTopRight":0,"radiusBottomLeft":0,"radiusBottomRight":0,"width":1000,"height":100,"borderColor":0,"fillGradientOpacities":[1,1],"fillGradientColors":[0,0],"borderBlending":"Normal","borderOpacity":100,"borderPosition":"Inside","x":1480,"textVerticalAlign":"top","y":740,"fontOption":"Bold","borderThickness":1,"scaleX":1,"scaleY":1,"rotation":0,"blending":"Normal","opacity":100,"textAlign":"Right","fillBlending":"Normal","font":"Noto Sans","fillOpacity":100}],"fillColor":0,"width":2560,"fillOpacity":100}],"name":"Dawn city","workspace":true}