{"id":"1480345538267","version":"1.0.3","workspace":true,"artboards":[{"x":0,"height":1080,"width":1080,"y":0,"fillColor":0,"items":[{"characterSpacing":0,"type":"Image","name":"xES8XBi-RJw.jpg","fontColor":0,"radiusTopLeft":0,"radiusTopRight":0,"fontSize":12,"radiusBottomLeft":0,"radiusBottomRight":0,"width":1620,"height":1080,"fillGradientOpacities":[1,1],"fillColor":0,"lineSpacing":0,"fillGradientColors":[0,0],"fillGradientRatios":[0,255],"borderColor":16777215,"borderOpacity":0,"fontOption":"Regular","borderThickness":1,"borderPosition":"Inside","textVerticalAlign":"top","x":-270,"y":0,"scaleX":1,"scaleY":1,"rotation":0,"fillOpacity":0,"blending":"Normal","opacity":100,"fillBlending":"Normal","textAlign":"Left","font":"Noto Sans","borderBlending":"Normal"},{"characterSpacing":0,"type":"Shape","name":"Rectangle","fontColor":0,"radiusTopLeft":0,"radiusTopRight":0,"fontSize":12,"radiusBottomLeft":0,"radiusBottomRight":0,"width":1080,"height":320,"fillGradientOpacities":[1,1],"fillColor":0,"lineSpacing":0,"fillGradientColors":[0,0],"fillGradientRatios":[0,255],"borderColor":0,"borderOpacity":0,"fontOption":"Regular","borderThickness":1,"borderPosition":"Inside","textVerticalAlign":"top","x":0,"y":760,"scaleX":1,"scaleY":1,"rotation":0,"fillOpacity":100,"blending":"Overlay","opacity":50,"fillBlending":"Normal","textAlign":"Left","font":"Noto Sans","borderBlending":"Normal"},{"characterSpacing":0,"type":"Text","name":"Title","fontColor":16772761,"radiusTopLeft":0,"radiusTopRight":0,"fontSize":120,"radiusBottomLeft":0,"radiusBottomRight":0,"width":960,"height":180,"fillGradientOpacities":[1,1],"fillColor":16777215,"lineSpacing":0,"fillGradientColors":[0,0],"fillGradientRatios":[0,255],"borderColor":0,"borderOpacity":100,"fontOption":"Bold","borderThickness":1,"borderPosition":"Inside","textVerticalAlign":"top","x":60,"y":790,"scaleX":1,"scaleY":1,"rotation":0,"fillOpacity":100,"blending":"Normal","opacity":100,"fillBlending":"Normal","textAlign":"Left","font":"Bitter","borderBlending":"Normal"},{"characterSpacing":0,"type":"Text","name":"Description","fontColor":15101207,"radiusTopLeft":0,"radiusTopRight":0,"fontSize":68,"radiusBottomLeft":0,"radiusBottomRight":0,"width":960,"height":120,"fillGradientOpacities":[1,1],"fillColor":16777215,"lineSpacing":0,"fillGradientColors":[0,0],"fillGradientRatios":[0,255],"borderColor":0,"borderOpacity":100,"fontOption":"Regular","borderThickness":1,"borderPosition":"Inside","textVerticalAlign":"top","x":60,"y":950,"scaleX":1,"scaleY":1,"rotation":0,"fillOpacity":100,"blending":"Normal","opacity":100,"fillBlending":"Normal","textAlign":"Left","font":"Bitter","borderBlending":"Normal"}],"name":"Sunset city","fillOpacity":100}],"description":"","name":"Sunset city"}