{"id":"1480550949825","version":"1.0.3","artboards":[{"fillColor":0,"x":0,"y":0,"items":[{"lineSpacing":0,"characterSpacing":0,"type":"Image","name":"_bT-oNYP5Wk.jpg","fontColor":0,"radiusTopLeft":0,"fontSize":12,"radiusTopRight":0,"radiusBottomLeft":0,"radiusBottomRight":0,"width":851,"height":639,"borderColor":5855577,"fillColor":0,"fillGradientOpacities":[1,1],"fillGradientColors":[0,0],"fillGradientRatios":[0,255],"borderBlending":"Normal","borderOpacity":0,"borderPosition":"Inside","fontOption":"Regular","textVerticalAlign":"top","x":0,"borderThickness":1,"y":-154,"scaleX":1,"scaleY":1,"rotation":0,"blending":"Normal","opacity":80,"fillBlending":"Normal","textAlign":"Left","fillOpacity":0,"font":"Noto Sans"},{"lineSpacing":0,"characterSpacing":0,"type":"Text","name":"Title","fontColor":0,"radiusTopLeft":0,"fontSize":48,"radiusTopRight":0,"radiusBottomLeft":0,"radiusBottomRight":0,"width":760,"height":60,"borderColor":0,"fillColor":16777215,"fillGradientOpacities":[1,1],"fillGradientColors":[0,0],"fillGradientRatios":[0,255],"borderBlending":"Normal","borderOpacity":100,"borderPosition":"Inside","fontOption":"Regular","textVerticalAlign":"top","x":45,"borderThickness":1,"y":90,"scaleX":1,"scaleY":1,"rotation":0,"blending":"Overlay","opacity":100,"fillBlending":"Normal","textAlign":"Right","fillOpacity":100,"font":"Alfa Slab One"},{"lineSpacing":0,"characterSpacing":0,"type":"Text","name":"Description","fontColor":0,"radiusTopLeft":0,"fontSize":32,"radiusTopRight":0,"radiusBottomLeft":0,"radiusBottomRight":0,"width":760,"height":48,"borderColor":0,"fillColor":16777215,"fillGradientOpacities":[1,1],"fillGradientColors":[0,0],"fillGradientRatios":[0,255],"borderBlending":"Normal","borderOpacity":100,"borderPosition":"Inside","fontOption":"Regular","textVerticalAlign":"top","x":45,"borderThickness":1,"y":150,"scaleX":1,"scaleY":1,"rotation":0,"blending":"Overlay","opacity":100,"fillBlending":"Normal","textAlign":"Right","fillOpacity":100,"font":"Noto Sans"}],"height":315,"name":"Rainy day","width":851,"fillOpacity":100}],"workspace":true,"description":"","name":"Rainy day"}