{"id":"1480345520968","version":"1.0.3","workspace":true,"artboards":[{"fillColor":0,"x":0,"width":1080,"y":0,"items":[{"lineSpacing":0,"type":"Image","characterSpacing":0,"name":"fa814558295fd1c7f158e24e7d4aa911.jpeg","fontColor":0,"radiusTopLeft":0,"fontSize":12,"radiusTopRight":0,"radiusBottomLeft":0,"radiusBottomRight":0,"width":2100,"height":1400,"borderColor":0,"fillColor":0,"fillGradientOpacities":[1,1],"fillGradientColors":[0,0],"fillGradientRatios":[0,255],"borderBlending":"Normal","borderOpacity":0,"borderPosition":"Inside","fontOption":"Regular","textVerticalAlign":"top","x":-440,"borderThickness":1,"y":-10,"scaleY":1,"scaleX":1,"rotation":0,"blending":"Normal","opacity":90,"fillBlending":"Overlay","textAlign":"Left","fillOpacity":0,"font":"Noto Sans"},{"lineSpacing":0,"type":"Text","characterSpacing":0,"name":"Title","fontColor":16777215,"radiusTopLeft":0,"fontSize":120,"radiusTopRight":0,"radiusBottomLeft":0,"radiusBottomRight":0,"width":900,"height":160,"borderColor":0,"fillColor":16777215,"fillGradientOpacities":[1,1],"fillGradientColors":[0,0],"fillGradientRatios":[0,255],"borderBlending":"Normal","borderOpacity":100,"borderPosition":"Inside","fontOption":"Bold Italic","textVerticalAlign":"top","x":90,"borderThickness":1,"y":40,"scaleY":1,"scaleX":1,"rotation":0,"blending":"Normal","opacity":100,"fillBlending":"Normal","textAlign":"Center","fillOpacity":100,"font":"Noticia Text"},{"lineSpacing":0,"type":"Shape","characterSpacing":0,"name":null,"fontColor":0,"radiusTopLeft":0,"fontSize":12,"radiusTopRight":0,"radiusBottomLeft":0,"radiusBottomRight":0,"width":900,"height":9,"borderColor":5855577,"fillColor":16777215,"fillGradientOpacities":[1,1],"fillGradientColors":[0,0],"fillGradientRatios":[0,255],"borderBlending":"Normal","borderOpacity":0,"borderPosition":"Inside","fontOption":"Regular","textVerticalAlign":"top","x":90,"borderThickness":1,"y":200,"scaleY":1,"scaleX":1,"rotation":0,"blending":"Normal","opacity":100,"fillBlending":"Normal","textAlign":"Left","fillOpacity":100,"font":"Noto Sans"},{"lineSpacing":0,"type":"Text","characterSpacing":0,"name":"Description","fontColor":16777215,"radiusTopLeft":0,"fontSize":64,"radiusTopRight":0,"radiusBottomLeft":0,"radiusBottomRight":0,"width":900,"height":80,"borderColor":0,"fillColor":16777215,"fillGradientOpacities":[1,1],"fillGradientColors":[0,0],"fillGradientRatios":[0,255],"borderBlending":"Normal","borderOpacity":100,"borderPosition":"Inside","fontOption":"Regular","textVerticalAlign":"top","x":90,"borderThickness":1,"y":210,"scaleY":1,"scaleX":1,"rotation":0,"blending":"Normal","opacity":100,"fillBlending":"Normal","textAlign":"Center","fillOpacity":100,"font":"Noticia Text"}],"height":1080,"name":"On the road","fillOpacity":100}],"description":"","name":"On the road"}