{
    "id": "1480460234592"
    , "version": "1.0.3"
    , "workspace": true
    , "description": ""
    , "name": "Flowers in hands"
    , "artboards": [{
        "items": [{
            "type": "Image"
            , "fontColor": 0
            , "name": "31c5d017968af1e9b84a5aab6baa7974.jpeg"
            , "fillColor": 16777215
            , "radiusTopRight": 0
            , "radiusBottomLeft": 0
            , "radiusBottomRight": 0
            , "characterSpacing": 0
            , "fontSize": 12
            , "lineSpacing": 0
            , "fillGradientOpacities": [1, 1]
            , "radiusTopLeft": 0
            , "fillGradientColors": [0, 0]
            , "fillGradientRatios": [0, 255]
            , "height": 1706
            , "width": 2560
            , "borderColor": 5855577
            , "textVerticalAlign": "Top"
            , "x": 0
            , "blending": "Normal"
            , "y": -133
            , "opacity": 50
            , "fillBlending": "Normal"
            , "scaleX": 1
            , "rotation": 0
            , "scaleY": 1
            , "fontOption": "Regular"
            , "fillOpacity": 0
            , "textAlign": "Left"
            , "borderOpacity": 0
            , "borderBlending": "Normal"
            , "borderThickness": 1
            , "font": "Noto Sans"
            , "borderPosition": "Inside"
        }, {
            "type": "Shape"
            , "fontColor": 0
            , "name": "Rectangle"
            , "fillColor": 0
            , "radiusTopRight": 0
            , "radiusBottomLeft": 0
            , "radiusBottomRight": 0
            , "characterSpacing": 0
            , "fontSize": 12
            , "lineSpacing": 0
            , "fillGradientOpacities": [1, 1]
            , "radiusTopLeft": 0
            , "fillGradientColors": [0, 0]
            , "fillGradientRatios": [0, 255]
            , "height": 1440
            , "width": 2560
            , "borderColor": 16777215
            , "textVerticalAlign": "Top"
            , "x": 0
            , "blending": "Normal"
            , "y": 0
            , "opacity": 100
            , "fillBlending": "Normal"
            , "scaleX": 1
            , "rotation": 0
            , "scaleY": 1
            , "fontOption": "Regular"
            , "fillOpacity": 20
            , "textAlign": "Left"
            , "borderOpacity": 100
            , "borderBlending": "Normal"
            , "borderThickness": 20
            , "font": "Noto Sans"
            , "borderPosition": "Inside"
        }, {
            "type": "Text"
            , "fontColor": 16777215
            , "name": "Channel name"
            , "fillColor": 0
            , "radiusTopRight": 0
            , "radiusBottomLeft": 0
            , "radiusBottomRight": 0
            , "characterSpacing": 0
            , "fontSize": 140
            , "lineSpacing": 0.6
            , "fillGradientOpacities": [1, 1]
            , "radiusTopLeft": 0
            , "fillGradientColors": [0, 0]
            , "fillGradientRatios": [0, 255]
            , "height": 180
            , "width": 1200
            , "borderColor": 0
            , "textVerticalAlign": "Middle"
            , "x": 680
            , "blending": "Normal"
            , "y": 620
            , "opacity": 100
            , "fillBlending": "Normal"
            , "scaleX": 1
            , "rotation": 0
            , "scaleY": 1
            , "fontOption": "Regular"
            , "fillOpacity": 100
            , "textAlign": "Center"
            , "borderOpacity": 100
            , "borderBlending": "Normal"
            , "borderThickness": 1
            , "font": "Rock Salt"
            , "borderPosition": "Inside"
        }, {
            "type": "Text"
            , "fontColor": 14011647
            , "name": "Channel description"
            , "fillColor": 0
            , "radiusTopRight": 0
            , "radiusBottomLeft": 0
            , "radiusBottomRight": 0
            , "characterSpacing": 0
            , "fontSize": 72
            , "lineSpacing": 0
            , "fillGradientOpacities": [1, 1]
            , "radiusTopLeft": 0
            , "fillGradientColors": [0, 0]
            , "fillGradientRatios": [0, 255]
            , "height": 100
            , "width": 1200
            , "borderColor": 0
            , "textVerticalAlign": "Top"
            , "x": 680
            , "blending": "Normal"
            , "y": 800
            , "opacity": 100
            , "fillBlending": "Normal"
            , "scaleX": 1
            , "rotation": 0
            , "scaleY": 1
            , "fontOption": "Regular"
            , "fillOpacity": 100
            , "textAlign": "Center"
            , "borderOpacity": 100
            , "borderBlending": "Normal"
            , "borderThickness": 1
            , "font": "Permanent Marker"
            , "borderPosition": "Inside"
        }]
        , "name": "Flowers in hands"
        , "y": 0
        , "x": 0
        , "fillColor": 0
        , "height": 1440
        , "width": 2560
        , "fillOpacity": 100
    }]
}